order_id,customer_id,order_date,status,shipping_address,shipping_city,shipping_state,shipping_zip,total_amount
1,1,2025-01-31,cancelled,51742 Keith Greens,East Robert,CT,70437,347.32
2,1,2025-09-30,cancelled,34686 Grace Forge,South Alexanderside,MO,59306,3235.54
3,3,2025-08-09,shipped,20095 Peter Unions,Griffithland,OK,47738,60.08
4,3,2025-01-28,delivered,900 Marshall Rapids Suite 001,Sanchezmouth,AS,74305,2214.14
5,3,2024-11-17,pending,3971 Karen Bypass,Jacksonland,CT,27265,5773.31
6,3,2025-06-10,pending,087 Diana Park Apt. 210,Leslieview,WA,53914,1427.89
7,3,2025-09-16,shipped,1928 Thomas Avenue,Scottbury,MT,07551,5610.14
8,3,2025-01-08,shipped,4225 Christopher Locks,East Matthewborough,PW,77533,3855.69
9,3,2025-02-25,processing,09447 Ware Lane,East Emilychester,SD,82487,1019.3
10,3,2025-03-30,pending,32761 Morrison Hills Apt. 245,Breannastad,DE,50605,3932.46
11,3,2024-11-27,processing,19158 George Meadows,Holderport,VA,80015,2395.66
12,4,2025-09-20,pending,7868 Martinez Mountain Suite 008,Larryview,AK,67501,1528.16
13,4,2025-08-30,pending,8191 Travis River,North Samuel,AZ,07100,196.26
14,4,2025-04-18,delivered,9235 Joshua Grove,Nelsonton,NY,21173,3882.64
15,4,2024-12-28,pending,865 Reynolds Drive,East Cameronburgh,ID,97950,60.08
16,4,2025-08-22,cancelled,205 Smith Fords Apt. 000,New Aprilbury,WY,38733,2754.52
17,4,2025-08-28,processing,3919 Aaron Pike Apt. 141,Yatestown,OR,12604,2288.61
18,4,2025-04-11,processing,27379 Singh River,South Alanmouth,ME,71715,1208.06
19,4,2025-10-06,delivered,674 Sanchez Causeway,New Lisashire,NY,36851,794.16
20,4,2025-08-05,cancelled,61137 Sarah Pike,West Christopherside,SD,48916,4964.82
21,5,2025-08-09,shipped,8294 Teresa Field Suite 015,West Kathryn,KY,54617,2463.8
22,5,2025-04-21,cancelled,5699 Campbell Squares,Michellechester,NV,19935,299.34
23,6,2025-08-18,delivered,08240 Jasmine Plains,Lake Williamberg,SD,29663,1762.12
24,6,2025-05-31,processing,402 Taylor Pines Suite 817,Haleyberg,NH,30306,1783.11
25,6,2025-09-15,cancelled,364 Stephanie Forges Suite 700,Christopherville,WI,73903,1819.52
26,6,2025-01-06,processing,81612 Reed Brook Suite 610,South Carolynbury,AR,35169,2759.79
27,6,2025-04-27,shipped,01283 Stephen Burgs Apt. 232,Jonesland,DC,04349,1805.71
28,6,2025-07-25,delivered,507 Graham Islands Apt. 446,West Dianaberg,NV,55415,1140.99
29,6,2025-02-05,shipped,0191 Young Lakes Suite 347,West Jimmy,OH,55794,2763.56
30,6,2024-12-15,delivered,8225 Kara Crossroad Suite 267,New Philipchester,VT,51281,3442.05
31,6,2025-11-11,cancelled,622 Terrell Road Suite 687,Kristyport,NJ,61722,2674.43
32,7,2025-10-01,pending,290 Michael Camp,Proctorville,AS,67381,934.4
33,7,2025-03-10,processing,2235 Cain Inlet Apt. 466,North Edward,MA,84019,3667.59
34,7,2025-04-30,processing,525 Andrews Extensions Apt. 644,Port Davidfort,WI,26134,2950.48
35,7,2025-06-13,pending,273 Mercedes Meadow,West Jeremiah,TX,77408,172.17
36,7,2025-09-15,shipped,821 Willis Manor Apt. 664,West Melanieville,AZ,24322,598.68
37,7,2024-12-18,pending,4341 John Burgs,Lake Richardport,RI,98015,2018.16
38,7,2025-06-06,cancelled,37218 Brown Centers Apt. 203,New Seanshire,RI,79719,1925.07
39,8,2025-11-02,processing,14003 Ellison Mountains,East Danielfort,WA,13464,2876.57
40,8,2025-06-30,cancelled,860 Nicole Throughway Suite 259,Lake Williamville,OR,85437,6232.32
41,8,2025-03-03,processing,550 Chase Mill Suite 358,Lake David,NJ,22320,2207.34
42,8,2025-06-17,pending,072 George Centers Apt. 716,South Anthonyhaven,DE,81184,1216.47
43,8,2025-05-14,pending,39964 Henry Crest,South Matthew,IN,05785,3504.37
44,8,2025-05-05,pending,102 Payne Spring Suite 578,North Geoffreyview,TN,38926,2913.73
45,8,2025-01-27,processing,62216 Kristina Lights,Arnoldmouth,KS,52721,1253.37
46,8,2025-07-29,pending,67516 John Vista Suite 215,Lake Darrellchester,MH,39585,2360.1
47,10,2025-09-28,pending,1070 James Cape,Patriciaburgh,LA,28272,2809.04
48,10,2025-08-12,cancelled,839 Keith Walk,Wesleybury,AK,01840,380.33
49,10,2025-03-10,processing,691 Leslie Forks,East Craigland,MS,62926,2270.76
50,10,2025-08-19,shipped,864 Marquez Gardens Apt. 953,Andrealand,AL,43211,1757.68
51,10,2024-11-19,delivered,7642 Wagner Valley,Foleyville,MD,62427,954.77
52,11,2025-02-16,cancelled,1281 Velez Isle Apt. 239,Kathyfort,NY,13406,3770.58
53,11,2025-03-25,processing,2609 Martin Street Suite 024,Ryanstad,WI,37225,1983.51
54,11,2025-04-26,cancelled,2051 Garcia Mount Apt. 087,West Patrickview,WV,86004,3999.23
55,12,2025-05-18,delivered,0317 Parker Forks,Port Jacobmouth,LA,10055,1696.19
56,12,2025-10-05,processing,572 Williams Port Apt. 546,Zavalamouth,HI,73246,3959.74
57,12,2025-06-01,delivered,76642 Sean Lane Apt. 271,West Jared,OH,53046,1095.04
58,12,2025-05-16,delivered,259 Jeffery Pines Suite 879,South Paulatown,AS,35005,353.89
59,12,2025-06-01,processing,320 Deleon Tunnel Apt. 405,Lake Aliciaberg,NJ,26717,2106.15
60,12,2025-06-25,pending,159 Patterson Glens Apt. 535,Colefort,NY,78538,1294.96
61,12,2025-10-21,pending,5542 Jefferson Radial Apt. 384,Port Henry,IL,53249,2123.74
62,12,2025-08-31,delivered,3202 Sherry Drive,Garcialand,MP,61421,2870.35
63,12,2025-10-01,shipped,769 Tanya Coves Suite 204,New Nicole,MN,15445,5441.92
64,13,2025-03-05,delivered,698 Antonio Extensions Apt. 690,New Melissa,HI,25035,4548.26
65,13,2024-11-24,delivered,698 Cody Grove,Lake Raymond,NM,10650,585.94
66,13,2024-12-06,pending,017 Stephenson Trace Apt. 316,South Paige,AZ,45384,4409.12
67,13,2025-08-06,pending,49332 Conley Falls,Sabrinafurt,OK,29844,2966.94
68,13,2025-10-10,pending,2947 Werner Point,New Jeffreyshire,AZ,97682,1578.04
69,13,2025-04-16,delivered,0259 Rodriguez Rapids Apt. 932,Haynesfort,HI,71400,6250.81
70,14,2025-10-13,pending,91635 Kenneth Trail,Brownchester,VT,55522,243.05
71,14,2025-05-07,processing,527 Angela Hollow Suite 397,Cindyshire,MN,03567,1275.58
72,14,2025-05-07,processing,864 Robert Park,Karentown,GA,06346,1323.51
73,14,2025-06-12,processing,192 Gabriel Trail,West Kimberlyport,FM,31721,874.35
74,14,2025-07-11,cancelled,4890 Glenn Estate,Susanbury,IL,23217,1101.57
75,15,2024-11-15,processing,51025 Cooper Circle,New Nicolebury,MA,37683,2785.21
76,15,2025-03-20,delivered,69888 Neal Fords,Port Kimberly,ID,21761,3031.61
77,15,2025-03-07,processing,2962 Lisa Burg,Anneside,SD,30711,2112.73
78,15,2024-12-30,shipped,4129 Sean Isle,Edwardsberg,AR,15954,2494.58
79,15,2025-01-07,delivered,6317 Parker Landing,Ernesttown,MS,24389,3173.3
80,15,2025-07-02,processing,193 Peterson Underpass Apt. 922,Griffinbury,CT,63627,2418.54
81,15,2025-04-06,pending,626 Wells Drive,Kingville,MH,19095,2160.46
82,16,2025-08-12,cancelled,617 Anthony Ports,Lake Judy,ND,35704,4319.89
83,16,2025-03-15,pending,0321 Michael Forks,Michaelmouth,CT,36009,992.42
84,16,2025-02-02,pending,91430 Washington Ramp,Littleview,NH,79860,2979.79
85,16,2025-01-01,cancelled,422 Walter Freeway Suite 581,Lake Sara,AL,40151,3065.51
86,16,2025-09-08,pending,0676 Suzanne Freeway Apt. 998,Gomezstad,VI,81439,857.49
87,16,2024-12-05,pending,7846 Brown Pike,Danastad,WA,69614,1397.32
88,16,2025-06-06,processing,825 Page Neck,South Kristina,AK,97449,2602.51
89,17,2025-05-29,delivered,7292 Torres Forge Suite 519,Jacksonburgh,HI,24561,4022.13
90,17,2025-10-16,delivered,18256 Katherine Hills Suite 286,New Kathleen,FM,24130,203.86
91,18,2025-07-21,processing,22341 Hudson Extensions,Port Alexanderchester,MO,22814,5163.31
92,18,2025-10-01,delivered,26604 Clayton Center Suite 632,South Maryton,AK,94502,617.77
93,18,2025-02-10,pending,19335 Amber Fall,East Kenneth,NH,12775,3674.62
94,18,2024-12-16,processing,0060 Steven Shoals,West Ricardofurt,DE,90296,7571.62
95,18,2025-08-30,delivered,76264 Jeanne Station Suite 009,Jeremyburgh,ID,36070,3066.1
96,18,2025-04-26,pending,6231 Tonya Flat,Wilsonview,LA,93896,232.32
97,18,2024-12-19,delivered,2316 Hill Viaduct Suite 137,South Terry,MH,51404,1908.25
98,19,2025-06-04,delivered,6063 Munoz Falls Apt. 461,Murphymouth,CT,67557,5128.05
99,19,2025-06-14,shipped,17999 Gerald Square Apt. 024,South Kyle,WI,35539,611.58
100,19,2024-12-13,delivered,34565 Walter Loaf Suite 790,West Morgan,WI,70764,436.38
101,19,2025-04-05,cancelled,2689 Juan Mountain,East Zachary,VA,93050,1159.41
102,20,2025-02-24,delivered,009 Perez Well,Conniemouth,NJ,97745,2409.04
103,20,2025-02-25,processing,64359 Mary Bypass,South Amanda,KS,88576,3788.44
104,20,2025-04-27,processing,7614 Stanley Pike,Joshuamouth,AR,52429,1877.12
105,20,2025-08-22,shipped,87564 Sweeney Curve Suite 368,West Donnaland,NC,49360,3567.96
106,20,2025-09-26,processing,27729 Alex Path,Matthewmouth,SD,74176,259.67
107,20,2025-04-11,pending,3566 Matthew Camp,Lake John,KY,56181,5153.77
108,20,2025-06-30,cancelled,06773 Lisa Mountains,New Sarahburgh,WA,24540,120.44
109,20,2025-04-25,cancelled,9419 Kellie Mission Suite 538,Ericaton,MS,62200,2400.33
110,20,2025-08-31,pending,634 Heather Square,Archertown,WA,41777,2563.57
111,20,2025-09-19,shipped,49221 Brown Rue Suite 186,Johnsonfurt,IL,24987,2408.77
112,23,2025-10-04,delivered,62907 Sherry Prairie,Port Mary,MP,81203,3180.87
113,23,2024-12-14,cancelled,1826 Church Trafficway,Port Linda,NH,12354,3683.02
114,23,2025-05-09,cancelled,649 Jackson Radial,Ericborough,VT,91655,4962.17
115,23,2025-06-30,processing,35490 Justin Trail,Colefurt,PA,24045,1616.6
116,23,2024-12-07,pending,730 Green Rest Apt. 438,Donnabury,AS,07618,2085.57
117,23,2025-08-10,cancelled,178 Robert Parkway,South Cynthiaview,TN,29571,2926.88
118,23,2025-08-03,pending,8901 Santos Glen,Port Destiny,CO,43567,1483.56
119,23,2024-11-13,processing,0170 Robert Hills,South Nicholeborough,AK,67764,3694.2
120,23,2025-07-15,pending,172 Hernandez Expressway,Pierceport,MP,39710,5112.61
121,24,2025-10-06,pending,07288 Bean Ferry Suite 411,Fernandezchester,OR,90340,2815.73
122,24,2024-12-26,processing,27662 Angela Pines Apt. 039,South Brianburgh,MT,26010,127.46
123,24,2025-08-01,delivered,4359 Mccoy Ferry Suite 587,North Gregoryport,AS,87260,1018.11
124,24,2025-11-09,pending,2536 Brenda Drives,South Michael,AL,24439,1982.42
125,24,2025-06-15,cancelled,760 Chelsea Run Suite 024,South Lucas,PR,90902,861.24
126,24,2025-03-12,processing,5364 Holly Via,Clarkeview,TX,02633,5835.41
127,24,2025-02-15,cancelled,488 David Well Suite 738,Joshuafurt,MT,20459,2644.52
128,24,2025-01-28,cancelled,60667 Campbell Cliffs,West Bonnie,OK,64018,2097.82
129,24,2025-11-01,pending,04298 Lopez Loop,North Patrick,MO,10026,3080.56
130,25,2025-05-08,pending,35699 Brianna Street Apt. 358,Grimesfurt,OH,67972,2797.56
131,25,2025-05-12,delivered,9256 Kevin Gateway Suite 820,Paulabury,CT,43410,2395.15
132,25,2025-01-29,cancelled,122 Smith Avenue,West Kennethmouth,MO,19741,3459.96
133,25,2025-10-05,cancelled,3049 Jeff Crest,East Zacharyshire,NM,42627,2193.44
134,25,2025-01-11,cancelled,09986 Wall Lights Suite 224,West Christineberg,AR,68473,511.89
135,25,2025-01-22,shipped,3097 Patterson Union,New Sherryside,MH,81823,4490.8
136,25,2025-04-17,shipped,805 Ferguson Avenue,South Donnabury,SC,00865,2417.7
137,25,2025-05-06,processing,1869 Spence Drives Suite 043,Travisville,VT,21913,5495.47
138,25,2025-03-16,shipped,37956 Alexander Parks,Simpsonburgh,CA,65555,2442.96
139,26,2025-03-28,shipped,61920 Heather Village,New Jamesfort,ID,28021,2227.16
140,26,2025-05-10,delivered,42444 Mitchell Rest,Port Josephchester,AK,58687,1867.8
141,26,2025-08-31,processing,35107 Morris Tunnel Apt. 708,Christopherbury,TN,22319,24.6
142,27,2025-10-14,shipped,45634 Cassidy Cliffs Suite 805,Amyland,VA,97049,3196.68
143,27,2025-09-22,delivered,7449 Caldwell Gateway,South Brandonfort,GU,62471,1469.08
144,27,2024-11-14,shipped,0930 Flores Inlet,New Joshuatown,WV,33091,1295.34
145,27,2025-07-05,pending,18039 Long Estates,East Willieside,OH,52843,2464.36
146,27,2025-08-05,pending,078 Edward Islands Apt. 951,Campbellchester,VT,79185,6032.4
147,27,2025-02-01,delivered,356 James Field,Evanstown,NY,66984,2873.37
148,27,2025-10-28,cancelled,7089 Riddle Canyon,North Tiffany,VT,15899,2257.88
149,27,2025-07-03,cancelled,431 James Walks,Port Peter,CT,13116,3502.63
150,27,2025-03-23,pending,580 Martin Locks Apt. 211,Johnsonmouth,AS,90120,870.23
151,27,2025-08-01,pending,05397 Thomas Groves,Jenniferport,NJ,95712,968.93
152,28,2025-08-11,processing,231 Christensen Highway,Reeseshire,MA,96078,120.16
153,28,2025-02-15,cancelled,7662 White Islands Suite 053,East Kaitlynland,WA,70574,2630.62
154,28,2025-03-09,shipped,57870 Rebecca Path,Williamston,MO,31500,2127.62
155,28,2024-11-29,processing,3605 David Pines Apt. 640,North Micheleshire,AZ,78143,1473.2
156,28,2024-12-28,shipped,30252 Charlene Junction,Lake James,NH,99719,4024.03
157,28,2025-04-06,pending,953 Autumn Views Apt. 600,Williamsmouth,MI,65119,2157.07
158,28,2025-11-10,processing,544 Bradley Heights Suite 453,North Angelaside,DE,94658,4050.96
159,28,2025-06-13,shipped,5834 Gill Locks Suite 229,Edwardfort,RI,65387,5952.04
160,29,2024-12-03,processing,660 Tara Lodge Apt. 624,Johnsontown,LA,59340,3192.67
161,29,2025-10-14,delivered,6023 Marsh Circles,Williamtown,CA,49582,1159.38
162,29,2025-01-29,cancelled,73167 Leslie Center,Alishashire,AR,49445,1946.28
163,29,2025-01-02,shipped,4133 Parker Port,Brianfurt,KS,96435,1038.68
164,30,2025-08-29,cancelled,15790 Sharp Crossing Apt. 898,Grahamport,PR,94676,3513.54
165,30,2025-04-19,pending,5618 James Islands,Bakerside,NH,52403,4032.88
166,30,2025-06-13,cancelled,7023 Abbott Unions,New Josephtown,AS,84700,3441.82
167,30,2024-12-21,shipped,09567 Jay Vista,Lake Jasmine,UT,63292,4026.69
168,30,2025-02-03,pending,96440 Misty Dale,Johnburgh,GU,52246,2676.47
169,30,2025-11-11,processing,9924 Scott Freeway Apt. 385,North Derrick,TX,24403,2448.37
170,30,2024-11-21,shipped,0169 Jeremy Union,New Joshua,DC,28343,4449.53
171,30,2025-03-08,pending,199 Pamela Branch Suite 551,Meganmouth,DC,51488,1994.76
172,30,2024-12-05,pending,6999 James Forges Apt. 006,Traciborough,TX,20781,3390.6
173,31,2025-01-23,processing,227 Mcdonald Forge Apt. 168,South Richardport,VA,63172,8957.04
174,31,2024-11-23,shipped,38503 Salinas Isle Suite 298,Derekport,CO,95911,4360.12
175,31,2025-09-29,shipped,740 Rachael Groves,Lake Deborahchester,NJ,99933,1822.32
176,31,2025-04-04,cancelled,7625 Meagan Meadows,North Megan,IA,93114,2508.09
177,31,2025-04-19,processing,564 Daniel Haven,Adamsfort,SD,77335,6781.53
178,31,2025-02-02,shipped,399 Goodman Villages,Meganland,KS,78979,5747.46
179,31,2025-11-02,processing,99550 Harper Union Apt. 266,Jayberg,WA,29655,240.88
180,31,2025-06-30,shipped,1212 Donna Cove Suite 948,Jeremytown,AL,92225,1356.21
181,32,2024-12-11,delivered,762 Renee Viaduct,Sheilaport,HI,83990,1040.01
182,32,2025-01-14,shipped,7871 Regina Crossroad Apt. 788,Brownside,PR,38528,3304.7
183,32,2024-12-09,pending,061 Heidi Glens Suite 647,Petermouth,NY,56649,3628.49
184,32,2025-08-06,pending,496 Nicole Plains Apt. 097,East Randall,DE,07145,3571.81
185,32,2025-10-04,delivered,261 Morales Avenue,South Marcusmouth,VA,59433,4176.85
186,32,2025-08-05,shipped,5786 Murphy Trace Suite 751,West Thomas,KY,01250,2246.61
187,32,2024-11-15,pending,8758 Stokes Walks,West Felicia,MI,09845,97.22
188,32,2025-04-23,pending,4512 Patricia Wall Suite 418,Fitzpatricktown,FL,26940,5758.3
189,33,2025-01-30,processing,608 Mary View Suite 017,East Rickyton,FM,82055,2329.3
190,33,2025-03-08,shipped,38602 Laura Isle Apt. 898,North Tonya,WI,36936,2510.76
191,33,2025-08-29,processing,49096 Madison Mountains,Parrishshire,FM,64330,4550.14
192,33,2025-01-04,delivered,2841 Michael Ridge Suite 804,Robinmouth,IL,46892,2591.35
193,33,2025-09-01,cancelled,748 Ashley Parks Apt. 940,Breannaside,AZ,18897,2017.33
194,34,2025-07-26,cancelled,29442 Laurie Course Suite 892,Abigailtown,NH,25563,2595.59
195,34,2025-10-06,pending,03197 Ruiz Place Suite 759,Stephanieville,TN,40971,4638.69
196,34,2024-12-08,pending,482 Adam Pike Apt. 958,Hortonview,CT,75284,3404.92
197,34,2025-04-25,pending,32605 Moran Throughway,Gabrielchester,MP,63489,2043.52
198,34,2025-03-06,processing,73066 Megan Forest,West Christopherhaven,MH,12340,939.96
199,34,2025-05-14,cancelled,2655 Perry Plaza,South Sarahbury,DC,60816,1985.5
200,36,2025-08-21,cancelled,71798 Tina Extension,South Erin,OK,07921,3411.7
201,36,2024-11-26,cancelled,4870 Patrick Mission Suite 417,Crawfordmouth,ID,78272,815.56
202,36,2025-06-04,processing,890 Curry Mountain,West Brandymouth,NM,79475,3484.67
203,36,2024-12-05,delivered,8962 Serrano Fords Suite 887,Harristown,VI,20889,139.06
204,36,2024-11-19,processing,1239 Maldonado Falls Apt. 905,New Natalieside,CT,20776,2022.35
205,38,2025-11-08,shipped,182 Deborah Overpass Apt. 669,Port Davidmouth,OR,17796,963.42
206,38,2025-02-06,pending,98268 Jeffrey Squares Suite 497,East Jenniferton,MT,64835,2532.57
207,38,2025-03-20,shipped,968 Wendy Field Suite 570,Ramosville,WI,22889,1661.58
208,38,2025-10-05,processing,55505 Lowe Bypass,Davidland,NC,63211,2135.18
209,39,2025-07-10,processing,444 Larry Pass,North Teresa,ME,08875,1616.6
210,39,2025-03-12,pending,12350 Richard Mills Apt. 568,Lake Benjaminmouth,FM,59527,2759.8
211,39,2025-07-10,shipped,023 Brock Road Suite 568,Josefort,OK,38963,1419.33
212,39,2024-11-22,cancelled,6401 Robinson Dale,Timothyfort,NY,87258,782.46
213,39,2025-02-01,delivered,9757 Carolyn Squares,Lake Scott,CT,67222,3186.05
214,39,2025-04-14,cancelled,029 Mark Land,Dawnbury,IN,23445,3321.77
215,39,2025-03-09,processing,5185 Medina Prairie,Roblestown,NH,27672,3475.55
216,39,2025-03-09,processing,7462 Michael Roads Suite 841,Adamsville,NE,08842,4986.81
217,39,2025-05-03,processing,0221 Richard Plaza,Lake Maryport,MH,13461,1334.69
218,39,2025-02-09,processing,7609 Roth Ford Suite 740,New Lisa,VI,16934,2795.67
219,40,2025-06-09,pending,3302 Nixon Roads Suite 099,Mannburgh,DE,73616,2565.6
220,40,2025-10-24,processing,6771 Fritz Loop,Cisnerostown,DC,41585,596.85
221,40,2025-08-29,shipped,42022 Erin Forges Suite 998,North Rachelborough,VA,57873,695.3
222,40,2025-04-26,delivered,7590 Thomas Mission,West Edwardport,KY,53402,4962.79
223,40,2024-12-29,processing,0923 Kimberly Keys Apt. 746,Ryanport,DC,49901,1173.11
224,40,2025-09-24,shipped,86372 Robinson Port,Jillfurt,MH,80761,3651.26
225,41,2025-07-17,pending,9227 Bennett Greens Apt. 490,East Saraside,MD,00826,2294.05
226,41,2025-01-21,delivered,1344 Golden Locks Suite 228,New Aaron,NJ,99464,3431.53
227,43,2025-02-14,processing,45461 Parks Highway,East Michael,DE,34673,1882.57
228,43,2025-08-10,processing,879 Lewis Dale Apt. 409,Justinmouth,NM,85780,1894.02
229,43,2025-05-01,delivered,83085 Brian Stream Suite 314,New Christopher,CO,09010,2196.8
230,43,2025-02-18,shipped,7862 Sierra Bridge,Lindseyland,OH,60283,2917.62
231,43,2024-12-20,shipped,685 Turner Isle,Combschester,SD,72317,2557.54
232,43,2025-07-24,processing,69331 Mcmahon Fall,North Richard,AR,24708,3762.79
233,43,2025-01-27,processing,86550 Sexton Dam,West Joyce,CT,38416,892.33
234,45,2025-09-15,processing,66701 Jones Island,North Cody,VI,53165,1573.55
235,45,2025-04-26,delivered,82222 Johnson Island,Port Tiffany,DC,24643,4643.86
236,45,2025-07-29,shipped,56201 Melissa Crescent,West Amanda,IL,29812,336.05
237,45,2025-06-24,shipped,32528 Moses Crescent,East John,PA,33814,2630.13
238,45,2025-03-23,pending,452 Kevin Parkway Suite 449,Pattersontown,HI,35065,4127.5
239,45,2025-06-27,shipped,3420 Wright Terrace Suite 734,Gregoryfort,MP,30916,4130.76
240,45,2025-03-31,shipped,52665 Hart Circles Suite 762,Kristinhaven,AR,81711,1909.25
241,45,2025-11-03,cancelled,4147 Robinson Lodge Suite 247,Sandrafurt,NE,94830,3652.75
242,45,2025-03-16,delivered,3896 Kathleen Trafficway,Julieberg,LA,27049,3626.75
243,45,2025-10-19,cancelled,9241 Wells Estate Suite 638,West Joseph,TN,38068,3455.44
244,46,2025-04-21,pending,639 Robert Courts Suite 824,Lawrencebury,RI,80247,4997.85
245,46,2025-09-01,pending,1538 Craig Tunnel,Lake Steven,AK,32593,1373.36
246,46,2024-11-21,shipped,72607 Kimberly Trail Apt. 148,Olsenside,MH,93769,964.71
247,46,2024-11-20,processing,4931 Tiffany Heights,Bowersshire,WI,39540,5100.51
248,46,2025-09-13,cancelled,2542 Paul Squares Suite 563,New Daniel,DC,98549,3516.25
249,47,2025-11-09,pending,36948 Victoria Creek Apt. 664,Davischester,NV,88612,878.84
250,47,2024-11-22,pending,833 Walker Creek Apt. 161,West Kristen,OK,04110,1876.71
251,47,2024-12-27,cancelled,399 Simon Bypass Apt. 333,Teresaborough,NJ,87779,1848.15
252,47,2025-04-24,delivered,348 Juan Views Suite 101,Snyderborough,AZ,10188,1721.95
253,48,2025-02-18,shipped,60499 Kelsey Causeway,Dianaburgh,MH,05567,2902.48
254,48,2025-01-10,delivered,1680 Nancy Rapids Apt. 342,Port Kaylaview,NY,97850,1731.55
255,48,2025-11-10,cancelled,8420 Luis Club Suite 079,South Maryshire,CT,27424,1810.62
256,48,2025-11-05,cancelled,15711 Wilson Wells Apt. 194,East Kevinmouth,TN,01065,3218.96
257,48,2025-01-14,pending,1128 Rosales Hills,Derrickfort,UT,10342,2695.71
258,49,2025-09-09,cancelled,7857 Phillips Meadow,New Charles,OH,10946,7113.53
259,49,2024-11-27,processing,9161 Jackson Row Apt. 154,North Jenniferland,PW,44477,4744.42
260,49,2025-02-05,shipped,69626 Richard Glen Suite 525,Port Diana,WA,41380,4318.27
261,49,2025-10-25,pending,25471 Silva Ranch,Abigailstad,NE,51675,5835.59
262,49,2025-07-05,delivered,993 Anthony Coves Suite 675,Clarkstad,WI,66674,972.21
263,49,2025-03-08,pending,71726 Anderson Shoal,Richardtown,KS,50672,4682.86
264,50,2025-10-18,cancelled,0014 Rodriguez Forges,Port Nicholaschester,VI,24098,179.4
265,50,2025-02-22,processing,871 Adam Route,Ortizton,TX,36145,2532.69
266,50,2025-09-21,shipped,2820 Russell Fields,North Michaelburgh,DC,30564,5039.84
267,50,2025-01-07,delivered,28240 Ruiz Way,New James,PA,77971,2687.5
268,50,2025-07-02,pending,04108 Chavez Unions Apt. 351,East Michaeltown,GU,41712,1897.65
269,50,2025-01-27,shipped,2289 Sandra Avenue Suite 415,Hawkinston,PA,61365,3630.23
270,50,2025-06-04,cancelled,28010 Garcia Heights,Johnland,RI,44137,1000.13
271,50,2025-10-17,shipped,144 Peters Union,Robertsberg,OH,05273,3736.71
272,51,2025-01-20,pending,889 Andrew Forges,Tylerside,SD,93610,1790.24
273,51,2024-11-22,shipped,8912 Jeffrey Shore,Kingbury,GU,94937,146.16
274,51,2025-04-18,cancelled,5855 Mueller Ramp,Heiditown,ND,36972,1288.6
275,51,2025-01-24,shipped,9690 Howard Drives,Smithland,VA,06854,2332.5
276,51,2025-04-12,delivered,7337 Watson Cape Apt. 652,Perrybury,MT,87517,5019.11
277,51,2025-06-18,shipped,9802 Robinson Brooks,Jamesfurt,RI,80950,1986.79
278,51,2025-01-14,delivered,4477 Marcus Wells Apt. 842,Lake Donald,KS,23321,1684.02
279,51,2025-02-03,shipped,004 Shawn Crossroad Suite 155,Port Raymond,CT,43443,1857.56
280,51,2025-06-08,cancelled,7490 Thompson Parks Suite 024,West Shannon,IA,28405,1419.91
281,51,2025-02-07,processing,594 White Forges,West Danielleberg,NC,51209,1597.04
282,52,2025-02-08,delivered,0296 White Spurs,South Ericfort,LA,21075,2700.04
283,52,2025-07-04,delivered,04167 Rebecca Knolls,New Gregory,MO,50629,2326.98
284,52,2025-07-05,processing,0632 Walton Forge,Port Jerryburgh,NY,06419,3579.4
285,53,2025-03-10,cancelled,22061 Daniel Garden Apt. 359,South Cassandra,CO,79629,2782.55
286,53,2024-12-06,shipped,02956 Nicholas Ferry,Nicholasview,UT,65018,132.24
287,53,2024-12-07,delivered,9407 Jeremy Heights Suite 323,South Debramouth,NH,70555,3855.53
288,53,2025-09-07,cancelled,5647 Massey Mills,Port Jodyport,WV,46735,873.17
289,53,2025-01-28,pending,77666 Brown Fall,Wongchester,CA,16887,2507.23
290,53,2024-11-23,shipped,157 Richard Cliffs,East Davidland,TX,15427,2244.86
291,53,2025-04-13,shipped,870 Soto Neck Suite 353,East James,NM,16636,4310.49
292,53,2025-06-10,processing,212 Cardenas Path Suite 856,South Christopher,LA,20453,4100.01
293,53,2025-07-06,delivered,00037 Mejia Gardens Apt. 313,West Samuel,PA,86838,5610.51
294,54,2025-07-14,cancelled,9327 Garcia Shoals Apt. 765,West Paulahaven,DC,05906,958.06
295,54,2024-12-19,shipped,0652 Long Ferry,Wallacebury,VI,48840,1876.34
296,54,2024-12-07,delivered,2455 Suzanne Gateway,Clementsstad,TX,51914,318.65
297,54,2025-03-14,delivered,764 Dixon Radial Suite 224,Jeanville,AK,40717,240.88
298,54,2025-04-19,delivered,0692 Murphy Place,Micheleberg,GU,88603,2232.15
299,54,2024-12-04,processing,76729 Jodi Squares Apt. 979,West Gail,KY,18652,3041.69
300,54,2024-12-11,cancelled,146 Santana Ferry,Port James,MH,65175,1213.41
301,54,2025-05-11,delivered,5797 Nathaniel Way,Helenton,NH,03676,3632.23
302,54,2025-01-31,processing,982 Kelly Point,Port John,NV,85056,5626.22
303,55,2025-08-23,pending,094 Brown Locks,Rossmouth,AL,52330,1629.97
304,55,2025-01-28,shipped,328 Gonzalez Creek Apt. 220,Lake Ericaport,NY,35683,2343.51
305,55,2025-01-01,cancelled,8333 Sweeney Spring Suite 082,Jimenezland,UT,27612,2077.26
306,55,2025-04-10,cancelled,4946 Andrew Land,Ramirezton,DE,25115,659.79
307,55,2025-01-08,shipped,519 Neil Views Apt. 115,Peterfort,MI,70047,4153.61
308,55,2025-08-17,pending,038 Justin Route,North Juanview,IA,08873,821.77
309,55,2025-03-28,processing,8513 Lee Roads Apt. 483,Collinsmouth,MI,66782,277.48
310,55,2024-12-02,shipped,90168 James Mission,South Marymouth,OH,34876,3571.24
311,55,2024-11-27,processing,027 Richard Rest,South Jacqueline,NE,12744,2401.54
312,55,2024-12-24,processing,668 Rodriguez Port Suite 675,Lake James,MT,09108,1849.71
313,56,2025-05-17,pending,505 Nicholas Glens,Dawnland,OR,46084,982.62
314,56,2025-04-25,pending,2853 Crane Gateway Apt. 426,Hopkinsville,NH,92303,698.47
315,57,2025-05-19,delivered,015 Hickman Meadow Suite 930,North Edward,NY,45192,1625.68
316,57,2025-01-31,cancelled,2766 Jonathan Cliff,Lisaton,GA,42435,4671.35
317,57,2024-12-31,pending,6130 Meyers Avenue Suite 207,New Michelle,PR,22379,450.64
318,58,2025-05-19,delivered,7118 Taylor Crossroad Suite 863,Port Carrietown,NV,11372,1511.72
319,58,2025-01-08,cancelled,24234 Burns Springs,West Joannefort,PR,91168,1688.65
320,58,2025-07-28,processing,1961 Rodriguez Lakes Suite 566,Russellton,PA,80376,785.04
321,58,2025-08-20,delivered,334 Smith Ridges Suite 224,Lake Noah,VT,48280,5176.44
322,58,2025-01-28,delivered,322 Bethany Trace Suite 390,Smithport,NJ,88550,3173.85
323,58,2025-02-15,delivered,15791 Rebecca Isle Apt. 101,Fletcherberg,MT,01669,1416.09
324,58,2024-11-24,processing,65893 Kirk Junction,Boyerborough,IN,42266,3100.81
325,59,2025-03-05,pending,7192 Justin Lodge,Hudsonview,MS,32281,929.6
326,59,2025-10-27,pending,643 Andrew Fords Apt. 726,Diazhaven,FL,41182,4154.82
327,60,2025-04-14,processing,9272 Smith Valleys Apt. 208,Beckland,ME,87865,808.94
328,60,2025-08-29,processing,51908 Ramirez View Apt. 716,Lake Brian,SD,91736,4577.04
329,60,2025-08-21,cancelled,56369 Lisa Corners,North Jennifershire,AR,69487,2459.33
330,60,2025-09-27,delivered,87810 Nash Place,East Alisonbury,MA,92122,5190.4
331,60,2025-03-01,pending,8929 Christy Forks,West Jasminmouth,MT,56166,3601.5
332,60,2024-12-17,cancelled,6280 Donald Dam,Meyerstad,PR,75484,1992.4
333,61,2025-03-10,pending,470 Pruitt Forges Apt. 105,Lake Kimberly,IA,01597,1302.8
334,61,2025-10-13,delivered,3979 Irwin Court Apt. 426,South Yolanda,VA,47159,1723.36
335,61,2025-07-22,processing,167 Mendoza Way,New Tylerfurt,VI,16919,2021.5
336,62,2025-07-26,cancelled,3688 Johnson Stream,Kochburgh,NH,53128,2784.54
337,62,2025-01-18,cancelled,66678 Ashley Spurs,South Dawn,CO,52297,2421.62
338,62,2025-09-26,cancelled,28989 Steven Prairie Apt. 598,East Marcusfort,NJ,61430,1861.94
339,62,2025-01-11,shipped,9764 Ana Field Suite 805,North Samanthaport,DE,58279,3548.93
340,62,2024-12-25,delivered,7893 Stephanie Dam Suite 651,Millerville,MP,40919,746.72
341,62,2025-06-05,cancelled,05009 Jose Ranch Apt. 878,Baileymouth,AR,82612,2552.8
342,62,2025-02-11,cancelled,93011 Matthew Bridge,Lake Williamton,NM,36576,1856.93
343,63,2025-01-18,cancelled,9522 Jeremy Field,Jacobsville,SC,74005,2208.98
344,63,2024-11-19,delivered,00730 Lisa Turnpike Apt. 662,Jacquelineshire,NV,48143,7557.71
345,63,2025-02-13,processing,405 Henson Spurs Apt. 446,Rachelfort,KS,07015,3404.63
346,63,2025-08-19,delivered,735 King Landing Apt. 451,Oscarchester,MH,72455,6503.93
347,63,2025-06-09,delivered,8348 Kristin Points Apt. 586,Port Robert,NM,28790,6532.54
348,63,2025-04-30,shipped,8532 Michelle Valleys Suite 758,Smithhaven,MH,80317,2738.11
349,64,2025-03-05,shipped,69834 Sanchez Stream,Sheamouth,VI,70699,734.54
350,64,2024-11-25,cancelled,45050 Amanda Locks Suite 200,Gonzalezburgh,PW,99874,2264.32
351,64,2025-07-05,delivered,077 Robin Overpass,Port Teresa,MD,35843,3039.47
352,65,2025-07-17,processing,038 Bryan Dam Suite 851,Benjaminberg,UT,91884,2062.94
353,65,2025-07-18,shipped,5028 Larry Junctions,North Donald,NH,78701,1455.32
354,65,2025-02-23,delivered,79531 Daniel Garden,Barbaraview,VI,22372,5115.6
355,65,2025-04-17,pending,74286 Escobar Valley Suite 108,Tylerhaven,ID,73115,1455.32
356,65,2025-08-17,shipped,4514 Davila Union Apt. 935,North Thomasport,MI,47356,372.0
357,65,2025-03-14,processing,706 Thomas Plains,South Stanleybury,NV,33292,1488.44
358,65,2025-04-11,shipped,15756 Kathleen Glens,East Karentown,NY,34257,3356.13
359,65,2025-06-05,shipped,762 Brianna Circle,Duncanland,PA,57056,1990.18
360,65,2025-02-14,shipped,99516 Everett Inlet,Antoniomouth,VA,81181,4783.97
361,65,2025-09-28,cancelled,67312 Juan Forks,West Wayneland,TN,38741,318.65
362,66,2025-07-23,processing,25936 Diaz Walks,New Gregory,VA,31636,1296.28
363,67,2024-12-24,processing,2755 Gray Ferry,North Jenniferport,OR,03683,4058.54
364,67,2025-08-30,delivered,431 Deborah Gateway Suite 953,North Ginaburgh,TN,77211,2671.84
365,68,2025-05-19,processing,15062 Stacy Mountain Apt. 651,Lewisburgh,NY,15121,3907.05
366,68,2025-10-05,pending,91087 Lori Drives Apt. 198,South Ashley,CA,42740,2464.61
367,69,2025-05-03,delivered,767 Kendra Knolls,New Willie,NV,64375,1639.7
368,69,2024-11-13,shipped,459 Nathaniel Flat Apt. 445,North Lisaburgh,AL,17662,1191.23
369,69,2025-09-10,cancelled,838 Peters Bypass Apt. 450,New Leslie,MO,59822,1511.93
370,69,2025-09-04,delivered,30409 Joshua Spur Suite 541,East Kristina,ND,66690,714.01
371,69,2024-12-20,delivered,38272 Brandon Terrace,Craigbury,KY,49691,3817.37
372,69,2024-12-06,pending,422 Corey Plain,West Laura,HI,04633,2759.84
373,70,2025-09-08,delivered,168 Jennifer Route,Walkertown,IA,70948,3682.76
374,70,2025-06-20,delivered,736 Steven Pass,Deborahchester,NJ,24642,655.08
375,70,2024-11-30,cancelled,52141 Tammy Branch,Wilsonbury,KY,73983,1304.79
376,72,2025-04-03,delivered,895 Henry Mount,New Nathanville,FM,77065,3645.34
377,72,2025-09-01,delivered,445 Donovan Manor,Thomasfurt,MI,44859,6263.87
378,72,2025-04-13,pending,276 Miller Mill,Navarroville,UT,99492,598.68
379,72,2025-08-02,shipped,63956 Dennis Locks Suite 783,West Michaelborough,NH,13404,3562.56
380,72,2025-01-27,shipped,402 Jeff Shoal Suite 614,Kristinfurt,HI,65281,1866.3
381,72,2025-04-26,delivered,304 Charles Mount,Maxwellport,HI,82579,1952.22
382,72,2025-07-31,delivered,2483 Carolyn Place,Clarkchester,KS,63310,2197.1
383,72,2024-11-23,cancelled,5689 Watkins Orchard Apt. 368,North Anthony,ND,29322,5869.94
384,72,2025-05-20,cancelled,3159 Julie Drive,Lake Dawnfort,AR,50741,2881.24
385,73,2025-03-21,processing,1040 Newton Spur,New Clinton,ND,59701,1962.46
386,73,2025-01-18,delivered,247 April Brooks,New Dannyshire,WI,52992,1170.4
387,73,2025-07-24,processing,5789 Wall Neck,Bonniemouth,RI,79179,2157.22
388,73,2024-12-05,shipped,21711 Payne Lodge Suite 658,New Christineville,MH,01734,1270.37
389,73,2025-04-30,delivered,3563 Victoria Flats,East Candacestad,MP,46690,5899.66
390,73,2025-05-06,delivered,616 Lynch Forge,Sloanhaven,CA,12124,2681.69
391,73,2025-06-23,pending,999 Philip Expressway,North Kathryntown,NM,10575,584.22
392,73,2025-04-27,delivered,3216 Leah Spurs Apt. 613,South Christinahaven,MA,35596,2621.5
393,73,2025-06-25,shipped,49037 Carolyn Summit,Nathanmouth,NY,29980,450.64
394,74,2025-03-25,delivered,99812 Jefferson Street Apt. 922,Kimberlymouth,CT,57903,933.74
395,74,2025-09-23,processing,92581 Collier Ways Suite 212,South Lisa,DE,91755,3791.2
396,74,2025-06-11,delivered,99454 Mallory Stream Suite 531,Peterton,PA,32267,8112.76
397,74,2024-11-16,processing,685 Debra Meadow Suite 598,Taylorview,PW,96102,1994.76
398,74,2024-11-25,cancelled,177 Mark Trace,South Richardland,CA,27527,981.3
399,74,2025-02-04,cancelled,67072 Timothy Fork Suite 024,Lake George,GA,96835,3322.99
400,74,2025-10-09,pending,98306 Jack Freeway Suite 540,New Coryport,LA,35687,3856.34
401,74,2025-01-17,delivered,420 Heather Gardens Suite 094,Jenkinsland,DE,88097,863.56
402,74,2025-08-25,cancelled,156 Smith Unions Suite 147,Jamesside,RI,93127,1995.7
403,74,2024-12-08,cancelled,0542 Roberson Course,New Reginaburgh,MS,10474,3632.1
404,75,2025-07-30,pending,35659 White Ports,North Cynthia,HI,32202,2939.25
405,75,2025-05-18,pending,669 Greene Trail Apt. 953,New Patrick,OK,33275,2602.23
406,75,2024-12-19,delivered,839 Mary Underpass,Port Laura,DC,37259,3979.34
407,75,2025-07-24,processing,0662 Joseph Field,Port Kevin,NC,71122,1611.95
408,75,2025-07-05,delivered,43751 Graham Ridge,Jessicahaven,NE,47945,2502.74
409,75,2025-09-24,processing,43826 Angela Junctions Apt. 743,Loritown,OK,46034,322.41
410,75,2025-01-15,pending,470 Ashley Valley Suite 453,Carolynfort,MO,43510,1038.68
411,75,2024-11-30,shipped,1883 Benjamin Ramp Suite 428,Lewisview,LA,97438,3425.11
412,75,2025-08-23,delivered,686 Cole Plain Suite 706,South Isabellatown,VI,57285,3382.75
413,75,2025-06-27,shipped,49711 Tabitha Forge,Lauramouth,CT,44635,927.47
414,76,2025-04-14,delivered,6650 Jones Stream Suite 016,Batesview,OK,95292,122.23
415,76,2025-08-05,shipped,43596 Smith Harbors,Katherinetown,SD,44426,3185.05
416,76,2025-09-12,shipped,9375 Williams Views Suite 286,South Marieside,OR,22497,2731.05
417,77,2025-10-28,shipped,1402 Brown Wall Apt. 857,Garnerfurt,VI,39934,5381.92
418,77,2025-05-31,delivered,638 Berry Trace,Villarrealton,TN,51011,3006.24
419,77,2025-01-28,shipped,530 Andrew Common Apt. 789,Burkeland,AS,80506,1284.56
420,77,2025-07-22,pending,48527 Bell Lane,Williamsborough,MS,43433,2165.78
421,77,2025-04-23,delivered,36344 Lewis Ranch,Richardfurt,WA,97330,4094.33
422,77,2025-08-19,pending,18123 Nathan Springs,Daviston,NV,29315,441.95
423,78,2025-10-04,pending,4457 Mercado Extensions,Zamorafurt,IA,51935,3895.01
424,78,2025-05-04,shipped,089 Cervantes Greens Suite 594,Debraport,MP,66356,4454.3
425,78,2025-08-16,processing,95377 Humphrey Ways Apt. 376,Barnesfort,LA,03780,965.6
426,78,2025-02-23,pending,76751 Carlson Keys,West Christopher,MD,99379,380.33
427,78,2025-05-14,pending,309 Kristina Row,New Melissaton,WY,54114,1432.15
428,78,2025-04-06,pending,8234 Cooper Pine Suite 653,Stephanieborough,VI,89214,1986.84
429,78,2025-01-02,processing,0004 Johnson Ports Apt. 103,Brendastad,GU,55736,2877.56
430,78,2024-12-13,processing,989 Bass Common,New Cristianmouth,NY,28686,1056.27
431,80,2025-08-30,processing,6614 Ruiz Manors Apt. 868,Caldwellview,VA,60998,2316.05
432,80,2025-08-24,processing,6829 Joy Station Apt. 565,Alvinland,KY,94653,1849.93
433,80,2025-01-15,processing,302 Tyler Heights,West Joshuafort,TX,32216,2680.19
434,80,2025-07-13,delivered,21405 Javier Corners Suite 604,Parkerbury,IL,72821,5274.74
435,80,2025-06-30,pending,7852 Gibson Way,Mariatown,ID,43402,1495.96
436,80,2025-07-06,cancelled,1023 Brewer Villages Suite 186,Collinsfort,NJ,40143,1899.77
437,80,2024-12-20,processing,35183 Donald Passage,Jameschester,WI,42218,4235.39
438,80,2025-06-08,delivered,3988 Little Square,South Andreamouth,MA,82108,2366.63
439,80,2025-09-22,shipped,841 Teresa Plaza,Riverahaven,MP,14997,2011.21
440,81,2025-04-08,processing,9238 Sherri Court Apt. 489,New Patriciaton,VA,07773,443.87
441,81,2025-01-28,cancelled,6342 Larry Estate,Lake Charlenestad,OK,61228,2843.01
442,81,2025-08-29,cancelled,91218 Moore Fields,Christopherland,LA,95361,2962.06
443,81,2025-04-17,pending,31555 Melinda Circles,Jeffreyborough,AR,40780,2726.97
444,81,2025-03-08,processing,7811 Christina Streets,Wardside,ME,87486,4077.06
445,82,2025-09-07,pending,7663 Nguyen Hollow Apt. 829,East Richardview,MA,20515,4995.73
446,82,2024-12-04,cancelled,1910 Bonilla Square Suite 691,North Paulahaven,SC,17856,3865.62
447,82,2025-01-14,pending,16826 Edwin Corner Suite 562,Houstonshire,WI,50499,4005.26
448,82,2025-01-08,shipped,347 Julie Branch,Ashleyberg,TN,83619,63.73
449,83,2025-07-16,delivered,2287 Jade Estate Apt. 007,Angelicafort,WA,17385,114.19
450,83,2025-02-19,delivered,712 Davis Isle,Lake Lisa,MA,89222,554.96
451,83,2025-05-30,processing,286 Linda Cape,Andreaburgh,WY,24346,4779.4
452,83,2025-02-22,pending,5474 Blevins Locks,Bobbyshire,AK,34209,4036.96
453,83,2025-10-17,cancelled,898 Graham Spurs,Jamesville,MH,51478,4145.21
454,83,2025-03-20,processing,2388 Schmidt Pass Suite 656,North Jamie,TN,07377,1534.03
455,83,2025-04-23,pending,90113 Smith Harbors,Rivasview,TN,99229,2075.06
456,83,2025-05-05,shipped,903 Jared Crossing,Melodyhaven,OR,42791,92.0
457,83,2025-08-23,cancelled,294 Jones Station,West Steveshire,VA,06763,488.92
458,84,2025-04-02,cancelled,7283 Andrade Street,Wellston,GU,74477,2177.36
459,86,2025-03-21,cancelled,67084 Briggs Pines,Davenportmouth,MS,90779,4656.95
460,86,2025-07-27,delivered,258 Monique Estate,Lake Amanda,AL,15021,1565.22
461,86,2025-06-05,shipped,35306 Simmons Stream,Erinchester,NM,54175,2633.09
462,86,2025-07-19,pending,096 Nguyen Plaza Apt. 744,Mariahfort,MA,19710,2698.01
463,86,2024-12-13,cancelled,3175 Sutton Station,Carolburgh,NY,92254,1916.8
464,87,2025-07-12,shipped,8741 Janice Highway Suite 267,Kathleenville,WY,81385,5147.97
465,87,2025-07-11,pending,4534 Kelly Island Apt. 564,New Richardhaven,PA,56438,4186.52
466,87,2025-02-13,delivered,93582 Mary Locks,Port Benjamin,WV,97023,114.78
467,87,2025-03-20,delivered,224 David Harbors Apt. 492,Jamesside,AR,74913,3946.13
468,87,2025-07-15,pending,0180 Smith Ford Apt. 480,Port Melissabury,NV,98510,3427.66
469,87,2025-02-14,delivered,667 Sarah Islands Suite 460,Johnberg,MH,52005,4532.72
470,87,2024-11-28,shipped,4627 Brandon Isle Apt. 649,North Carolberg,VT,70062,461.46
471,87,2025-09-27,delivered,7285 George Corner Suite 538,Port Andrew,NM,60006,327.54
472,87,2025-03-25,processing,212 White Green Apt. 956,Davidsonview,LA,98593,1711.23
473,87,2025-04-15,delivered,8907 Miller Tunnel,New Williammouth,NJ,49606,2615.27
474,88,2025-04-05,cancelled,94414 Matthew Spring,South Samanthaside,HI,68660,1180.04
475,88,2025-09-03,shipped,597 Gonzales Mews,Nicholasmouth,OR,05311,715.16
476,89,2025-05-18,cancelled,5494 Danielle Inlet,Port Ryan,NJ,86647,238.74
477,89,2025-05-23,delivered,6922 Maria Grove,South Richardbury,ME,15253,3759.66
478,89,2025-03-27,delivered,9771 Elizabeth Creek,West Dawnmouth,NH,30479,2609.39
479,89,2025-09-06,delivered,431 Benson Orchard Apt. 255,Haydenmouth,MO,33866,2842.71
480,89,2024-12-23,cancelled,4741 Ferguson Wells,Taylormouth,FL,31668,3481.62
481,89,2025-10-13,shipped,555 Mary Spring,Toddport,MP,64437,286.95
482,89,2025-04-02,shipped,660 Kristin Pines,Courtneyville,WI,25852,3609.84
483,89,2025-04-21,processing,34704 Steven Glen,Romanmouth,SC,94390,1953.38
484,89,2024-12-20,pending,797 Terri Crossing Suite 595,New Jenniferfort,LA,49372,3748.88
485,90,2025-08-17,delivered,17039 Garcia Club Suite 590,Port Danielton,MS,60795,3712.79
486,90,2025-06-23,processing,078 Haynes Fall Suite 516,North Kara,MN,76300,4072.2
487,90,2025-09-23,delivered,896 Morales Gateway,Whitneychester,NM,31978,1137.95
488,90,2025-04-04,cancelled,896 Tracy Motorway Apt. 288,West Kimberly,IL,30710,1971.67
489,91,2025-09-20,delivered,39014 Brandon Mountain Suite 274,South Richard,TX,29994,4129.83
490,91,2025-03-14,shipped,967 Stephanie Grove Apt. 300,Nunezbury,AS,48238,4676.31
491,91,2025-09-09,pending,8260 Terri Junctions Apt. 637,Jasmineland,FL,66899,3832.47
492,91,2025-10-14,delivered,9112 Summer Underpass Apt. 142,Michellefurt,CO,14683,1987.62
493,91,2025-06-28,shipped,892 Patrick Way Suite 657,Crystalview,MS,49299,1712.51
494,91,2025-08-11,processing,55441 Abigail Union,Christopherfurt,PW,59502,2923.9
495,91,2025-01-24,delivered,520 Angela Rue,Lake Brittanymouth,MP,95171,5888.53
496,91,2025-04-28,processing,84714 Lambert Expressway Apt. 148,East John,KY,08321,5343.64
497,91,2025-10-28,shipped,27283 Smith Alley,Johnsfurt,PW,38653,2968.55
498,92,2025-05-14,shipped,90676 Teresa Freeway Suite 629,Aaronchester,SD,63779,2375.56
499,92,2025-08-07,shipped,621 Thomas Haven,Hoffmanport,CT,66168,1399.03
500,92,2025-04-13,cancelled,32645 Scott Meadow,Evansshire,RI,11421,107.47
501,92,2025-04-17,shipped,3906 Flynn Port,New Jenniferfort,SD,02528,914.38
502,93,2025-02-10,pending,51970 Andrea Street Suite 891,South Victoria,FL,76467,4381.65
503,93,2025-04-13,cancelled,74215 Carl Gateway Suite 252,Flynnberg,HI,15322,4143.52
504,93,2025-04-26,processing,875 Robertson Divide,East Kendra,MN,71966,2221.53
505,93,2025-02-10,pending,91065 Allen Unions Suite 174,Samanthafurt,OK,29031,2653.88
506,93,2025-09-08,processing,02140 Edward Plains Apt. 319,Michaelshire,VT,63702,3239.68
507,93,2025-06-20,delivered,59717 Miller Oval,East Antoniochester,NY,59732,286.95
508,93,2025-10-31,delivered,412 Kent Square,Smithland,MO,33710,2284.55
509,93,2025-06-11,cancelled,895 John Lights,Dariusside,NH,53416,1091.49
510,94,2025-05-09,delivered,600 Ramirez Inlet Suite 973,Lake Kathrynbury,AZ,30339,2670.02
511,94,2025-02-08,delivered,9675 Kemp Greens,Darrentown,ME,71652,3503.34
512,94,2025-03-02,delivered,473 Amber Key,Smithmouth,PR,38447,2462.53
513,96,2025-01-14,shipped,79959 Lang Loop Apt. 110,Ashleyshire,NJ,51908,4115.95
514,97,2025-03-12,delivered,4565 Hernandez Port Suite 226,West William,KY,89669,779.01
515,97,2024-11-22,processing,098 Frye Light,Judithtown,MP,57369,3631.51
516,97,2025-04-09,shipped,613 Sarah Tunnel,Johnsonmouth,FM,58265,2614.54
517,98,2025-10-24,cancelled,9570 Ashley Views Suite 263,Mcdonaldburgh,FM,98205,3136.34
518,98,2025-09-22,shipped,10735 David Ranch Suite 220,Fernandezburgh,LA,26940,982.44
519,98,2025-01-15,delivered,30239 Johnny Light,Port Richardtown,MP,50026,2832.9
520,98,2025-06-20,cancelled,306 Pena Field Suite 786,Kimberlyport,CO,18397,386.47
521,98,2025-05-28,cancelled,70064 Schmidt Views Suite 487,Johnville,OR,83305,2985.64
522,98,2025-09-01,shipped,2554 Alyssa Avenue,Johnmouth,MT,40174,894.34
523,98,2025-01-03,delivered,0786 Stephens Burgs Apt. 039,East David,FM,10352,1724.19
524,98,2025-11-04,cancelled,19586 Nielsen Ramp Apt. 879,Moorehaven,NM,27106,236.51
525,98,2025-09-29,shipped,2495 Thompson Viaduct,South Ruthshire,MO,41095,2404.06
526,98,2025-03-09,shipped,0332 Thomas Brook,Christianton,HI,69585,5609.38
527,99,2025-05-21,shipped,1202 Jessica Shoal Apt. 175,Michaelview,CA,52713,2191.1
528,99,2025-02-27,shipped,210 Sullivan Curve Suite 501,Georgeshire,NV,33644,783.94
529,99,2025-02-28,shipped,36078 Carter Plains,East Alexander,MN,67044,3037.28
530,99,2025-05-23,processing,83680 Williams Corners,Matthewberg,IN,18140,550.48
531,99,2025-04-17,pending,48581 Smith Lakes Apt. 196,Lynchfort,TN,17833,2911.94
532,99,2024-11-23,processing,1920 Melinda Drives,Davidbury,VT,20082,216.86
533,99,2025-06-20,shipped,49379 Wagner Ramp Apt. 585,Lisaland,NE,28158,646.64
534,100,2025-09-20,cancelled,49207 Rivas Mount Suite 142,Annamouth,GU,31725,1150.08
535,101,2025-06-27,processing,62591 Heather Fall Suite 977,Port Sandra,NE,93336,3271.32
536,101,2025-09-15,processing,2443 Gonzalez Junctions Suite 978,Martinfurt,MN,62963,4670.0
537,102,2024-12-25,shipped,4380 Christina Ports Apt. 348,Lake Kennethport,NJ,76677,1683.03
538,102,2025-10-14,cancelled,00940 Robert Knoll Suite 376,West Natasha,MO,50563,1099.09
539,102,2025-08-09,cancelled,54920 Robert Rapid,North Caitlin,CO,94588,4849.8
540,102,2025-02-25,cancelled,52731 Karen Ferry,South Lance,CA,34399,959.1
541,102,2025-05-22,shipped,9001 Martinez Ridge Apt. 359,Shaneport,GA,21199,479.29
542,102,2025-06-24,pending,596 Buck Orchard,Roblesland,MI,33163,3428.43
543,102,2025-10-14,processing,26247 Richard Branch,Lake Jamesshire,AK,75821,381.82
544,103,2024-11-27,processing,4761 Turner Mission,Wrightmouth,MD,34554,3097.98
545,103,2025-07-26,shipped,423 Richard Park,Lake Janice,AR,96800,4720.81
546,103,2025-04-30,processing,4939 Kevin Fort Suite 904,Melissashire,VI,24516,2432.66
547,103,2025-09-16,shipped,87835 Gonzalez Views Apt. 330,Hallmouth,IA,82954,4269.34
548,105,2025-10-27,processing,23641 Elijah Trace,Mahoneytown,SC,75219,4401.32
549,105,2025-06-10,shipped,72033 Williams Cliffs Suite 023,West Cody,AK,64395,707.78
550,105,2025-08-15,pending,5587 Linda Grove,West Edwinport,MA,52047,1521.32
551,105,2025-03-11,pending,99255 David Fort,South Kelliland,OR,12445,2349.35
552,105,2025-10-06,cancelled,505 Jessica Inlet,Sarahland,RI,93948,3771.02
553,105,2025-10-18,shipped,57557 Patricia Lock Suite 328,West Robert,AK,56938,3274.76
554,105,2024-12-29,processing,18563 Anderson Well Apt. 761,Bobberg,AR,41709,3412.32
555,105,2025-07-06,delivered,569 Murray Club Suite 336,New Bobbyshire,AZ,14827,693.7
556,106,2024-11-30,pending,6103 Todd Passage,New Brittneyton,KY,51715,2361.04
557,107,2025-07-25,shipped,3881 Rasmussen Mountains,Christopherstad,MT,78604,1903.12
558,107,2024-11-30,delivered,096 Holder Trace Apt. 672,North Timothyberg,VT,64500,3681.99
559,107,2025-01-12,delivered,814 Moore Fields,Clarkchester,LA,02826,2209.88
560,107,2025-05-13,delivered,083 Kayla Rapids,Farleyhaven,WV,78936,2191.2
561,107,2025-06-27,shipped,45498 Robert Common Suite 674,South Nicholashaven,VA,55270,2882.39
562,107,2025-05-06,processing,85711 Torres Meadows Apt. 595,Clarkport,IA,98869,3529.95
563,107,2024-12-17,pending,739 Allen Bypass,West Allison,MI,56668,307.64
564,107,2025-03-21,shipped,77730 Cory Park,Rodriguezburgh,MP,54985,1068.85
565,107,2024-12-24,delivered,8720 Douglas Shores Apt. 254,Manuelton,MA,39270,3848.94
566,108,2025-06-30,pending,099 Ashley Park,Welchbury,NC,67347,3391.68
567,109,2025-05-17,delivered,6163 James Underpass,Johnbury,WI,88483,4645.0
568,109,2024-12-06,pending,91435 Christina River,North Travis,VT,36936,1367.75
569,109,2024-12-24,cancelled,965 Gutierrez Loaf Apt. 897,West Cory,PA,49992,1091.18
570,109,2025-01-12,pending,2756 Adam Crossroad,North David,MH,38114,2565.76
571,109,2024-11-28,processing,7712 Miller Land Apt. 418,Port Michelle,FM,02070,1284.56
572,109,2025-03-23,processing,6608 Melissa Forge,South Alison,LA,36599,3276.03
573,110,2025-05-20,shipped,863 Miller Dam,Myersmouth,MP,72807,1994.29
574,110,2025-09-23,pending,4202 Lauren Green Apt. 488,Leeland,IA,60989,4601.88
575,110,2025-02-12,processing,45031 Robin Bypass Apt. 669,West Kristinbury,TN,75703,5949.84
576,110,2025-04-20,pending,1047 Morgan Port,Port Curtisshire,AS,81193,1809.87
577,110,2024-12-31,cancelled,9247 Castro Skyway Apt. 410,West Christian,CO,26453,1247.06
578,110,2025-09-02,delivered,118 Larry Junctions,Lake Janeburgh,MD,83886,1784.64
579,110,2024-12-27,cancelled,044 Johnson Lake Suite 094,Port Yvonnefurt,NH,13619,898.02
580,110,2025-03-07,cancelled,310 Dan Valleys Suite 645,Martinezberg,NH,43508,3920.87
581,110,2025-07-27,cancelled,407 Johnson Forest Suite 449,Smithbury,IA,80252,2585.62
582,111,2024-12-24,cancelled,9412 Richmond Cliffs,Port Paulbury,GA,56419,1962.78
583,111,2025-09-03,delivered,3180 Burns Locks Apt. 101,New Carriemouth,LA,53847,5288.64
584,111,2025-09-14,delivered,53606 Smith Harbors,Robertshaven,MO,61302,88.39
585,112,2025-07-03,shipped,698 Hicks Path Apt. 703,Mortontown,AR,60269,560.58
586,112,2025-09-18,cancelled,17737 Andrews Inlet Apt. 307,North Sarahland,NV,14475,3021.34
587,112,2025-06-23,delivered,04902 Joseph Hill Apt. 559,Westbury,IN,31079,1060.31
588,112,2025-07-29,shipped,965 Bentley Forks Apt. 703,West John,AL,99739,1495.53
589,112,2024-12-04,cancelled,992 Sims Keys Apt. 619,Hollandmouth,IA,14101,532.76
590,112,2025-05-08,cancelled,462 Hunter Stravenue,East Laura,AS,73921,2232.58
591,112,2025-09-28,pending,653 Michelle Shoals Suite 871,Jacquelinebury,KY,76064,2658.59
592,113,2025-01-29,pending,9670 Smith Lakes,South Moniquemouth,NH,80130,3320.36
593,113,2024-12-31,processing,162 Johnson Square,West Karen,MO,40118,3010.6
594,113,2025-04-17,processing,897 Craig Hill,Michaeltown,PR,30749,3536.47
595,113,2025-07-03,shipped,2718 Sanders Summit,West Marco,PA,85494,1293.28
596,113,2024-12-04,pending,92600 Elizabeth Tunnel Apt. 015,Jonesland,PR,77233,1830.0
597,113,2025-05-10,processing,449 Donald Corners,North Brandon,WA,73382,1800.14
598,113,2025-05-30,processing,384 Collier Road,Port Erinside,PR,53569,3068.56
599,113,2025-05-17,processing,31044 Troy Mountain,Lake Victoria,PR,48054,646.64
600,113,2025-03-16,cancelled,92218 Natasha Brooks Suite 318,Shortville,NJ,50885,2657.64
601,114,2024-12-07,processing,23641 Lawson Manors,West Robin,RI,77971,2204.85
602,116,2024-12-08,delivered,6403 Jeremiah Ports Apt. 932,Donaldside,FL,83740,3816.5
603,116,2025-09-21,cancelled,1269 Steven Green Suite 225,New Robert,KS,34335,4254.93
604,116,2025-03-10,delivered,68681 Charles Tunnel Apt. 306,Andrewhaven,AK,42506,882.74
605,116,2025-06-19,shipped,1555 Kelli Loaf Apt. 787,East Sandrashire,CT,90691,2804.62
606,116,2025-01-11,pending,463 Jackson Loop,Lake Tammy,MO,95508,266.38
607,116,2024-11-21,processing,35841 Gregory Island,Dianeshire,OK,64687,3208.7
608,117,2025-05-13,shipped,793 Davila Walk,Kathrynland,OK,84845,3855.69
609,117,2025-09-25,delivered,7411 Timothy Forge,Richmondmouth,AL,29129,5100.13
610,117,2025-08-15,pending,56761 Ethan Point Suite 233,Port Alexiston,MN,52657,1656.34
611,117,2025-02-17,processing,829 Courtney Route,New Steven,PW,22951,3697.5
612,118,2025-09-19,cancelled,78831 Dana Forks,Jarvisport,ND,46236,2929.28
613,118,2025-01-10,processing,72019 Kirk Plaza,Devinfort,KS,88767,2606.27
614,118,2024-12-09,delivered,279 Gill Fords Suite 512,Michaelland,TX,93480,659.59
615,118,2024-11-20,pending,1081 Barker Trafficway,Jenniferberg,NE,23165,587.8
616,119,2025-02-01,processing,36072 John Camp,Lake Destiny,IN,00870,617.77
617,119,2025-08-13,processing,424 Wendy Isle,New Danny,NE,75621,477.48
618,119,2025-01-06,shipped,166 David Ville,Salazarside,NJ,95775,2142.45
619,119,2025-08-02,processing,33045 Browning Circles Apt. 616,Bakermouth,AL,04515,321.49
620,119,2025-08-06,pending,5801 Daniel Court Suite 642,Greerburgh,NC,00971,367.27
621,119,2025-06-28,pending,1150 Meyers Shoal,Gilbertchester,CT,96289,730.8
622,119,2025-08-19,processing,52552 Heather Dale,West Wesleyside,ID,60273,912.55
623,119,2025-07-22,shipped,435 Singh Squares Suite 762,Julieborough,PA,48228,460.22
624,120,2024-12-01,cancelled,15255 Davenport Mountain,Padillaside,ND,23722,3716.62
625,120,2025-04-18,shipped,17489 Tara Brooks,Rebekahstad,AS,70447,2513.5
626,120,2025-10-24,delivered,971 Jones Vista,Margaretberg,HI,80343,3767.32
627,120,2025-10-25,pending,5459 Brandon Street,Annamouth,MD,58817,3067.13
628,120,2025-05-24,delivered,37983 Jeanne Trace,Taylorberg,NV,33283,406.17
629,120,2025-03-19,shipped,60895 Buck Camp,West Donnaburgh,HI,15742,2585.41
630,120,2025-09-10,delivered,68960 Rose Flat,Stephenland,DC,88531,3325.84
631,120,2025-05-29,shipped,74611 Jessica Ports,Rayberg,NH,14280,342.57
632,120,2025-07-16,cancelled,603 Abigail Oval Suite 285,Huntville,ND,34344,4363.83
633,121,2025-09-10,delivered,763 Jennifer Port,Lake Adambury,NM,77490,1006.88
634,121,2025-03-03,delivered,5744 Rodriguez Cape Suite 692,Taylormouth,LA,86247,216.86
635,121,2025-02-11,pending,5916 Sharon Street Suite 359,New Zachary,SC,83971,3160.13
636,121,2025-08-15,cancelled,9965 Cole Throughway,Lake Tyler,MT,87794,235.12
637,121,2025-09-18,pending,7843 Byrd Overpass,North Wendy,SD,88309,3875.96
638,121,2024-12-21,delivered,6135 Dawn Alley Suite 883,Silvaberg,ID,26370,2324.41
639,121,2025-08-17,shipped,0336 Anderson Plaza Suite 023,Port Yvonneberg,GU,90072,5126.2
640,121,2025-09-20,cancelled,3273 Benson Station Suite 149,Mooreton,ID,18805,2124.94
641,122,2025-01-01,pending,7714 Sparks Isle,New Johnstad,MD,48754,24.6
642,122,2025-03-26,pending,20061 King Fields Suite 445,Laurenfurt,DE,21487,4848.29
643,122,2024-12-24,processing,912 Rhodes Throughway,Port Roberttown,NV,96831,5263.26
644,122,2025-04-19,cancelled,22830 Hughes Haven,Grantstad,IA,88476,3142.81
645,123,2024-11-14,pending,5559 Williams Lodge Apt. 560,Jimenezside,PA,88602,4098.06
646,123,2025-03-14,shipped,27639 Jose View,Johnsonhaven,HI,91501,2434.15
647,123,2025-08-28,cancelled,9626 Isaiah Spur,East Bryan,NV,49590,2326.38
648,123,2025-03-23,pending,1790 Schneider Mountain,Lake Carlosmouth,TX,14632,4989.32
649,123,2025-01-19,processing,39344 Stephen Rapid,Shannonville,MS,24398,5384.96
650,123,2025-08-22,delivered,333 Joy Estate,Loganberg,DE,00821,1246.98
651,123,2025-10-09,cancelled,07122 Williams Centers Apt. 283,Wallaceview,HI,60011,1231.23
652,123,2025-09-11,delivered,4985 Moss Plain,Mccormickside,FL,08645,1426.58
653,123,2025-04-17,shipped,28012 Cherry Plaza,West Jonathanchester,MN,66465,1508.63
654,124,2025-06-26,cancelled,47609 Cardenas View Apt. 647,Lake Courtney,PW,45411,944.05
655,124,2025-01-20,delivered,3787 Harrison Plaza Suite 070,Robertfort,NH,60551,1657.77
656,125,2025-09-10,delivered,1298 Ashley Drives,Erichaven,AR,78978,1979.48
657,125,2025-01-04,pending,1641 Johnson Junctions,Port Travis,SD,68127,2794.66
658,125,2025-11-13,delivered,56688 Laura Club Suite 647,Cynthiaberg,NH,76867,2717.27
659,125,2025-06-04,shipped,24285 Tonya Spring,Christopherfurt,WY,02861,3862.54
660,125,2024-12-15,delivered,848 Alexa Alley,South Aaronhaven,WI,95388,4951.41
661,125,2025-08-06,shipped,1520 Mcdonald Cove Apt. 740,Jeremychester,OH,76389,1161.6
662,125,2025-04-06,shipped,672 Gutierrez Skyway Apt. 511,Port Ashleytown,AR,89143,3705.14
663,125,2025-05-14,pending,78502 Nathan Drive,Elizabethshire,NJ,21927,5278.25
664,125,2025-08-06,processing,920 Alexander Spring,New Rachel,NJ,48273,863.56
665,125,2025-10-30,shipped,7539 Morris Way Suite 442,Edwardview,TN,85494,4977.92
666,126,2025-01-16,delivered,1641 Osborne Forest,Carterstad,CO,25097,679.54
667,126,2025-02-13,shipped,376 Figueroa Trail Suite 681,Wangtown,MP,69994,1888.45
668,126,2025-03-17,delivered,1749 Lauren Pike Suite 968,West Joshuaton,NY,08144,1171.6
669,126,2025-02-03,cancelled,624 Emily Mills Suite 450,Clarkview,MN,32415,2758.81
670,126,2025-03-16,pending,9111 Heather Centers,Laurenland,ND,33306,1120.59
671,126,2025-04-21,delivered,985 Lori Club Apt. 596,New Elizabethton,GU,86887,2030.34
672,127,2025-05-08,shipped,480 Nicole Drive,Bakerstad,RI,65426,1432.46
673,128,2025-07-28,shipped,55482 Morse Plaza,Lake Chelsealand,PR,99944,1964.87
674,128,2025-09-21,pending,4984 Torres Avenue Suite 293,Mullenfort,VA,72281,2474.35
675,128,2025-11-04,delivered,721 Jordan Mount Apt. 758,Port Josephberg,RI,24215,640.91
676,128,2025-04-26,cancelled,9889 Lawrence Plains Suite 754,Markview,FM,59734,2258.55
677,130,2025-09-03,cancelled,34019 Jennifer Prairie Apt. 605,Whitemouth,MA,87465,4383.28
678,130,2024-12-07,delivered,6389 Daniel Ville,Mckenziehaven,LA,39115,2952.47
679,130,2025-05-17,delivered,5611 Ortiz Unions,Taylorberg,UT,31957,4191.84
680,130,2025-10-16,pending,0659 Stone Way,Tammyville,MS,05104,1743.61
681,130,2025-01-02,processing,4330 Mary Spring,Port Nicole,SD,94279,3555.99
682,130,2025-08-31,cancelled,86244 Brennan Knoll Suite 311,Lake Charles,ND,92058,2316.28
683,130,2024-11-18,shipped,287 Rebecca Mall Apt. 545,Williamfurt,IN,46853,1325.28
684,130,2025-04-30,cancelled,418 Frederick Walk Apt. 521,Lake Alexandra,ND,50469,4683.99
685,130,2025-04-30,delivered,9469 Thompson Parkway,Lake Mary,LA,59353,1853.31
686,130,2025-10-22,delivered,2031 Mary Expressway,Davisburgh,IL,98253,3107.08
687,132,2025-01-13,shipped,66864 Kristin Well,Gardnerberg,NE,71486,194.44
688,132,2025-08-12,cancelled,72876 Jennifer Drive Apt. 877,Port Joseph,CO,97937,2624.89
689,132,2024-11-15,processing,83345 Castillo Junctions Suite 232,Porterton,AR,33883,2049.31
690,133,2025-03-21,delivered,8597 Bruce Crossroad,Walkerberg,GA,72689,3808.24
691,133,2025-03-26,delivered,42402 Peterson Highway Suite 893,Staffordmouth,SD,05570,4099.86
692,133,2025-03-06,pending,67881 Kramer Manor,Ricardomouth,IN,69660,2577.35
693,133,2025-04-13,pending,9044 Reese Meadows Suite 332,New Melanie,UT,21870,4758.35
694,134,2025-03-03,cancelled,8770 Donna Manors Apt. 394,Brandishire,TX,37076,2697.31
695,134,2025-01-14,processing,0760 Clark Corner Apt. 033,Lake Davidhaven,NM,12443,1373.36
696,134,2025-10-15,processing,83356 Luke Plaza Apt. 080,West Loriborough,NH,37227,3001.27
697,134,2025-10-04,shipped,6702 Henry Pass,Jonesmouth,MS,48449,5178.5
698,134,2025-07-07,cancelled,957 Gomez Park Suite 959,Theresatown,MH,45406,460.24
699,134,2025-03-18,pending,629 Scott Hills,Nancyport,MH,10240,3904.93
700,134,2025-06-18,cancelled,525 Jocelyn Shore,Douglaston,NH,88153,1969.6
701,134,2025-09-09,delivered,65119 Christopher Village,Travisport,MD,20022,1960.04
702,134,2024-12-06,pending,27694 Harris Passage,West Stephanie,ID,96023,1773.19
703,134,2025-04-02,processing,12440 Brandi Trail,Halltown,OK,33336,969.96
704,135,2024-12-18,delivered,180 Higgins Shoals,West Timothy,MD,76915,3245.78
705,136,2025-06-21,processing,047 Davis Union,East Mark,MT,01570,2531.88
706,137,2024-12-16,shipped,34348 Kennedy Flats,New Katie,RI,57177,2474.35
707,137,2025-08-08,cancelled,6861 Tristan Highway,North Kayla,FL,03898,2422.74
708,137,2025-09-09,shipped,138 Victoria Canyon,West Brittanyport,OH,05005,1556.79
709,137,2025-01-15,delivered,881 Byrd Hollow,Ericville,GU,75510,3312.04
710,137,2024-12-24,delivered,213 Manuel Points,North Scott,FL,31106,3001.94
711,137,2025-09-04,delivered,670 Dickson Station Apt. 710,Lake Amy,OK,12591,2040.43
712,137,2025-07-11,processing,740 Li Burgs,East Jenniferburgh,AK,33139,3145.72
713,138,2025-02-26,cancelled,560 Jones Path Suite 650,Chavezberg,MI,93232,2290.9
714,138,2025-10-12,processing,31631 Johnson Flat Suite 811,West Kayleemouth,PR,04561,2998.6
715,138,2025-01-24,delivered,06670 Michael Rest Suite 696,Parksbury,VI,94310,1787.68
716,138,2025-01-05,processing,70071 Mills Branch,New Tylerland,KY,86479,4719.28
717,138,2024-12-01,cancelled,32343 Lauren Lodge Suite 874,Nicoleside,UT,69462,2011.54
718,138,2025-06-15,cancelled,237 Greene Avenue,Lopezhaven,PR,43102,1491.34
719,138,2025-11-02,processing,585 Kelly Ways,East Christineville,MH,76012,1804.25
720,139,2025-04-25,shipped,48236 Daniels Ford,Gonzalezshire,MP,83719,2951.82
721,140,2025-01-26,shipped,80043 Scott Lakes,Robertview,NC,56957,1111.84
722,140,2025-08-26,cancelled,416 Travis Corners Apt. 063,South Masonburgh,OK,58469,1469.08
723,140,2025-05-18,shipped,14584 William Creek Suite 415,Thompsonville,VT,41343,4105.88
724,140,2025-08-16,pending,611 Ryan Crest,West Paultown,VI,26485,3486.29
725,140,2025-10-19,shipped,18926 Kirsten Junctions Suite 465,Gregoryfurt,NY,32849,4117.08
726,140,2025-04-09,shipped,77140 Kelly Union Suite 545,Emilychester,AK,01663,3191.52
727,141,2025-02-10,cancelled,19622 Rowe Forges,Marshfort,PW,35504,1284.56
728,141,2025-08-06,delivered,173 Yates Fort,Dominiqueton,OR,43078,4261.01
729,141,2025-10-04,processing,93409 Richard Lake Apt. 811,South Linda,WY,34530,2222.74
730,141,2025-10-11,delivered,48484 Monica Mountains,Johnsonchester,HI,64334,4230.87
731,141,2025-11-08,cancelled,951 Shepherd Ranch Suite 449,Pattersonmouth,LA,18613,2498.93
732,141,2025-10-03,delivered,756 Thomas Extension,North Danielland,SD,59067,4295.99
733,141,2025-01-31,shipped,7945 Jim Spring Apt. 638,Port Francis,KY,96482,1473.26
734,141,2025-05-31,shipped,100 Sean Mountain Apt. 294,Shaneland,WA,97289,3164.6
735,141,2025-02-13,cancelled,9484 Holly Walk,Glennbury,MD,94038,746.72
736,142,2025-03-29,delivered,337 Emily Valleys,Marquezfurt,TN,64980,5109.9
737,142,2025-06-23,delivered,302 Mcclure Lane,Danafort,CT,11352,2424.14
738,142,2025-03-25,shipped,187 Emily Pike,Charlestown,NM,95884,297.22
739,142,2025-06-25,processing,61146 Scott Station,North Yvonnehaven,IA,08411,1516.06
740,142,2025-09-03,processing,4247 Susan Via Suite 237,Wallerside,TX,95922,1134.95
741,142,2025-05-24,cancelled,07881 Matthew Extensions Suite 121,New Tanyaburgh,MO,63818,1581.6
742,142,2025-06-23,delivered,666 Eddie Meadows,Reneeborough,OH,28682,2493.45
743,142,2025-09-30,processing,1646 Theresa Trafficway Apt. 037,Port Katherineshire,MP,03276,2260.89
744,143,2025-05-05,pending,78088 Ellison Squares,Waltonshire,IN,22025,345.46
745,143,2024-11-27,shipped,098 Joshua Groves Apt. 674,Grimesburgh,RI,54220,879.72
746,143,2025-03-27,delivered,4456 Alexander Meadow,Fosterview,CO,78892,4756.19
747,143,2025-05-29,delivered,179 Jimenez Ports,Adamton,ID,40783,4539.49
748,143,2025-03-22,delivered,02626 Brian Crossroad,Alvaradoview,MI,23023,5294.69
749,143,2025-11-07,processing,3309 Yvette Mountain Suite 063,Christopherhaven,MA,19721,1216.47
750,144,2025-07-22,pending,7675 David Station,South Kathleen,OK,78299,602.61
751,144,2024-11-22,processing,536 Burke Fords,East Travis,IN,28956,5711.04
752,144,2025-02-21,cancelled,85628 Steven Turnpike,South Emily,HI,44674,4784.65
753,144,2025-08-31,cancelled,03370 Amy Prairie,Douglasborough,KS,04961,2244.31
754,144,2025-01-31,shipped,43333 Cynthia Plain Apt. 845,Waltersland,DC,47693,1355.69
755,144,2025-07-21,pending,047 Scott Ramp Suite 176,Fernandezfurt,LA,48935,3690.26
756,144,2025-10-06,delivered,4215 Wade Plains Apt. 792,Robertsmouth,IL,93993,1165.67
757,145,2025-01-08,cancelled,96885 Jose Curve Apt. 903,Austinmouth,PW,89228,1809.99
758,146,2025-08-01,pending,315 John Court,Katherinechester,MI,48054,461.46
759,146,2025-09-11,processing,025 Randy Mews,Littleton,MO,85203,1047.77
760,146,2025-05-09,delivered,7671 Poole Ports,Wrightside,OR,47473,2645.68
761,146,2025-08-21,processing,038 Lopez Drive,Jamesberg,CT,43132,4615.3
762,146,2025-03-29,pending,74396 Candace Glens Suite 940,New Anna,MD,98031,535.62
763,146,2025-03-04,delivered,6531 Brown Overpass Apt. 002,North Eileenmouth,IL,50330,2210.6
764,146,2025-07-31,shipped,25673 George Stream Apt. 487,Anneland,NE,87995,1828.89
765,147,2025-04-14,cancelled,91090 Dunn Meadows,Corteztown,WA,58482,2660.82
766,147,2025-02-01,delivered,4478 Elizabeth Passage,Christinaview,CO,63984,2751.4
767,147,2025-04-29,pending,093 Davis Mall,Rosestad,SC,73800,2410.12
768,147,2024-12-24,shipped,5734 Graham Ports,Jonathanfort,WY,28472,431.78
769,147,2025-08-07,cancelled,780 Anderson Ports,Lake Martinchester,MI,12019,1159.41
770,148,2025-06-15,shipped,8477 Brittney Terrace,South Joshua,GU,35107,2694.65
771,148,2025-03-30,delivered,685 Wesley Locks,Lake Marcus,FL,31924,5903.05
772,148,2024-11-30,cancelled,6924 Kenneth Well Apt. 548,Larsonburgh,DE,24967,4035.39
773,148,2025-09-27,pending,560 William Circles,New Amyborough,MA,41178,2603.12
774,148,2025-04-24,cancelled,6049 Jason Lodge Suite 747,Navarroshire,DE,86624,3042.36
775,148,2025-08-28,pending,1221 Williams Throughway,Lake Autumn,TX,53593,665.95
776,149,2025-08-11,shipped,8681 Bobby Village Suite 158,East Jay,DC,71779,2001.93
777,149,2025-04-23,processing,13855 Katie Burg Apt. 957,Port April,CT,04586,2967.08
778,149,2024-12-09,pending,5718 Rhonda Points,South Julieland,PA,39193,2567.15
779,150,2025-07-06,pending,65055 Barbara Skyway,Port Sarah,MT,70264,779.01
780,150,2025-05-02,pending,671 Smith Branch,Chelseyberg,PA,27240,2415.5
781,150,2025-08-14,delivered,507 Caroline Corner,New Jeffrey,GU,18916,2004.39
782,150,2024-12-11,processing,9522 Anna Wall,Blaketon,GU,28445,2393.36
783,150,2025-05-17,shipped,7588 Cruz Stravenue,Scotttown,MS,52854,3667.8
784,150,2024-12-24,pending,262 Debra Circle,Vargasstad,CA,56773,831.98
785,152,2025-03-16,pending,121 Angela Causeway Apt. 811,Port Elizabeth,SD,30650,277.48
786,152,2025-10-18,shipped,02559 Carpenter Dale,South Kristinbury,DE,37789,4549.03
787,152,2025-09-25,shipped,688 Megan Prairie Suite 196,West Michaelstad,GA,12173,3401.2
788,152,2024-12-08,shipped,36081 Hartman Trail,Lake Pamelatown,KS,33938,4432.41
789,152,2025-08-30,delivered,81971 Johnson Trail Apt. 469,Josephshire,FM,46690,2027.45
790,153,2024-11-24,processing,95806 Heather Motorway Suite 566,Lake Christine,ND,46164,1309.07
791,153,2025-06-22,cancelled,4294 Kevin Shores,West Christinemouth,VI,85768,3434.52
792,154,2025-05-04,cancelled,53847 Mullins Rapids Apt. 953,North Peterport,NM,18717,1491.96
793,154,2025-06-04,processing,74685 Dennis Tunnel Suite 297,Millerfurt,MS,18471,517.76
794,154,2025-09-07,processing,0349 Joseph Locks Suite 701,Woodburgh,MP,65727,4440.16
795,154,2025-08-29,processing,402 Penny View Suite 231,West Earl,HI,27118,5263.87
796,154,2025-03-25,pending,6008 Mcgee Pike,Carolineland,NV,24061,884.55
797,154,2024-12-24,cancelled,52053 Gonzalez Corners Apt. 184,Samanthatown,MA,80798,1835.02
798,155,2025-10-01,cancelled,2322 Adam Corner,New Joseph,KS,98040,235.12
799,155,2025-02-08,processing,1408 Hunt Greens,Lake Megan,NH,63640,3368.57
800,155,2025-06-30,delivered,402 Sarah Meadow,East Christopher,NM,82120,2347.77
801,155,2025-11-13,cancelled,100 Hernandez Inlet,South Maurice,NH,68569,1187.01
802,155,2025-09-08,processing,55877 Parsons Ways Suite 263,Wayneside,FL,26115,4569.53
803,155,2025-08-30,processing,254 Adkins Crossroad Suite 351,South Taraside,WV,24954,2954.16
804,156,2025-06-15,shipped,0345 Hall Street,New Suzanne,GA,01433,1956.83
805,156,2025-02-22,delivered,7666 Amanda Plains Suite 458,Millerberg,AR,82521,969.27
806,156,2025-05-15,shipped,13685 Curtis Trail Apt. 621,South Maureenland,KS,35015,1529.3
807,156,2025-02-06,pending,106 Joshua Heights,Douglasfurt,ME,46707,989.74
808,156,2025-08-14,delivered,4331 Davis Crossing Suite 333,Kristenmouth,GA,82056,2150.57
809,156,2025-04-29,shipped,10034 Kelly Rapid Suite 585,Simshaven,NC,66900,3368.56
810,156,2024-12-18,cancelled,602 Michael Ramp Apt. 794,South Samuel,PW,29283,2486.22
811,157,2025-05-31,pending,4903 David Expressway,East Monica,MD,35109,981.3
812,157,2025-06-17,delivered,0473 Tina Street,Port Randy,NH,41087,2395.51
813,158,2025-05-10,cancelled,740 Smith Lodge Suite 656,North Emilymouth,MS,94485,996.2
814,158,2025-01-06,shipped,212 David Village,Port Melissa,MT,70910,2757.44
815,158,2025-01-16,delivered,472 Green Turnpike Apt. 933,West Jenniferstad,SD,77339,3043.2
816,158,2025-10-04,shipped,206 Keller Locks Apt. 485,North Hunter,KS,86147,265.17
817,158,2025-11-03,delivered,58498 Daniel Pike Suite 651,West Howard,AK,51461,4580.71
818,159,2025-08-31,processing,8170 Hansen Stream,Port Nicholas,SC,69841,2183.08
819,159,2024-12-19,delivered,659 Frost Street,Ashleyview,GA,10102,5511.5
820,159,2025-07-12,delivered,9313 Lee Spurs,Rogersfort,HI,64577,3290.64
821,159,2025-04-17,pending,8777 Bradley Lake Suite 134,South Jonathanland,OR,45857,1947.32
822,160,2025-02-06,delivered,842 Buchanan Walk,East James,PA,02203,3695.09
823,160,2025-08-03,cancelled,1500 Charles Fork Apt. 548,West Justinborough,MT,33415,3114.3
824,160,2025-05-25,shipped,49901 Michelle Pine,Davisfurt,WI,33280,327.38
825,161,2025-09-29,shipped,904 Matthew Orchard Apt. 806,Austinshire,MS,61028,2694.03
826,161,2025-07-29,shipped,7209 Wilson Unions,Port James,HI,57169,1937.13
827,161,2025-03-11,pending,205 Bradley Mill,West Rhonda,RI,61970,3252.75
828,161,2024-12-23,delivered,7932 Owens Crest Apt. 549,Port Tammyfort,IL,82466,2786.46
829,161,2025-09-22,shipped,609 Romero Lodge,Websterton,WV,69149,494.5
830,161,2025-03-26,pending,58679 Calderon Square Apt. 644,Williamsfurt,ID,20211,1711.75
831,161,2025-05-22,cancelled,6596 Moss Path Suite 669,Loriview,NV,98094,3831.35
832,161,2024-12-13,pending,3474 Holland Stravenue Apt. 405,South Tyler,PA,85364,2958.07
833,161,2024-11-15,cancelled,896 Johns Row Suite 503,Ballardstad,KY,73110,121.67
834,162,2025-10-15,shipped,8053 James Place,Sarashire,ID,24949,4664.55
835,162,2025-08-20,processing,69648 Heather Harbor,South Jeffreyborough,AR,36524,709.29
836,162,2024-12-16,cancelled,63240 Garcia Unions Apt. 658,Port Amanda,SC,76709,531.26
837,162,2025-04-29,shipped,46746 Holt Turnpike,Shieldston,IA,29128,1059.38
838,162,2025-10-09,processing,3997 Rodriguez Ranch,Port Brian,WV,75941,353.56
839,162,2025-03-03,processing,10276 Timothy Place,Lake Morganmouth,DE,51847,1150.08
840,162,2025-03-09,cancelled,779 Harris Flat Apt. 061,Johnmouth,NV,86392,710.19
841,163,2025-04-06,processing,789 Melissa Brooks Suite 260,Port Tanner,VA,53386,3097.69
842,163,2025-10-13,pending,6707 Dana Squares Apt. 292,Lake Raymond,CT,29129,2493.45
843,163,2025-06-22,pending,37745 Choi Cove,East Tyrone,NY,58945,277.02
844,163,2024-11-16,shipped,807 Katherine Road Suite 510,Adamsfort,AZ,60147,1318.26
845,164,2025-06-05,pending,478 Hunt Flat,East Jonathanstad,NH,28428,479.03
846,164,2025-04-30,cancelled,404 Oliver Neck Apt. 809,East Davidmouth,OH,66829,2307.36
847,164,2025-02-16,shipped,3167 Reese Parkway Suite 440,Wendyshire,IL,03640,1284.56
848,164,2025-01-29,processing,075 Smith Station,Ericton,DE,97915,6092.07
849,164,2025-04-02,pending,02999 James Forges,New Lynnburgh,PW,32729,3519.41
850,164,2025-04-01,shipped,4030 Harper Ramp Apt. 540,Lake Steven,GA,03876,3749.44
851,164,2024-12-28,shipped,953 Angela Islands,North Kellyborough,CO,87572,5386.88
852,165,2025-06-07,processing,068 Lindsey Centers,Allisonville,WY,91349,1736.43
853,165,2024-11-25,processing,54847 Rose Knolls,Avilafort,PA,59099,3314.33
854,165,2025-10-22,processing,824 Little Islands,New Maria,MN,11595,4453.49
855,165,2025-06-09,cancelled,2382 Frederick Walk,New Michael,CT,66619,2965.24
856,165,2025-03-26,shipped,5768 Matthew Junction,East Brianhaven,DE,75891,5263.25
857,165,2025-04-26,cancelled,4876 Emma Junction Apt. 488,Brendaville,FM,93954,1062.24
858,166,2025-10-07,shipped,089 Destiny Heights Suite 403,Anthonychester,PA,47832,243.34
859,166,2025-03-27,processing,355 Michele Parkways Apt. 277,Kevinmouth,SC,65598,3264.66
860,166,2025-11-10,shipped,5925 Suarez Crest Apt. 387,Port Keith,OR,33048,1343.32
861,166,2025-05-19,delivered,007 Jennifer Well Suite 594,Ashleychester,NH,35254,2289.84
862,166,2025-11-06,shipped,6239 French Shoals,Wilsonmouth,MN,77325,716.52
863,166,2025-02-06,shipped,27674 Nicholas Crossing Apt. 272,Sandersborough,AS,08726,2305.27
864,166,2025-11-13,pending,1341 Escobar Route Apt. 054,Matthewbury,WY,38484,3082.29
865,166,2025-03-30,delivered,556 Susan Manors Apt. 357,Perryton,OH,80816,1460.49
866,167,2025-03-31,processing,9108 Malone Center,Jamesfort,CO,49070,238.74
867,168,2025-11-01,delivered,785 Clayton Stravenue Suite 933,Hawkinston,WI,81249,3826.63
868,168,2025-08-04,cancelled,60898 Lucas Burg,North Miguelside,ID,78779,1936.63
869,168,2024-12-13,shipped,53202 Mitchell Bypass,Lake Erica,IA,93249,114.78
870,169,2025-02-05,delivered,79020 Amy Roads Suite 821,New Kenneth,NV,68623,3400.31
871,171,2024-12-21,cancelled,6634 Jocelyn Plains Apt. 481,West Jacob,WI,53553,3640.47
872,171,2025-04-30,pending,4264 Charles Glens Suite 832,Greenechester,MT,31908,1567.74
873,171,2025-05-03,delivered,187 Summers Hollow Suite 992,Paulmouth,TN,12076,2468.95
874,171,2025-03-11,shipped,9399 Wright Valleys Suite 566,Desireeborough,RI,37089,3611.44
875,172,2024-11-16,shipped,690 Adams Radial,Myershaven,CA,16457,2794.96
876,172,2025-07-27,cancelled,92324 Castro Dam,North Jeremy,IL,30700,1825.85
877,172,2025-05-20,delivered,61386 Gillespie Squares Suite 783,West Kristinmouth,OR,50969,1405.1
878,172,2025-08-06,shipped,765 Shaw Points Apt. 055,Port Jessicafurt,SC,98622,2654.94
879,172,2025-05-18,pending,4943 Sexton Expressway Suite 056,West Suzannestad,ID,33440,3361.65
880,172,2025-09-19,processing,00421 Ramos Motorway Apt. 520,West Christopher,OK,12649,5086.31
881,172,2025-06-23,delivered,056 Burton Freeway Apt. 585,New Christopherview,ID,24831,1166.7
882,172,2025-10-02,pending,987 Jenkins Ford,Port Tracy,OR,91181,5882.39
883,172,2025-08-18,cancelled,2338 Aaron Canyon,Lake Madisonton,AZ,48162,2367.03
884,172,2025-01-10,cancelled,184 Stevens Villages,Bettychester,MN,81521,3003.86
885,173,2025-07-03,cancelled,2702 Jensen Meadow,North Laurieborough,MD,66535,3605.83
886,173,2025-09-28,processing,40775 Jeffrey Meadow,North Caitlinberg,MH,18842,318.65
887,173,2024-12-25,pending,974 Lara Flats Suite 147,Port Eric,LA,32722,1393.24
888,173,2024-12-15,delivered,4312 Coleman Keys,Chaseburgh,IN,26878,6288.39
889,173,2025-04-18,shipped,5580 Farmer Glen,Nguyenmouth,FL,55680,3238.56
890,174,2025-05-09,delivered,36702 Ramsey Creek,North Pamelastad,MH,98585,4625.0
891,174,2025-10-07,pending,706 Luis Club Apt. 218,Port Patrickborough,AS,24123,3125.16
892,174,2025-02-14,processing,93305 Moreno Street Suite 165,Rothmouth,OR,39403,3227.19
893,174,2025-01-25,pending,83024 Randy Greens,Bradymouth,SC,90168,3309.3
894,174,2025-03-21,pending,020 Jones Trail,West Jenniferside,NY,04797,2394.15
895,174,2025-09-11,shipped,09334 Hampton Stream Apt. 363,North Leslie,VT,48775,1531.67
896,174,2025-08-11,delivered,70098 Wilson Trail Suite 377,Lake Deborahville,WY,61111,2659.31
897,174,2024-11-17,pending,0125 Andrea Springs Apt. 397,South Dawnside,MN,50397,1821.62
898,174,2025-06-06,pending,6975 Michael Court,Cranebury,UT,74268,2068.3
899,174,2025-02-13,processing,105 Stafford Radial,Port Nicholasside,ID,32921,2080.34
900,175,2025-08-18,processing,9364 Johnson Rapids,Jenniferton,MS,46426,2436.22
901,175,2025-08-13,delivered,2593 Mcdonald Shore Suite 650,Philiptown,NJ,71015,2764.55
902,175,2025-10-21,delivered,2271 Robert Trace Apt. 611,Hunttown,WA,15907,2700.18
903,175,2024-11-23,shipped,0919 Richard Alley,Lake Tannerton,VI,26231,229.56
904,175,2025-01-04,cancelled,628 Melvin Vista Suite 777,North Joshuashire,NH,18081,1625.0
905,175,2025-08-10,delivered,211 Simmons Shoal Suite 460,Colemouth,PA,47951,1959.3
906,175,2025-04-13,cancelled,220 Grimes Vista,East Michealbury,PR,96096,3877.84
907,175,2025-10-02,processing,8925 Brandon Knolls Apt. 674,Fowlerborough,MN,71455,4710.13
908,176,2024-12-29,pending,177 Hicks Haven,Hayesbury,MN,81007,3684.68
909,176,2025-11-08,delivered,843 Nathan Rapids Suite 125,Port Barry,CO,80669,1995.74
910,176,2025-01-29,cancelled,646 Edgar Valleys,Rodriguezland,OK,55581,3907.59
911,176,2025-06-28,delivered,53031 Kathy Neck,North Manuel,MO,70017,1521.32
912,176,2025-01-03,shipped,3355 Rodney Extension Apt. 294,Kinghaven,DE,15408,1973.94
913,176,2025-01-24,pending,9934 Martinez Fort,Port David,OR,29471,180.24
914,177,2024-12-15,processing,786 Bullock Branch Apt. 947,Maryton,MD,43185,1950.0
915,177,2025-05-19,delivered,791 Turner Cliffs Apt. 434,Jamiebury,NY,91683,2719.79
916,177,2024-12-12,delivered,575 Mercedes Divide,Mooreview,NY,05041,1376.16
917,177,2025-08-24,processing,9575 Lopez Ridge,Jamesshire,CT,53839,586.17
918,177,2025-06-09,shipped,0885 Smith Ports Suite 394,Laurieton,WY,94460,1746.81
919,178,2024-12-09,shipped,2797 Dean Keys,Mckenzieberg,DE,00684,3798.48
920,179,2024-12-24,shipped,896 Jason Drives,West Shane,MD,28044,1358.75
921,179,2025-06-06,pending,111 Moran Camp Apt. 475,Brownland,VI,54507,375.04
922,179,2025-03-04,delivered,2455 Butler Estates,East Suzannebury,MA,93437,772.94
923,179,2025-02-18,shipped,223 Smith Villages Apt. 734,West Paul,PW,08635,121.67
924,179,2025-11-04,processing,7006 Laura Gateway Apt. 079,Danielborough,MA,17994,2110.32
925,179,2024-12-11,pending,120 Gabriel Roads Apt. 756,South Xaviermouth,NE,33674,1041.6
926,179,2025-07-29,delivered,541 Jeffery Flat,Myerstown,DC,68381,4698.39
927,179,2025-03-25,pending,6581 Lucas Courts,Jessicaside,GA,74664,2682.71
928,180,2024-12-06,processing,49221 Dawn Cove Suite 299,Williamport,DE,37757,2524.88
929,180,2024-11-15,cancelled,85699 Beverly Haven,South Marc,AL,16322,176.32
930,180,2025-09-30,pending,017 Wu Drive,New Rachelport,UT,40769,4202.5
931,180,2025-05-01,pending,5948 Hannah Drive Suite 291,Lake Paul,FM,88060,3602.14
932,180,2025-03-19,shipped,4491 Lee Drive,New Diamondville,CT,25494,2048.48
933,180,2024-12-06,processing,31568 Paige Freeway Suite 284,Lake Davidview,MO,23327,1582.0
934,180,2025-04-14,processing,32025 Sharon Throughway Suite 238,Alexanderton,GU,59245,5537.02
935,180,2025-05-16,cancelled,42939 Bowman Meadow Suite 740,Tuckerberg,CA,05706,2373.32
936,180,2025-05-06,processing,40033 Nicole Land Apt. 097,West Lauren,AS,18532,2269.69
937,180,2025-03-26,pending,65416 Brittney Oval Suite 398,Hollybury,OH,86689,4374.41
938,181,2024-12-23,processing,936 Tara Road,Port Mary,OH,85817,1478.28
939,181,2025-04-27,cancelled,0423 Mckee Motorway,North Adriana,PA,48632,1162.97
940,181,2025-06-25,processing,16992 Debra Island,West Jasmine,VA,07975,3235.21
941,181,2025-03-27,processing,0775 Jennifer Plaza,Ashleyshire,RI,80711,114.78
942,181,2025-09-16,shipped,57686 Martinez Cliffs Apt. 805,Charlesview,OH,37132,2377.02
943,181,2025-08-27,processing,2259 Rogers Flat Apt. 059,West Kellyshire,MT,27786,1728.43
944,181,2025-07-27,cancelled,10967 Cooper Spring Apt. 636,Jessicatown,PR,44433,2271.04
945,181,2025-08-25,pending,1737 Donald Green,South Michelle,NM,66342,3085.72
946,182,2025-09-14,processing,32381 Zachary Mill Apt. 899,West Shirley,ME,88941,564.76
947,182,2025-05-04,processing,11275 Sanchez Walks Suite 311,Catherineborough,IA,14283,4693.68
948,182,2025-10-27,cancelled,862 Brian Meadows,Kimberlyshire,FM,34503,3140.65
949,182,2025-08-01,shipped,38180 Janet Hills,Jenniferton,PW,06337,6243.47
950,183,2025-01-02,pending,241 Johnson Corners,Williamshaven,KS,55899,2627.02
951,183,2024-12-07,pending,878 May Roads Apt. 214,Atkinstown,IL,87629,1494.3
952,184,2025-01-01,pending,3474 Jennifer Inlet,Davidton,MT,47847,3550.89
953,184,2024-12-08,shipped,46010 Rodriguez Crossing,West Michael,WA,60166,139.79
954,185,2025-06-22,cancelled,07223 Henderson Wall Suite 217,Nortonland,VT,69016,570.95
955,185,2025-09-19,shipped,877 Alvarez Mill Suite 138,Marshallland,DC,28430,2630.11
956,185,2025-07-06,pending,939 Day Union,North Joshua,NJ,29969,3550.61
957,186,2024-11-28,shipped,1945 Stevenson Lodge Apt. 734,New Angelatown,NM,76357,172.17
958,186,2025-07-26,pending,0315 Ballard Pass Suite 939,Port Traceymouth,IA,87228,3501.9
959,187,2025-04-13,delivered,54493 Brandy Mission,Lake Annaview,AK,54316,5010.52
960,187,2025-02-09,cancelled,7020 Stuart Club Suite 378,Jacobstad,MI,89949,4362.59
961,188,2025-07-23,pending,535 Campbell Trace Apt. 789,Bryanthaven,VI,69396,2665.37
962,189,2025-06-09,delivered,210 Stanley Dam,West Andrewport,NM,09420,1270.12
963,189,2024-12-31,shipped,6175 Medina Bridge,Codytown,UT,41215,4068.64
964,189,2025-06-15,cancelled,7186 Tapia Drive Suite 244,Brownview,OK,72408,2018.53
965,189,2025-04-22,cancelled,10187 Osborne Fort Apt. 257,Lake Justinport,IN,99423,2493.45
966,189,2024-11-24,pending,24668 Sandoval Glens Apt. 304,New Toni,AS,61323,345.22
967,189,2025-05-03,delivered,6924 Johnson Walk,North Sarahborough,AR,12722,1387.35
968,189,2025-05-30,cancelled,3231 Nielsen Spurs Suite 518,East Stevenland,MH,62711,235.12
969,190,2024-12-05,cancelled,43743 Michael Light,Phillipsmouth,IL,50300,1615.56
970,190,2025-01-05,pending,23115 Rodriguez Cliff Apt. 902,South Alexanderville,IA,97101,278.12
971,190,2025-04-18,cancelled,05221 Baker Rue,Muellermouth,SD,32527,841.94
972,191,2025-08-30,delivered,84256 David Lodge Apt. 599,Josephberg,MT,92484,220.4
973,191,2024-12-16,pending,5375 Richard Crossroad Suite 081,Melissashire,GU,86603,2197.1
974,191,2025-03-13,pending,32358 Watkins Views,Williamborough,TN,97076,4226.25
975,191,2025-11-10,delivered,288 Matthew Valley Suite 507,New Ginamouth,AS,28264,2761.86
976,192,2025-04-02,delivered,2524 Vasquez Orchard Suite 449,Bakershire,IA,04947,1213.41
977,192,2025-03-11,pending,0060 Carroll Well Apt. 648,Martinezmouth,MN,48343,1293.28
978,192,2025-09-20,delivered,7938 Leach Way,Denisefurt,AK,76891,1995.28
979,192,2024-12-22,delivered,04072 King Knoll,New Ryan,CO,99547,1726.25
980,192,2025-04-30,pending,932 Harrison Mill,South Stephanie,MN,88113,2575.04
981,192,2025-11-12,pending,743 Gina Trail,East Davidton,SD,30796,1218.31
982,193,2025-08-31,cancelled,98844 Steve Ports Suite 236,Port Melissashire,PW,35182,6096.27
983,193,2025-06-22,processing,454 Dawson Knoll Suite 812,Hardyville,NM,93513,2037.6
984,193,2025-10-18,pending,271 David Drive Suite 023,South Michelle,PW,17454,1527.28
985,193,2025-05-16,processing,76404 Joshua Loaf Suite 511,New Nicholas,NY,10915,1216.47
986,193,2024-12-30,shipped,0228 Benjamin Trail,Erinmouth,OR,47229,3662.22
987,194,2025-01-17,cancelled,6774 Jamie Fords,Hollyborough,PW,99068,690.92
988,194,2025-02-10,cancelled,27839 Carrillo Prairie Apt. 151,North Devintown,NM,58306,5005.04
989,194,2025-09-02,shipped,43486 Mata Village,Jayfort,CA,47843,321.14
990,194,2025-10-29,delivered,3105 Adam Port Apt. 187,North Elizabeth,OK,47864,690.33
991,194,2024-12-03,cancelled,337 Horn Forks Apt. 297,West Shelly,WA,41309,6112.05
992,194,2025-06-01,cancelled,27590 Robert Stravenue Apt. 090,Hernandeztown,OH,86380,1916.8
993,194,2025-07-14,shipped,21894 White Ranch Suite 960,East Jason,GU,43473,1941.37
994,194,2025-09-23,delivered,1757 James Flat Apt. 888,Port Ryantown,FM,79800,2925.62
995,194,2025-03-02,cancelled,5024 Stacey Burg,South Williamside,NE,65201,203.86
996,195,2025-07-23,delivered,755 Herring Avenue Suite 914,Bradleymouth,HI,33020,3328.77
997,195,2025-04-13,pending,462 Thompson Meadow Suite 181,Katieberg,AZ,40932,3720.46
998,195,2025-09-17,pending,845 Evelyn Spurs,Rebeccaberg,CT,64332,3726.68
999,195,2025-10-19,cancelled,3493 Rodriguez Tunnel Suite 740,Petersside,TX,91592,635.0
1000,195,2025-04-24,processing,574 Susan Corners Apt. 667,South Keith,CO,66561,3859.23
1001,195,2025-05-05,delivered,978 Robinson Mountains,North Tammyview,OK,28388,2377.88
1002,195,2025-10-20,delivered,4598 Sara Green,South Amy,KY,58224,5276.54
1003,195,2024-11-14,processing,79365 Laurie Villages Suite 569,South Rachel,MH,77766,1465.12
1004,195,2025-01-06,delivered,27357 Donald Loaf,Branchland,FL,33159,1208.24
1005,196,2024-11-14,delivered,578 French Crescent,Jimport,HI,45120,4103.76
1006,196,2025-09-10,delivered,0098 Nancy Isle Suite 836,Lake Stephanietown,ID,35715,730.8
1007,196,2024-12-11,delivered,653 Brianna Islands,Oconnorside,KY,81311,2443.86
1008,196,2025-10-24,pending,707 Ronald Burg Suite 461,Kristinbury,VI,58846,496.28
1009,196,2024-11-25,shipped,9174 Gonzalez Points,Millerfurt,IA,66526,6022.37
1010,197,2025-11-01,shipped,2157 Marsh Village Apt. 545,Pattersonhaven,FL,38573,1964.92
1011,197,2025-09-04,shipped,1427 Khan Road Apt. 419,Thompsonborough,VT,34348,2416.0
1012,197,2025-08-06,shipped,22339 David Port,North Stevenville,IL,18669,2237.16
1013,197,2025-07-28,processing,4845 Chavez Underpass,Jonesview,DE,96719,2858.61
1014,197,2025-05-12,delivered,0456 Barbara Courts Suite 457,Vasquezmouth,WV,52864,2768.3
1015,197,2025-11-10,pending,6664 Kaufman Cape Suite 208,Melissaberg,OR,57620,2485.1
1016,198,2025-03-13,pending,2175 Karl Road Suite 829,Ferrellmouth,MN,39702,1472.04
1017,199,2025-08-27,delivered,20618 Schwartz Mall Apt. 987,Lake Alicia,WY,90360,730.8
1018,200,2025-02-28,shipped,67246 Harris Camp,East Lauren,CO,34179,2293.07
1019,201,2025-02-16,cancelled,18393 Lori Common,North Laurenhaven,KS,88133,3513.82
1020,201,2024-11-21,pending,4885 Mills Island Suite 245,New Philip,MA,10307,4200.92
1021,202,2025-02-28,cancelled,9745 Zimmerman Pike,West Charles,NV,75457,1066.51
1022,202,2025-10-20,cancelled,871 Mark Locks,Sloanchester,FM,32933,948.54
1023,202,2025-07-26,shipped,958 Beck Cliff,Valdezberg,MD,89959,5078.31
1024,202,2025-04-12,pending,199 Kimberly Street,Andersonchester,PA,40677,2131.06
1025,202,2025-07-17,delivered,2936 Taylor Pine Suite 179,Leefort,OK,95775,3092.37
1026,202,2025-10-04,shipped,02719 Erin River,Melissaberg,MP,01684,4434.58
1027,202,2025-01-24,delivered,12151 Cynthia Knoll Suite 244,Barkerberg,AZ,12802,112.66
1028,202,2025-04-13,pending,6339 Tricia Knoll Apt. 824,Lake David,DC,42841,2894.59
1029,202,2025-02-14,shipped,0307 Edwards Walk,Cameronview,MH,21423,1980.37
1030,203,2024-12-06,shipped,8435 Tony Land,Port Stephanieborough,WA,32843,731.74
1031,203,2025-11-13,shipped,099 Johnson Greens,Adamborough,CO,03653,4493.13
1032,203,2025-10-31,pending,7182 Erica Squares,East Katherine,NM,62722,3571.86
1033,203,2025-07-15,cancelled,6554 Sanders Mill,South Michael,IN,44744,4102.92
1034,203,2025-03-17,cancelled,147 Hector Loaf Suite 615,New Jay,WI,76142,2309.76
1035,203,2025-08-29,processing,427 Marisa Cliff,Brianville,IL,33882,2675.9
1036,203,2025-10-01,processing,390 Moore River,Williamport,AS,59019,3577.97
1037,203,2025-05-15,delivered,91299 Jeffrey Creek,East Valeriestad,PA,32275,1182.55
1038,203,2025-06-21,processing,7142 Kristine Corners Suite 220,Gatesmouth,PA,12145,1412.03
1039,204,2024-11-30,shipped,443 King Forge,Adamsview,IL,21520,2894.26
1040,205,2025-08-30,shipped,142 Hannah Station Apt. 072,South Raymond,NY,31824,3533.8
1041,205,2025-03-16,pending,8087 Barnett Coves,New Sabrinaborough,ND,98884,3595.42
1042,205,2025-04-06,shipped,00900 Lewis Dam,Wyattchester,SD,62870,1173.51
1043,205,2025-11-09,cancelled,4658 Martinez Expressway Suite 703,Joshuachester,SC,28890,1259.83
1044,205,2025-02-06,processing,465 Foley Pines,Shawnaland,MA,39388,3181.41
1045,205,2025-08-30,delivered,351 Edwards Ford Suite 185,Port Jessicafort,MO,75065,2061.17
1046,205,2025-08-01,cancelled,9596 Mccormick Bridge Apt. 337,Ericshire,MP,52295,2383.94
1047,205,2025-08-26,cancelled,421 Anne Ferry Apt. 514,Michaelshire,SC,48770,3497.42
1048,206,2025-10-04,cancelled,2376 Williams Cliff,Douglaschester,ME,28550,969.96
1049,206,2024-12-05,pending,708 Jeffrey Oval,East Brittany,FL,16473,1348.36
1050,206,2024-11-19,cancelled,2439 Gabriel Route,Antonioport,OK,52159,2224.99
1051,206,2025-10-27,shipped,407 Rhodes Shores,Jameston,PW,72036,2916.86
1052,206,2025-05-13,pending,476 Mcdaniel Burg,South Williamport,ME,52830,2836.88
1053,206,2025-04-29,processing,9483 Noble Viaduct Apt. 943,Wagnerstad,MH,96023,3842.69
1054,206,2024-11-19,shipped,9256 Ashley Turnpike Apt. 669,East Lindsay,WI,19211,567.86
1055,206,2025-03-20,shipped,273 Robbins Loop Apt. 704,Thompsonbury,KS,84129,2006.25
1056,206,2025-02-18,shipped,6105 Sharon Hills Suite 180,Bergfurt,GA,66319,4586.75
1057,207,2025-09-25,pending,887 Joseph Glen Suite 039,Christopherchester,RI,93205,381.82
1058,207,2025-03-18,processing,34408 Heather Freeway Apt. 838,North Randallborough,KY,61962,1033.72
1059,207,2025-04-25,processing,37793 Christopher Spring,East Sarah,AK,10564,767.5
1060,207,2025-04-11,cancelled,85200 John Courts,Edwinland,ID,32268,879.72
1061,207,2025-09-25,delivered,314 Brittney Fall Apt. 270,East David,PA,56396,3399.54
1062,208,2025-05-19,processing,12959 Priscilla Gardens,Lake Kerrifort,SC,42470,855.16
1063,209,2025-04-16,pending,01917 Melton Ville,Port Katherine,LA,40990,179.4
1064,209,2025-06-06,pending,3871 Gentry Island,Jenniferport,NE,81609,6412.81
1065,209,2024-12-27,cancelled,0870 Timothy Place,North Megan,AR,06607,2408.88
1066,209,2025-07-13,processing,808 Justin Station,East Maryburgh,DE,50365,707.78
1067,209,2025-07-29,delivered,59324 Amy Dam,Jacobmouth,MS,21495,784.92
1068,209,2025-04-02,delivered,021 Daniel Mews,Elliottport,GA,69855,98.4
1069,209,2025-10-30,delivered,67011 Griffin Creek,Port Ryanmouth,WY,97752,3649.81
1070,209,2025-06-09,shipped,290 Luis Isle Apt. 864,South Scott,WI,02564,2655.74
1071,209,2025-01-18,processing,99417 Clark Walks,West Soniatown,MN,26372,422.34
1072,209,2024-12-13,shipped,05075 Smith Green Suite 284,Hickmanmouth,AR,30999,3079.61
1073,210,2025-09-12,shipped,467 Williams Avenue Apt. 076,Donnaton,MA,67339,439.86
1074,210,2025-02-11,cancelled,0172 Jackson Row Suite 328,New Anthony,PR,90888,2039.05
1075,210,2025-06-13,cancelled,05112 Margaret Glens,South Paulafurt,ND,04568,648.14
1076,210,2024-12-11,pending,0240 Edwards Circles,Littleview,PR,62710,3289.57
1077,212,2025-09-20,processing,170 Nelson Knoll,Knighthaven,OH,53655,1264.02
1078,212,2025-01-27,cancelled,40790 Walters Plains,East Amyhaven,DE,76201,763.64
1079,214,2024-12-07,pending,45676 Gonzales Cliffs,Davidshire,MO,97205,4874.79
1080,214,2024-11-24,shipped,0921 Henderson Isle,South Mollymouth,WV,05759,3866.97
1081,214,2025-01-02,delivered,380 Padilla Keys,West Shannon,VI,21756,2637.85
1082,214,2025-05-03,delivered,253 Brian Knoll Apt. 848,Bowersstad,VT,66303,3155.57
1083,214,2025-05-25,delivered,2993 Courtney Junction,Snowtown,GA,92255,1175.6
1084,214,2025-10-28,cancelled,93986 Gonzalez Rest Suite 648,Josephmouth,IA,77248,3181.79
1085,214,2025-06-17,delivered,6523 Angela Plaza,Stanleyfurt,GA,20885,2599.13
1086,214,2025-05-15,delivered,3340 Mccoy Centers,South Rogerbury,KY,08247,3366.06
1087,214,2024-12-28,shipped,215 Norris Glens Suite 263,Jacksonhaven,OH,55497,5893.13
1088,214,2025-01-22,processing,57044 Cox Union,Lake Rebeccaport,IL,36007,1595.38
1089,215,2025-10-17,pending,11175 Preston Greens Suite 957,Garrettland,SC,73142,505.18
1090,215,2025-06-07,shipped,46381 Jones Road Apt. 164,Mayburgh,MH,33488,3900.06
1091,215,2025-07-27,delivered,2998 Thompson Mill Apt. 539,Brooksshire,AS,16000,2801.56
1092,215,2025-04-01,pending,07514 Jarvis Run,Port Allisonview,NJ,75059,2041.69
1093,215,2025-01-20,shipped,57824 Singh Club,Lake Wesleyberg,KS,53519,1318.26
1094,215,2025-03-09,cancelled,786 Kyle Summit,Port Cynthiaview,SC,54995,3973.38
1095,215,2024-11-18,delivered,9610 Lamb Ranch Suite 374,Port Dylanland,NC,64868,3371.39
1096,215,2025-07-03,cancelled,5061 Kim Keys,North Danielburgh,MD,00792,2940.53
1097,216,2025-01-05,shipped,60040 Renee Orchard,New Sarah,RI,71428,2246.69
1098,216,2025-04-23,pending,212 Angela Common,Julieside,LA,18983,2228.44
1099,216,2025-04-06,processing,9669 Wagner Green,North Sarah,SD,09341,4167.26
1100,216,2025-03-04,delivered,4246 Darlene Fork,Jacksonside,PW,55962,352.09
1101,216,2024-12-09,cancelled,528 Singh Station Suite 757,Lewisfort,UT,80298,958.06
1102,216,2025-05-27,pending,305 Porter Ports,Kellerside,PR,27891,225.32
1103,216,2025-04-13,pending,0741 Miguel Forge Suite 815,Port Juanbury,OK,07798,3998.62
1104,216,2025-02-12,processing,0285 Montgomery Lights Suite 096,West Kyle,NH,51985,3575.39
1105,216,2024-11-19,shipped,1210 Vincent Curve Suite 226,Maryport,PW,14104,2406.4
1106,216,2025-06-05,processing,45940 Mcgrath Rest,West Richard,IA,44589,3305.82
1107,217,2025-01-13,shipped,377 Johnson Mission Suite 557,South Nancy,KS,73918,1971.04
1108,217,2025-09-24,shipped,251 George Isle Suite 679,North Donnamouth,WI,22769,1375.16
1109,218,2025-10-09,pending,9294 Murphy Estates,Port Claudia,NM,33897,121.67
1110,218,2025-08-03,pending,03854 Samuel Circle,Katherinemouth,OK,94151,1812.22
1111,218,2024-12-14,delivered,2695 Small Forges,Chadborough,TX,80228,1496.7
1112,218,2025-10-17,delivered,3529 Butler Inlet Apt. 620,Brianstad,FL,03439,2977.34
1113,218,2025-04-16,processing,46118 Fox Field,Thomasburgh,SD,50622,1625.34
1114,219,2025-10-29,delivered,338 Justin Station Apt. 716,East Jamesbury,AR,66640,908.51
1115,219,2025-09-25,cancelled,4184 Robert Unions Suite 020,North Jeffrey,PW,73026,545.15
1116,220,2025-06-10,cancelled,210 Sarah Oval,Jimenezmouth,WY,61289,1455.32
1117,220,2025-05-08,cancelled,5764 Bailey Isle,East Johnhaven,DE,80898,946.23
1118,220,2025-03-21,shipped,51102 Weber Ports Suite 533,New Christineberg,ID,91091,3233.39
1119,221,2025-02-17,delivered,135 Larry Shoal,Matthewtown,NH,03494,1873.2
1120,223,2025-01-07,pending,0626 Paul Haven Apt. 514,Lisafort,NE,21103,8327.7
1121,223,2024-12-24,delivered,8342 Terry Village Suite 302,Brianshire,MD,63151,2113.91
1122,223,2025-11-04,pending,2023 Hunter Ford,Murrayville,GA,49553,718.78
1123,223,2025-06-13,shipped,488 Brittany Views,Mariastad,CO,50844,1571.51
1124,223,2025-08-03,cancelled,919 Edwards Viaduct Suite 446,Katrinaberg,IA,77070,803.83
1125,223,2024-11-15,delivered,1524 Tiffany Wells,Simpsonstad,MA,34009,416.22
1126,224,2025-05-23,delivered,89779 Duran Crossing,Nicholaston,WA,81249,1909.1
1127,224,2025-08-03,delivered,7250 Rebecca Square,North Laurenport,TN,10556,441.95
1128,224,2025-05-11,shipped,073 Haynes Manors Apt. 316,East Elizabethtown,WA,64375,402.82
1129,224,2025-06-29,pending,164 Olson Ville,South Michael,SD,23986,196.26
1130,224,2025-08-18,delivered,86785 Susan Springs,South Rebeccafurt,NC,67097,929.28
1131,224,2024-12-10,pending,7155 Byrd Common Suite 689,Tinashire,IA,55626,494.84
1132,224,2025-11-10,shipped,4605 Edwards Square,Wilsonland,IN,27639,2920.88
1133,224,2025-06-28,processing,3224 Velazquez Pass Apt. 569,Jonesberg,CO,19548,178.54
1134,224,2025-07-20,cancelled,748 Riley Plaza Suite 879,Stevensonland,OK,56187,632.8
1135,225,2025-11-09,shipped,52704 Paul Wells,East Kathleen,GU,74346,4462.08
1136,225,2025-08-24,pending,4230 Dennis Haven,Willistown,DE,64445,390.14
1137,225,2025-04-13,delivered,91986 Steven Springs,Port Alexandriastad,IN,51397,1892.36
1138,225,2024-11-14,pending,23063 Butler Ford Suite 775,Oliverport,GA,80190,5073.45
1139,225,2025-06-03,processing,04003 Taylor Brook Apt. 248,Lake Sean,VI,91565,494.48
1140,225,2025-04-09,delivered,523 Combs Common,New Zacharyberg,AL,32329,1724.72
1141,225,2025-10-03,cancelled,695 Levy Shore,New Matthewland,VT,13998,4248.22
1142,226,2024-12-19,cancelled,177 Lisa Fords,Colemanfurt,IN,51918,1274.26
1143,226,2025-07-23,pending,2813 Robert Vista Suite 984,Alejandroborough,TX,64901,929.28
1144,226,2025-07-08,delivered,294 Marissa Overpass,Jefferyborough,TN,97791,73.8
1145,226,2024-12-24,shipped,45275 Hayes Courts,Brandonbury,AR,48886,236.51
1146,226,2025-04-18,shipped,071 Jacqueline Trail Suite 524,Lauraland,NY,47102,4285.84
1147,226,2025-01-14,processing,820 Mark Harbor,Alexanderchester,KY,75781,2358.97
1148,227,2024-12-17,processing,1657 Combs Dam,East Jacqueline,AS,98919,4306.42
1149,227,2025-04-12,pending,549 Pamela Curve,Annaview,OR,39364,3867.82
1150,227,2025-01-25,cancelled,577 Boyer Club Apt. 886,Colleentown,WI,97074,4378.01
1151,227,2025-10-21,pending,915 Cortez Summit,Robertsonberg,IL,74467,3514.57
1152,227,2025-08-10,cancelled,360 Beth Haven Apt. 270,Reyesside,WI,43385,746.72
1153,228,2025-07-31,processing,0878 Wanda Mill,North Elizabeth,AK,29794,1301.62
1154,228,2025-11-07,shipped,811 Alexander Ports,Fosterfort,NE,29315,711.28
1155,228,2025-05-03,shipped,37344 Valerie Lane,Roberttown,NH,84465,4245.76
1156,228,2024-12-22,processing,6574 Brianna Overpass,Johnsonview,MO,59560,947.66
1157,228,2025-01-30,processing,64909 Nelson Manors,Francisbury,VT,87150,3925.23
1158,228,2024-12-02,pending,868 Brian Estates Suite 312,South Mary,MT,17249,3258.64
1159,228,2025-03-15,processing,8009 Black Inlet Apt. 146,Port Lesliemouth,WI,96618,3573.13
1160,228,2024-11-18,shipped,19007 April Island,Philipbury,SC,41006,2529.82
1161,229,2025-08-22,processing,3693 Angela Harbor Apt. 319,Staceyfurt,NM,09372,3151.23
1162,229,2025-06-04,cancelled,13054 Sarah Plains,Dianaburgh,MI,83110,48.61
1163,229,2024-12-09,processing,90359 Heath Bridge,Gabrielshire,LA,08765,3416.21
1164,230,2025-09-29,pending,9799 Jessica Forks,East Angela,VT,59176,2248.12
1165,230,2025-08-03,processing,6606 Mckenzie Pine Suite 134,Lake Jasonfort,OH,29057,5264.4
1166,230,2025-06-08,delivered,4308 William Lodge Apt. 293,Thorntonburgh,MS,99081,967.88
1167,230,2025-04-10,delivered,207 Michael Inlet,New Markbury,IN,14321,2297.76
1168,230,2024-12-13,cancelled,605 Calderon Lodge Suite 719,Lake Kimberly,GU,87649,1469.08
1169,230,2025-06-17,cancelled,30287 Lara Groves,West Wesleyburgh,IA,89574,1306.9
1170,230,2025-10-03,delivered,60677 Rodriguez Well,West Katherine,NJ,87321,1312.72
1171,230,2025-11-08,cancelled,5571 Sandra Haven,Woodsview,UT,48144,4971.47
1172,230,2024-12-19,cancelled,3752 Ramos Hills Suite 882,Donaldchester,SD,79608,3549.46
1173,230,2025-06-23,shipped,185 Kathleen Cove,West Jillfort,MH,33223,419.37
1174,231,2025-09-14,shipped,515 Patterson Street,Snyderton,SD,48770,5908.44
1175,231,2024-12-06,processing,098 William Fords Apt. 934,Morriston,HI,64053,5501.03
1176,231,2025-03-17,delivered,34563 Melissa Tunnel Apt. 349,Devonmouth,NV,07526,2125.3
1177,231,2025-03-24,pending,5782 Lee Plains,Port Danielleburgh,KY,89267,4579.63
1178,231,2025-08-26,delivered,1618 Mejia Stravenue,Carpentermouth,WA,33391,1947.32
1179,231,2025-05-18,delivered,237 Jason Point Suite 478,Goodwinburgh,MT,69524,5442.4
1180,231,2024-12-20,shipped,92294 Kelsey Station,Lake Jeffrey,NY,99285,997.37
1181,231,2025-08-10,shipped,2539 Dillon Court,Joshuastad,KY,08945,596.85
1182,231,2025-10-06,cancelled,8831 Cannon Center,West Richard,AK,27111,6181.61
1183,231,2025-10-30,pending,267 Mark Hollow,West Tonyashire,GU,99461,1284.56
1184,232,2025-06-13,cancelled,7168 Pena Course Apt. 250,Thompsonside,MT,70787,1782.96
1185,232,2025-03-14,pending,3476 Gina Pine Apt. 309,Port Michael,NV,23712,1775.48
1186,232,2025-06-03,shipped,7363 Randy Gardens Apt. 846,North Taylorfurt,MH,20456,488.92
1187,232,2025-05-31,delivered,36490 Patton Shores,Campbellland,SC,12337,2951.02
1188,232,2025-04-30,delivered,3031 Jennifer Spurs,South Robertfurt,NE,23952,2490.53
1189,235,2025-08-31,shipped,455 Jones Terrace,New Cynthiamouth,RI,50093,535.62
1190,235,2025-01-11,pending,511 William Pine,Millerfurt,VA,54839,4545.88
1191,235,2025-08-30,pending,026 Kenneth Ramp,Lake Daltonview,RI,87024,7996.97
1192,235,2025-03-23,cancelled,916 Rachel Harbors,North Robertfort,ND,71849,1253.1
1193,235,2025-03-04,cancelled,3216 Brown Fall Suite 238,West Joseph,KS,02334,2915.03
1194,236,2025-05-11,delivered,07298 Johnson Gardens,West Danielletown,MP,56291,219.93
1195,236,2025-04-30,delivered,48533 Kimberly Parks Apt. 479,Michaelland,GA,74282,4456.53
1196,236,2025-11-04,cancelled,9220 William Skyway,West Kristiburgh,AR,67218,2544.28
1197,236,2025-06-28,cancelled,17680 Teresa Estate Suite 962,Tammiemouth,WV,07978,1392.06
1198,236,2025-05-17,pending,249 Jesse Rapid,Johnbury,GU,90678,57.39
1199,236,2025-08-31,delivered,0274 Cervantes Turnpike,New Jerry,LA,39257,2177.9
1200,236,2024-12-01,cancelled,6543 Moore Street,Jotown,ID,29961,1443.4
1201,236,2024-11-23,processing,414 Rios Village Apt. 908,Lisamouth,AR,99322,3275.56
1202,237,2025-10-01,cancelled,871 Richards Villages Suite 182,South Tracy,CT,08280,216.86
1203,237,2025-07-09,delivered,4447 Ashley Square,South Davidview,PR,94120,3479.64
1204,237,2024-11-16,cancelled,45688 Sexton Pines,Riverafort,WV,27778,892.55
1205,237,2025-05-17,processing,9666 Scott Forges Suite 604,Bakerberg,AL,73682,3237.18
1206,237,2024-12-24,pending,68938 Michael Walks,Port Amanda,OR,82440,1587.66
1207,238,2025-03-02,pending,3935 Richard Dam,Lawsonmouth,NJ,58324,2000.75
1208,238,2025-04-07,shipped,668 Valentine Center,Lake Joy,NE,26230,694.4
1209,238,2025-04-17,pending,175 Jose Rue Apt. 353,Cruzview,GA,80430,892.02
1210,238,2025-10-01,cancelled,303 Allen Lakes,Lake Helen,PR,52553,3133.74
1211,238,2024-11-29,processing,29873 Bush Burgs Apt. 149,Houstonport,NH,43629,3523.75
1212,238,2025-02-26,pending,77049 Barbara Mall Suite 819,Michaelfurt,VI,44592,3332.44
1213,238,2025-06-24,processing,3961 Elizabeth Trail Suite 057,South Amber,PR,96091,2685.49
1214,239,2025-06-26,delivered,80417 Patterson Route,Pamelaton,NJ,94009,726.69
1215,239,2025-11-02,cancelled,88771 Benton Ports,South Lukemouth,HI,30857,3825.3
1216,239,2025-04-21,cancelled,1104 Gonzales Point,Coleville,FL,50968,1389.21
1217,239,2025-03-20,cancelled,281 Mary Radial Apt. 278,Rhondaburgh,KS,76188,1331.95
1218,239,2025-08-01,processing,608 Garcia Square,Ericaside,WI,44375,4890.46
1219,239,2025-10-19,shipped,73043 Nolan Ford Apt. 855,Maddoxtown,NM,16656,2595.78
1220,239,2025-05-01,shipped,8144 Adam Summit Suite 075,Williamsbury,WI,16627,2431.51
1221,240,2024-12-02,delivered,0797 Breanna Pine Apt. 288,Karaport,FL,59935,1184.68
1222,240,2025-11-06,delivered,449 Johnston Streets,Port Nicholas,AS,84659,2135.28
1223,240,2025-11-05,shipped,366 Braun Mission Suite 878,Lake Todd,CA,08344,2511.9
1224,240,2025-10-05,cancelled,92590 Steele Park Suite 185,Lake Richard,WI,83755,363.83
1225,242,2024-12-24,shipped,3040 Michael Underpass Apt. 041,North Robert,MO,65277,3598.3
1226,242,2025-05-12,pending,70712 Johnston Squares Suite 176,Lake Susan,AL,54297,92.0
1227,242,2025-10-18,shipped,72990 Clark Plaza Apt. 767,Taylorburgh,PR,57963,1125.12
1228,242,2024-11-26,pending,543 Randy Fort,West Williamchester,KY,63742,2271.07
1229,242,2024-12-31,cancelled,0467 Tina Cape Apt. 690,Steeleville,MD,93565,2411.83
1230,242,2025-09-17,delivered,26134 Jacqueline Ways Suite 312,Port Kelli,AR,93852,2835.53
1231,242,2025-04-29,shipped,6654 Mark Street Apt. 421,Levineview,IN,44402,2747.42
1232,242,2025-02-07,shipped,617 Michael Cliff,New Antonio,MA,59887,73.8
1233,242,2025-02-08,cancelled,36788 Phillips Isle,Dennisville,MD,16117,352.09
1234,242,2024-11-24,processing,55705 Cindy Landing Apt. 868,Prestonview,LA,12639,4128.11
1235,243,2025-01-01,pending,9989 Rios Island,Carlsonfurt,IA,41610,560.07
1236,243,2025-04-29,cancelled,62551 Miller Union,Nealstad,CA,77182,1545.98
1237,243,2025-01-29,processing,495 Carl Extensions Suite 344,Alyssatown,TN,09169,3523.38
1238,243,2025-07-13,shipped,2134 Hines Locks Suite 615,Lake Linda,NE,44460,1188.25
1239,243,2025-02-17,shipped,24708 Tina Alley,West Allisonville,GA,76897,2043.94
1240,244,2025-08-19,delivered,98840 Sanchez Trafficway Suite 812,Robertsonfort,WV,79337,44.08
1241,244,2025-02-17,processing,080 Robertson Valley,West Melissahaven,AZ,72132,3186.96
1242,244,2024-12-29,cancelled,33405 Angela Streets Apt. 056,West Susan,NC,94959,772.94
1243,244,2025-09-28,pending,902 Kimberly Cliff Apt. 669,Robertberg,SC,10342,5176.81
1244,244,2025-01-14,shipped,7642 Edward Spur Suite 983,Waterston,NH,35559,2769.59
1245,244,2025-07-12,cancelled,591 Paul Wall Apt. 033,Lake Meganchester,MN,55191,346.48
1246,244,2025-08-06,delivered,1665 Jefferson Passage Apt. 304,Melissaport,IA,66208,975.21
1247,244,2025-06-22,shipped,1645 Allison Divide Suite 322,North Thomas,FL,36049,623.31
1248,244,2025-10-25,processing,4126 Patricia Skyway Suite 574,Amyville,NY,98263,318.65
1249,244,2024-11-18,cancelled,393 Wilkerson Camp Apt. 544,Lake Danielle,NY,70021,3215.13
1250,245,2025-03-30,delivered,206 Watson Ridge,East Mitchell,PW,78869,2118.95
1251,246,2025-04-23,shipped,6223 Ryan Corner,South Matthew,MH,33834,843.0
1252,246,2024-12-30,pending,955 Conley View,East Rebeccaberg,MH,67861,2941.33
1253,246,2024-11-19,shipped,7106 Anne Lake,East Kaitlynshire,LA,35557,3692.47
1254,246,2025-05-08,shipped,3414 Christine Burgs,East Stephanie,WA,92280,2235.85
1255,246,2024-12-31,processing,679 Pamela Manors Suite 477,Port Brett,CT,10917,1175.89
1256,246,2025-07-28,processing,0838 Wright Mountain,South Andrew,CO,84703,2736.19
1257,246,2025-06-13,shipped,7953 Michelle Summit Suite 225,New Jeremy,RI,17497,2778.48
1258,246,2025-01-04,delivered,57772 Bryant Lake Suite 502,Lake Lindahaven,FM,45625,1800.09
1259,247,2025-01-24,processing,48460 Jennifer Field,New Margaret,VT,70523,2118.26
1260,247,2025-05-21,processing,04759 Miguel Parkway Suite 770,Johnstonbury,TX,77799,235.12
1261,247,2025-01-20,processing,20254 Miller Manor Suite 946,Newmanhaven,TN,09446,2553.73
1262,248,2025-06-02,shipped,61395 Deleon Islands Apt. 118,Kaitlinburgh,IN,83411,4337.65
1263,249,2025-03-22,cancelled,94737 Duncan Dam,Leonardhaven,PW,76970,2999.71
1264,250,2025-04-09,cancelled,9977 Jean Plaza Apt. 200,North Kristinaville,WA,33992,1213.41
1265,250,2025-01-21,pending,690 White Corner Suite 759,Danielshire,WI,99428,2810.59
1266,250,2025-09-04,shipped,671 Elizabeth Branch,Lake Josephstad,NY,91548,229.56
1267,250,2025-05-19,cancelled,2274 Henderson Squares,New Kenneth,NC,26502,370.71
1268,250,2025-10-10,processing,1719 Moore Isle,East Deniseview,IL,31304,1737.7
1269,250,2025-03-20,cancelled,7577 Wallace Glen,South Lauren,WI,44384,1665.64
1270,250,2025-06-07,delivered,0310 Fletcher Ramp Suite 914,South Ritaland,SC,90380,1769.45
1271,250,2025-07-14,processing,061 Timothy Greens,Longchester,PA,65714,3871.06
1272,251,2025-10-02,processing,2171 Keith Forks Suite 668,Port Veronica,AR,29077,3265.06
1273,251,2025-01-11,cancelled,69525 Patel Stream Suite 735,South Taraland,WA,07760,2998.85
1274,252,2025-07-27,delivered,83947 Adams Stream Suite 126,West Chelseaborough,TN,53569,4275.12
1275,252,2025-07-31,pending,96275 Wolfe Glens,New Mikayla,AZ,76924,2161.12
1276,253,2025-03-16,shipped,956 Robinson Brook,Lake Phillipfurt,FL,93694,718.27
1277,253,2025-11-07,processing,51640 Dixon Ways,Port Kevinhaven,CT,12350,2296.21
1278,253,2025-01-31,delivered,73965 Timothy Road Apt. 959,Alexanderfort,UT,08521,2960.68
1279,253,2025-03-22,cancelled,8990 Davis Falls Suite 991,Kellyside,HI,63187,191.19
1280,253,2024-11-16,shipped,293 Kimberly Views,East Tinafurt,NY,75464,781.76
1281,253,2025-01-27,delivered,6021 Ryan Plains Suite 157,Millerberg,WA,80130,3238.65
1282,254,2024-12-09,cancelled,51956 Thomas Shores Suite 589,East Jeffrey,MN,47887,1850.05
1283,254,2025-10-21,processing,858 Barnett Ways,Leeberg,WI,19878,5500.56
1284,254,2025-06-13,shipped,335 Amy Mill,Garciaborough,MI,78964,6278.83
1285,255,2025-07-23,processing,7268 Jefferson Parks Suite 645,Arthurberg,MH,68648,2435.45
1286,255,2025-02-16,shipped,18508 Sarah Neck,Richardport,GU,46457,3051.24
1287,255,2025-08-31,cancelled,581 Luke Branch,North Annaside,FM,89686,1234.31
1288,255,2025-09-28,delivered,9744 Graham Radial Apt. 788,Bennettfurt,WY,83600,407.72
1289,255,2025-03-07,delivered,3334 Ramos Summit Suite 337,East Laura,UT,56914,3417.0
1290,255,2025-11-05,shipped,191 Smith Forge,Robertsside,FM,84232,1727.3
1291,255,2025-05-25,delivered,5052 Caroline Branch,Rebekahtown,KS,62529,1605.7
1292,256,2025-01-02,cancelled,97962 Joseph Radial Suite 736,Smithside,WV,97688,2673.95
1293,256,2025-11-11,delivered,198 Scott Hills Suite 366,Jamiemouth,SD,69801,735.44
1294,256,2025-06-05,processing,748 Leach Well Suite 713,Port Crystalside,KS,34900,2395.09
1295,256,2025-02-23,processing,63952 Mendoza Neck Suite 743,Bowmanland,FL,29633,2903.61
1296,256,2025-05-29,cancelled,775 Orr Cliffs Apt. 898,Riverafort,OR,88163,1828.38
1297,256,2025-06-09,processing,29000 Lawrence Island,Michaelville,NV,30662,2039.56
1298,256,2025-04-09,shipped,540 Daniel Cliff Apt. 442,Rileyfort,CT,18160,2216.3
1299,256,2025-01-25,pending,06533 Wiley Fields,Cheyennefort,MD,77219,1931.46
1300,257,2025-07-31,delivered,628 Jessica Crest,Hendrickshaven,NM,73919,3492.07
1301,257,2025-05-21,shipped,788 Kimberly Turnpike Suite 376,North Brianna,NJ,60224,2093.65
1302,257,2025-02-06,cancelled,6609 Sandoval Parks,Sarahtown,WY,99339,3498.02
1303,257,2024-12-04,pending,5072 Moore Ridge Apt. 107,Lake Hunter,FL,53553,2664.07
1304,257,2025-03-31,cancelled,8254 Young Isle,Emilystad,NE,66020,4742.56
1305,257,2024-12-30,pending,7539 Martin Unions,Angelashire,WY,72992,2859.59
1306,257,2025-05-10,shipped,840 Murphy Island,Lake Andrea,AL,48285,4301.63
1307,257,2025-01-28,pending,9726 Monica Land Apt. 705,Port Jameston,MT,79931,3352.88
1308,257,2025-04-23,processing,12815 Kelley Plaza Suite 027,Jeffreyshire,FM,73474,120.44
1309,257,2025-09-08,shipped,49241 Thomas Neck,North Monica,NE,90742,1200.78
1310,258,2025-01-26,cancelled,583 Ricky Green,Port Ronald,WV,68119,2205.92
1311,258,2025-11-08,processing,7238 Coleman Shores,Williamsfurt,NJ,63513,620.0
1312,258,2025-04-06,delivered,573 Roberts Valleys Apt. 577,West Tiffany,LA,05625,4082.69
1313,258,2025-01-21,pending,898 Anthony Plains Suite 587,East Matthew,NY,38768,1460.49
1314,258,2025-09-02,processing,2080 Keith Crescent Apt. 415,Port Stevenport,OR,32573,1994.76
1315,258,2024-12-28,delivered,0816 Christopher Roads Suite 661,Lake Justin,VT,36610,2706.89
1316,258,2025-05-03,shipped,00458 Johnson Row Apt. 270,Sawyershire,RI,89862,2410.26
1317,260,2024-11-27,pending,9493 Kim Keys Apt. 363,South Kelly,DC,22094,2190.35
1318,260,2025-03-11,delivered,8170 Joe Circles Suite 244,Moralesbury,TN,80123,1668.91
1319,260,2024-11-26,cancelled,045 Brittany Station,West Jacquelineside,VI,71769,3505.83
1320,260,2025-09-19,shipped,2514 Grace Lane Apt. 709,Clarkfort,GU,02324,2421.99
1321,260,2025-06-30,processing,6881 Patricia Forks,Noahville,TX,24176,3434.16
1322,260,2025-06-14,delivered,0164 Green Lodge,Cowanstad,NV,30861,397.08
1323,261,2024-12-26,shipped,3612 Powell Parkway,Fosterburgh,WY,99580,2285.95
1324,262,2025-10-23,pending,9474 Johnson Circle Suite 173,North Katherine,WI,65517,1544.73
1325,262,2024-12-19,shipped,42614 West Mall Suite 044,West Jacobview,LA,45721,1216.47
1326,262,2025-08-04,pending,694 Scott Shoals,Port Jeffreymouth,OH,06338,1720.2
1327,263,2025-02-19,shipped,2093 Sean Ranch Suite 524,Port Thomas,MT,00819,3653.2
1328,263,2025-08-13,processing,1464 Smith Extension Suite 135,West Eric,MI,45260,1131.34
1329,263,2025-04-11,processing,326 Mariah Fords,Sheilastad,MI,09989,1545.88
1330,263,2025-10-06,pending,542 Mejia Way,Morganstad,MO,71432,3044.11
1331,263,2025-05-27,shipped,482 Samuel Mountains,East Peterborough,ME,04776,1608.14
1332,263,2025-08-08,delivered,937 Jessica Gateway,South Terry,NV,32935,122.23
1333,263,2025-02-15,processing,2776 Carter Ridges,Rhondahaven,VI,16704,3960.49
1334,263,2025-06-26,delivered,8774 Theresa Highway Suite 993,East Robertstad,SC,65369,1788.68
1335,263,2025-01-12,delivered,8490 Hall Run Suite 783,North James,MO,16680,2219.08
1336,263,2025-10-29,cancelled,77905 Kevin Fords,East James,SD,42299,4323.72
1337,265,2025-09-17,pending,016 Ramirez Viaduct,East Johnberg,ND,08145,4159.62
1338,266,2025-10-16,processing,388 Friedman Cliffs,West Joshuabury,OK,63943,1793.88
1339,266,2025-06-12,processing,7341 Riley Corner,Lake Nicholaschester,AL,66051,1897.27
1340,266,2025-04-25,cancelled,65046 Stephanie Loop,Port Douglas,VI,65310,2576.65
1341,266,2025-06-15,cancelled,51826 Sherri Trail,West Bradley,MT,16933,738.96
1342,267,2024-12-08,delivered,401 Delacruz Vista,Leblanctown,MO,18319,3595.08
1343,267,2025-08-15,pending,99752 Schmidt Manor,Brandonside,IL,55387,3228.29
1344,267,2025-06-15,shipped,8214 Scott Fork,Duketon,NC,90403,2560.7
1345,267,2025-05-08,processing,3903 Carrie Drives,North Matthewfurt,HI,52641,3504.37
1346,267,2025-09-18,shipped,0247 Palmer Islands,Hansonside,MP,69923,2240.31
1347,267,2025-07-10,pending,32738 Pamela Extensions,New Kristen,IL,23166,3118.57
1348,267,2025-01-04,pending,254 Daniel Ramp Apt. 847,Kellyland,NY,70887,2422.05
1349,267,2025-04-18,processing,9478 Brian Via Apt. 463,Jenkinshaven,IA,63158,2503.23
1350,268,2025-10-06,cancelled,5045 Amber Lake Apt. 077,New Biancaborough,DE,58670,1757.68
1351,268,2025-09-15,delivered,13598 Justin Fords,North Linda,MN,88755,2308.76
1352,268,2025-04-25,pending,0101 Sullivan Course Apt. 352,Port Sharonburgh,HI,50730,3307.28
1353,268,2024-12-04,pending,64266 Jerry Light,West Brianside,FL,25444,1377.26
1354,268,2024-12-23,delivered,71719 Stewart Streets,Brandonville,PA,87778,4579.3
1355,268,2025-07-18,cancelled,81900 Gutierrez Mill Apt. 526,West Carly,CO,62346,4466.9
1356,269,2025-09-19,pending,52413 Edward Ferry Suite 710,Perrychester,AK,22590,3620.18
1357,269,2025-03-07,cancelled,57774 Elizabeth Prairie,West Thomasfort,MA,25620,3951.9
1358,269,2025-01-10,cancelled,799 Benson Springs,Frankville,MD,69565,1182.55
1359,269,2025-05-12,processing,8317 Logan Crescent,North Jonathanview,DE,21107,1479.72
1360,269,2025-03-06,processing,4673 Rose Ford Suite 174,New Patriciatown,TX,54223,380.33
1361,269,2025-04-18,shipped,5085 Yang Avenue Apt. 401,South Richardland,NH,04292,1238.27
1362,269,2025-04-12,delivered,01127 Amanda Walks,Lake Stephanieland,NH,21778,1769.45
1363,269,2024-11-24,pending,7965 Green Burgs,New Calebmouth,LA,17524,2492.25
1364,270,2025-09-12,shipped,078 Melissa Club Apt. 643,Kathrynburgh,ME,87112,336.15
1365,270,2025-08-14,processing,47546 Thomas Terrace,East Jeremy,MP,08686,894.34
1366,270,2025-07-21,cancelled,2116 Ross Fork Suite 159,East Joshua,UT,55888,2865.05
1367,270,2025-04-13,delivered,17464 Lopez Fort Apt. 649,Albertton,WI,42913,1414.54
1368,270,2025-07-21,processing,13713 Davidson Summit Apt. 107,Lake Timothychester,OK,90219,1992.4
1369,270,2025-08-31,pending,6018 Tracey Harbor Apt. 544,Torresfort,IA,31711,133.19
1370,270,2025-02-24,cancelled,9736 Johnson Shores,Shawstad,FL,48055,1970.19
1371,270,2025-10-03,shipped,75040 Thomas Corner,New Markfurt,OH,75513,3228.34
1372,270,2025-08-10,pending,0952 Mark Turnpike Suite 095,Dorseyberg,NY,09337,718.03
1373,271,2025-06-07,cancelled,2668 Randy Ford Apt. 416,North Candiceview,AZ,90940,1099.72
1374,271,2025-08-20,cancelled,78908 Phillip Union Apt. 112,South Sharonmouth,PA,18791,4077.78
1375,271,2025-10-20,cancelled,33125 Tucker Dam,Aaronborough,NC,45594,1738.59
1376,271,2025-09-02,cancelled,62714 Jake Turnpike Apt. 773,East Leslie,NM,30978,4866.8
1377,271,2025-08-11,pending,2142 Chelsea Ferry Apt. 793,Greenstad,SD,67109,3111.5
1378,271,2025-05-08,delivered,942 Williams Wall,Wendyberg,TN,43755,1483.19
1379,271,2025-02-08,delivered,558 Snyder Union,South Kenneth,WY,24373,3102.08
1380,271,2025-05-21,pending,9572 Abigail Road,South Susanland,DC,76915,7486.51
1381,272,2025-01-09,delivered,51113 Brent Burgs,Murphystad,WV,89157,999.35
1382,272,2024-11-30,shipped,6948 Dawson Wells,East Jasonberg,HI,30404,2585.57
1383,272,2025-10-11,shipped,87385 Brown Trafficway,Jamieville,IA,63420,3598.93
1384,272,2024-11-17,pending,783 Williamson Crossing Apt. 168,East Nicholas,AR,68116,1033.14
1385,272,2024-11-15,shipped,1519 Charles Mission,Josephside,OH,32790,3444.06
1386,272,2025-06-10,pending,74738 Cody Underpass,South Bruce,KS,75849,4334.48
1387,272,2025-02-24,shipped,45540 Chase Bridge Apt. 535,Debrahaven,NC,17562,3896.17
1388,272,2025-10-10,processing,8118 Elizabeth Valleys,New Denise,IN,68327,1617.88
1389,272,2025-03-18,pending,84779 Suzanne Passage,Doylebury,NH,09695,5316.28
1390,272,2025-04-06,cancelled,1533 Sean Brook Suite 667,Lake Pamelafurt,IL,31031,178.54
1391,273,2024-12-18,processing,161 Veronica Ramp,Matthewbury,AK,78484,7161.79
1392,273,2025-02-16,pending,13403 Vasquez Club Suite 037,North Robert,AS,71077,1478.28
1393,273,2025-06-26,shipped,04582 Thomas Valley,South Ianview,NV,91304,3797.53
1394,273,2025-03-08,cancelled,6847 Dylan Turnpike,Brucechester,MA,18117,2435.93
1395,273,2025-06-24,shipped,3679 David Via,Hatfieldton,RI,45797,2869.1
1396,274,2025-05-17,processing,55081 Ryan Union,Joshuachester,MD,92781,2946.74
1397,274,2025-05-05,delivered,744 Arthur Island,Brianstad,MH,11631,1153.86
1398,274,2025-10-26,delivered,567 Smith Turnpike Apt. 016,Lindseybury,AZ,03651,1478.28
1399,274,2024-12-10,processing,1405 Paul Neck,New Charlesview,WY,36122,2433.59
1400,274,2025-04-30,processing,8400 Billy Hill Apt. 046,Melindaview,RI,61051,1797.8
1401,274,2025-04-11,pending,8752 Sullivan Haven,Port Julian,NE,18136,3740.81
1402,274,2025-03-15,delivered,0138 Heather Rapids Suite 118,East Elizabethville,WY,50840,3791.32
1403,274,2025-03-30,pending,508 Micheal Isle,West Johnmouth,AK,58066,758.36
1404,274,2025-10-16,shipped,4164 Avery Orchard,Humphreyville,SC,05726,3110.0
1405,274,2025-08-08,processing,31976 Brown Lake,Tabithaville,MT,67334,2043.62
1406,276,2025-02-19,pending,6964 Juarez Row Apt. 441,East William,WI,09323,3923.38
1407,276,2025-10-15,shipped,72447 Kimberly Mount,Tiffanyland,VT,35386,1776.78
1408,276,2025-11-03,shipped,940 Autumn Inlet Suite 584,Youngshire,FL,84958,1156.8
1409,277,2025-08-30,delivered,878 Dawn Neck Apt. 767,Langshire,NJ,27472,1307.43
1410,277,2025-05-07,cancelled,3425 Anna Walk,Martinezberg,PR,71047,219.93
1411,277,2025-06-23,delivered,7676 Benson Locks Apt. 919,New Jakestad,GA,50380,3592.08
1412,277,2025-10-04,shipped,59931 Graham Prairie Suite 085,Waltonmouth,MD,75888,2188.26
1413,277,2024-12-28,pending,563 Washington Shore,Melissamouth,NJ,63588,3909.09
1414,277,2025-11-04,processing,0577 Dennis Lakes,Lake Christopherstad,LA,34061,3249.04
1415,277,2025-07-10,shipped,99857 Anderson Loaf Apt. 744,Michaelmouth,VT,88201,2086.06
1416,277,2025-07-25,shipped,6335 Mata Alley Suite 095,Port Alejandro,NV,21544,1817.55
1417,279,2025-05-14,shipped,82769 Chambers Point Suite 089,Mckenzieburgh,WA,85057,1819.86
1418,279,2025-04-27,shipped,36698 Kristin Ferry Suite 644,Lake Rebecca,PA,37918,1651.1
1419,279,2025-01-28,pending,07961 Kelly Neck Suite 784,West Travis,MT,38240,1803.37
1420,279,2025-06-20,shipped,163 Perkins Brooks,Langmouth,PA,23560,3455.77
1421,279,2025-03-26,delivered,69156 Moreno Neck,East Brian,TN,06540,3868.09
1422,279,2024-11-21,delivered,34902 Stacey Neck,Jessechester,OK,94362,3856.41
1423,279,2025-01-20,delivered,418 Christopher Light Suite 991,Lake Heathershire,PR,39891,2014.6
1424,279,2025-04-25,delivered,31182 Holder Court Suite 659,Codyland,SD,19517,1207.17
1425,279,2024-11-23,shipped,90596 Frazier Rue,Ericshire,LA,25258,2713.44
1426,279,2025-06-17,processing,754 Alyssa Hills,Allenfort,IA,40673,1347.3
1427,280,2025-07-14,delivered,30277 Gabriela Common Suite 931,Mooreton,MP,43755,1804.25
1428,280,2025-03-29,shipped,67992 Atkins Shoal,Emmahaven,IA,91068,3721.0
1429,280,2025-05-12,cancelled,8779 Jessica Shores,Michelleland,AS,22975,2338.0
1430,280,2025-10-11,shipped,2877 Jimenez Plain Suite 910,Andrewfurt,VT,22179,2920.96
1431,280,2025-07-02,pending,652 Garcia Island Suite 318,East Andrewtown,KS,10658,1086.88
1432,280,2025-08-13,delivered,1912 Wright Spurs,South Brian,HI,55857,3867.48
1433,280,2025-04-03,pending,149 Walker Knolls Suite 019,West Jason,CA,87234,1739.14
1434,281,2024-12-13,cancelled,58456 Bridges Wells,Port Jefferyton,UT,06572,4742.65
1435,281,2025-08-21,processing,749 Christopher Mission,Roberttown,AS,65993,584.66
1436,281,2025-02-11,cancelled,17373 Martha Orchard,North Mckenzietown,CT,87077,1280.56
1437,281,2025-10-21,shipped,262 Margaret Plaza Apt. 240,South Chrishaven,MS,44362,1943.65
1438,281,2025-02-25,shipped,0251 Wright Plains Apt. 471,Port Angelatown,WY,04766,3622.2
1439,281,2025-03-10,pending,15311 Carr Via Suite 027,Burkeborough,AS,92616,5943.14
1440,282,2025-10-13,shipped,7966 Melanie Glens Suite 625,Bellview,GA,24023,1830.75
1441,283,2025-03-13,shipped,0694 Sherman Tunnel Suite 541,South Kimberly,CT,15680,2473.1
1442,283,2025-03-09,shipped,0580 Ashley Skyway,Michaelfort,AZ,73463,2127.57
1443,283,2025-01-18,delivered,8650 Nelson Highway Apt. 442,Katiefurt,NM,82965,3571.0
1444,283,2024-11-20,cancelled,501 Fuentes Forks,Caldwellchester,WI,23671,321.14
1445,283,2025-04-21,delivered,704 Jonathan Loop Apt. 420,Daughertyside,CO,58059,3692.67
1446,283,2025-07-24,processing,68143 Ward Mountains,Lake Sarah,PA,98574,3070.2
1447,283,2025-07-23,delivered,6105 Martinez Mount Apt. 500,Reynoldsland,UT,60421,4205.52
1448,283,2025-03-28,shipped,800 Gaines Plaza,Haroldport,MN,48026,2613.6
1449,283,2025-05-09,delivered,86770 Patterson Curve Apt. 922,West Brenda,DE,34441,2840.17
1450,283,2025-01-31,pending,921 Moore Fall,Cindyside,IN,26227,1376.16
1451,284,2025-04-26,cancelled,0891 Gloria Cape Suite 994,Haileyfurt,OR,96775,1750.88
1452,284,2025-10-08,delivered,22562 Amanda Mall,Lake Alexisside,ND,05521,611.15
1453,284,2025-01-09,shipped,0162 Jill Locks Apt. 703,Sarastad,FM,82125,1371.46
1454,284,2024-12-24,pending,67616 Hernandez Ports Suite 586,South Melissa,AR,17901,1833.11
1455,284,2025-09-12,pending,68732 Christine Fall Suite 450,South Christinatown,RI,58066,1979.69
1456,285,2025-06-18,delivered,87183 Mcclain Throughway Apt. 006,Morrisport,NY,38144,132.24
1457,285,2025-02-14,shipped,04603 Copeland Station,Smithside,PA,91768,1212.14
1458,285,2025-10-10,cancelled,64937 Hanson Avenue Suite 479,Lake Mariamouth,WA,73173,7074.45
1459,285,2025-09-28,processing,47027 Ernest Motorway,Bakerville,ID,01075,690.72
1460,285,2025-08-06,pending,0198 Sexton Isle,Timothyside,NY,00532,2686.47
1461,285,2025-06-11,processing,74062 Walter Tunnel Apt. 725,Jeffreytown,MN,91395,2715.01
1462,285,2025-01-06,cancelled,55013 Moore Mountain Apt. 178,Chambersstad,AL,94814,5605.77
1463,285,2025-04-02,delivered,91841 Michael Course,Curtistown,VT,00925,632.8
1464,285,2025-05-23,pending,045 Mark Prairie Apt. 327,Gravesberg,WY,50658,1807.43
1465,285,2025-06-19,processing,3879 Bobby Drive Suite 239,South Tiffanystad,MT,26544,2528.0
1466,286,2025-04-21,processing,1241 Thomas Ridge,Christinaberg,SD,41518,3033.92
1467,287,2025-06-08,shipped,366 Kane Meadows,Jaredchester,MI,89366,1805.09
1468,287,2025-08-09,shipped,45945 Arnold Crest,Anthonyside,OR,42393,1303.81
1469,287,2024-12-25,delivered,3187 Rich Tunnel Apt. 302,North Juan,AS,28051,1150.08
1470,287,2025-02-14,cancelled,883 Doris Lights,Port Dustintown,RI,95696,4694.11
1471,287,2025-08-17,pending,0400 Sanchez Village,Hickmanchester,NY,40243,2593.09
1472,287,2025-05-13,cancelled,2602 Edwards Street,Farleyborough,MT,66491,2126.48
1473,287,2024-11-24,processing,73808 James Walk Apt. 970,New Laurashire,ND,22747,3967.86
1474,287,2025-03-07,delivered,0751 Taylor Alley Suite 367,New Deborah,CA,56025,2081.74
1475,287,2025-06-12,shipped,06688 Nancy Estate Suite 904,West George,TX,35400,496.0
1476,287,2025-04-08,shipped,068 Erica Ranch Apt. 241,Holdermouth,AL,28936,494.87
1477,288,2024-12-30,pending,083 Hansen Avenue,Nicoleview,KS,70061,3948.8
1478,288,2025-05-09,cancelled,8334 Mccullough Island,Hardinmouth,PW,97000,1300.0
1479,288,2025-07-17,processing,0213 Elizabeth Parkways,South Jacquelinechester,ME,07855,46.0
1480,288,2025-03-17,cancelled,430 Hardy Branch Apt. 782,Janicebury,NV,14514,4920.72
1481,288,2025-01-01,shipped,887 Justin Common Suite 578,East Crystalmouth,ID,94139,2096.3
1482,288,2024-12-13,delivered,17562 Castillo Rapids Suite 433,South Theresaburgh,NV,30127,1851.93
1483,288,2025-08-20,shipped,9766 Antonio Inlet,South Abigailfurt,KS,02277,145.83
1484,289,2025-09-05,shipped,7746 Taylor Rapid,Dixonmouth,MP,56525,3842.28
1485,289,2025-03-26,processing,5424 Hart Manors,Gibsonburgh,OK,80075,1554.77
1486,289,2024-12-04,pending,26794 Ryan Burg Apt. 541,New Frank,VT,31091,1404.74
1487,289,2025-06-17,pending,883 Christina Unions Apt. 898,Taylorstad,SD,33647,2287.95
1488,289,2025-04-26,processing,96610 Michael Landing Suite 480,Jamesland,VT,40531,3366.36
1489,289,2025-10-02,delivered,2735 Deborah Bypass,Lake Chrischester,MT,37904,6353.41
1490,289,2025-10-11,cancelled,096 Justin Tunnel Apt. 910,New Danielfurt,MI,87795,3559.64
1491,289,2025-07-01,delivered,5430 Cody Path Suite 627,Michelleburgh,AS,01057,266.38
1492,289,2025-11-01,cancelled,25898 Parks Views Apt. 073,North Robert,MO,49458,2026.47
1493,289,2025-09-27,pending,107 Courtney Springs Suite 117,East Elizabethview,AL,84299,2029.11
1494,290,2025-01-09,shipped,06422 Mcknight Turnpike Suite 349,Kathrynchester,MA,18870,5825.81
1495,290,2025-11-04,delivered,505 Justin Overpass Suite 116,East Williamshire,FM,46685,404.47
1496,290,2025-01-26,processing,5987 Elliott Streets Apt. 041,Nicoleburgh,WY,69892,2536.54
1497,290,2025-08-26,cancelled,01643 Renee Gateway,New Susan,NH,92894,145.83
1498,291,2025-03-01,delivered,433 Brittany Inlet Suite 786,Steeleport,FM,93217,2855.3
1499,291,2024-12-03,processing,7246 Mcintyre Orchard Apt. 834,New Laurachester,NV,82790,6929.65
1500,291,2025-10-27,pending,09978 Carter Extensions,New Ashley,CA,50212,3184.63
1501,291,2025-07-18,processing,12826 Hunter Rapids Suite 024,North Matthewstad,NJ,74393,1500.16
1502,292,2025-06-23,delivered,8434 Mcclain Keys,Lake Dylanbury,LA,27315,3866.13
1503,293,2025-11-04,delivered,0708 Robert Run Apt. 139,Cherylport,IA,42795,2523.03
1504,293,2025-11-10,pending,459 Julia Fords Apt. 282,Lake Craigland,HI,52071,2366.8
1505,294,2025-03-12,shipped,81544 Villegas Parkways,Port Steven,NH,07296,374.45
1506,294,2025-05-21,shipped,0709 Arroyo Stravenue,Lake Richardberg,MS,88152,1655.85
1507,294,2025-02-05,pending,6243 Ronald Mission,North Susan,NM,79978,1631.82
1508,294,2025-06-04,cancelled,7078 Scott Path,Simpsonmouth,GA,92299,1754.74
1509,294,2025-07-24,cancelled,996 Paul Valley,Port Aprilstad,KY,35589,440.88
1510,294,2024-12-24,shipped,579 Alison Locks,Lake Cassandra,CT,55473,2358.64
1511,294,2025-09-20,shipped,59952 Mcfarland Mission Suite 155,East Susan,CA,85383,1975.62
1512,294,2025-05-05,processing,34756 Christina Manors,Port Stevenstad,SC,07131,1824.67
1513,294,2025-01-07,processing,00278 Parker Ridge,Pamelahaven,TN,99504,795.78
1514,294,2025-10-16,shipped,05125 William Run Apt. 631,West Rachelfort,MP,50711,4823.79
1515,295,2025-07-03,processing,87927 Lowe Underpass,Hamptonburgh,MO,68083,2159.41
1516,295,2025-08-02,pending,3115 Elizabeth Trace Apt. 872,South Markborough,VA,13218,1764.49
1517,295,2025-03-13,processing,9419 Keller Island Suite 243,Adamshire,VT,18996,2803.82
1518,295,2025-09-06,processing,1573 Rice Avenue Suite 051,West Christopher,PW,16044,4194.0
1519,295,2025-09-15,processing,18672 Thomas Prairie,West Joshuastad,MT,56814,4727.33
1520,295,2025-11-02,delivered,667 Hogan Course,Brianview,IA,36167,6083.66
1521,295,2024-11-13,pending,26557 Benson Mountain,Robertfurt,MN,98287,2430.0
1522,295,2025-05-09,shipped,297 Mccann Corner,West Aaronhaven,MD,81019,4893.43
1523,296,2024-11-21,cancelled,30946 David Squares,Fieldschester,MP,13303,2828.27
1524,296,2025-10-04,shipped,3730 Harris Wells Suite 289,South Jennaland,SC,55270,1371.57
1525,296,2025-01-09,delivered,96150 Rodriguez Ville,South Raymondfurt,PA,07655,1871.15
1526,296,2025-02-06,cancelled,0590 Wilson Mount Suite 796,North Brooke,LA,54556,1338.46
1527,296,2025-05-04,processing,960 Nelson Manor,Port Eduardohaven,IN,02912,6569.57
1528,296,2025-05-31,cancelled,847 Atkinson Plains Apt. 437,Christyhaven,WA,51843,2820.42
1529,296,2025-06-09,pending,74823 Monique Camp Suite 154,Olsenshire,MI,02592,4270.6
1530,296,2024-12-27,pending,67211 Reyes Track,West Andrewburgh,PW,70586,1082.55
1531,297,2025-01-22,delivered,4913 Miller Turnpike Suite 094,Lake Lisa,IL,87095,3407.84
1532,297,2024-12-24,delivered,637 Laura Crest Apt. 518,Lake Johnshire,AS,03572,1159.41
1533,297,2024-11-23,cancelled,9046 Campbell Greens Apt. 581,Coreybury,RI,33919,2283.09
1534,297,2025-10-31,delivered,8911 Ryan Ville,North Cindychester,TX,07052,4169.53
1535,298,2025-07-19,cancelled,144 Roy Route Suite 611,Maloneberg,MP,80365,805.62
1536,298,2025-03-01,pending,67080 Yang Summit,Angelaview,TX,02027,4715.5
1537,298,2025-02-20,processing,9572 Murillo Bypass Apt. 031,Calebhaven,VI,54715,4072.54
1538,298,2024-12-18,shipped,9896 Kerri Spur Suite 947,Bakerville,RI,35953,479.78
1539,298,2025-06-30,pending,325 Carol Camp Apt. 026,East Jose,RI,18050,6995.31
1540,298,2025-01-08,delivered,7085 Jefferson Expressway Suite 823,Judithview,ID,91481,3879.65
1541,299,2025-03-01,cancelled,213 David Island Suite 769,Kimberlystad,VI,13956,6031.83
1542,299,2025-02-02,shipped,3237 Smith Trace Apt. 973,South Luisburgh,GU,42414,1464.5
1543,299,2025-01-10,processing,43421 Ashley Union,Moodychester,MD,57802,3461.62
1544,299,2025-01-16,cancelled,3350 Robert Green,Kelseyhaven,AZ,40454,1712.95
1545,299,2025-09-12,cancelled,407 April Ferry,Jessicahaven,NV,98608,2942.02
1546,299,2025-01-21,processing,706 Crystal Lake,Ramseyfurt,AK,69127,3527.62
1547,299,2024-12-06,processing,8226 Katelyn Squares Apt. 675,North Christopherborough,PR,18284,4112.85
1548,300,2025-07-17,cancelled,034 Maria Well Suite 775,Rosalesside,NY,91805,4597.33
1549,300,2025-08-02,pending,71379 Smith Burgs Suite 382,Port Gregoryberg,SD,29730,5566.29
1550,300,2025-07-26,pending,7537 Nelson Heights Suite 125,Mooreburgh,FL,02077,2591.6
1551,300,2025-06-11,cancelled,6442 Martinez Path,South Charlesfurt,AZ,96038,2943.38
1552,300,2025-04-29,processing,945 Benjamin Lights,New Jennifer,RI,18967,2439.47
1553,300,2024-12-10,shipped,98604 Todd Landing Suite 103,Curtistown,MN,49863,5020.31
1554,301,2025-07-03,processing,625 Glenda Lights Suite 123,Garyhaven,ND,81038,2124.51
1555,301,2025-06-27,shipped,888 Farmer Pine,North Nicoletown,NH,13537,1027.15
1556,302,2025-03-02,shipped,60368 William Isle,Joseview,IL,64460,4256.2
1557,302,2025-01-04,cancelled,26776 Michelle Tunnel,Port Sherri,VT,77484,3934.73
1558,302,2024-12-12,shipped,3843 Kellie Mountains,Riverafurt,NY,94344,949.2
1559,303,2025-09-14,shipped,18180 Lisa Vista Suite 472,Lake Stephaniebury,CT,16628,808.04
1560,304,2025-01-13,cancelled,9746 Jeff Curve Apt. 121,Rosemouth,WY,98961,698.95
1561,304,2024-11-19,shipped,32758 Monique Place Suite 920,Robinsonview,DE,50446,3165.35
1562,304,2025-03-26,processing,2618 Alec Key,North Sarah,AK,09603,822.84
1563,305,2025-05-10,shipped,1362 James Run,North Jasonmouth,AZ,23651,1284.56
1564,305,2024-11-24,cancelled,401 Price Loaf,Port Janetfurt,AZ,61505,564.76
1565,305,2025-05-24,cancelled,2045 Heather Ports,South Jillborough,UT,90311,1985.59
1566,305,2025-10-23,pending,33501 Page Manor Apt. 510,Meganshire,KY,50028,3656.54
1567,305,2025-11-12,cancelled,3051 Garcia Forges,North Brittany,NV,27110,1038.68
1568,305,2024-12-04,processing,0741 Matthew Roads,Perrybury,IA,74355,1553.66
1569,305,2024-12-02,cancelled,3857 Gonzalez Rapids,New Lukehaven,AK,92588,2650.22
1570,305,2024-11-17,cancelled,416 Erin Oval,Bradleyport,NE,68594,614.49
1571,305,2025-02-14,processing,6500 Becky Trafficway,Michellestad,NY,94428,2710.77
1572,305,2025-08-02,processing,4201 Kathryn Rapid Apt. 232,North Nicholasstad,CT,79150,3590.62
1573,306,2025-06-03,cancelled,0917 Johnson Junctions,Lake Bethburgh,MS,60987,1907.26
1574,306,2025-05-15,cancelled,46162 Emily Passage Suite 396,Rogerside,MP,99937,1467.55
1575,306,2025-07-19,shipped,02048 Miller Burgs Apt. 653,Tonyport,CO,33599,269.1
1576,306,2025-03-06,cancelled,719 Pace Junction,North Michelle,MN,76584,5261.43
1577,306,2025-04-04,pending,80029 Tina Stravenue Suite 473,Rogerview,DC,59362,6023.58
1578,306,2025-08-07,pending,436 Benjamin Tunnel,New Abigailburgh,KS,42889,772.94
1579,306,2024-12-05,pending,6470 Mary Manor,South Kennethfort,AR,56585,1437.82
1580,306,2024-11-17,pending,52553 Jacob Summit,South Robertburgh,ND,04192,2916.23
1581,306,2025-10-31,cancelled,1754 Cole Gateway Suite 905,Angelaside,DE,58908,686.68
1582,306,2025-01-24,shipped,96910 Laurie Manors,Ryanville,DC,08484,466.19
1583,307,2025-09-12,processing,6467 Green Point Suite 625,New Josestad,AR,98107,2781.6
1584,307,2025-08-04,cancelled,439 Michael Bridge,New Ryan,AL,19408,496.0
1585,307,2025-06-03,delivered,514 Allison Walks Apt. 552,East Jacobside,WV,54162,4007.43
1586,307,2025-03-24,cancelled,198 Kimberly Ferry,Port Cassandra,FM,06098,4096.02
1587,307,2025-10-09,pending,06730 Lisa Forks Suite 016,Marshallfurt,OR,19155,1680.82
1588,307,2025-08-10,delivered,105 Megan Courts,Johnsonstad,NM,38936,2994.72
1589,307,2025-11-01,cancelled,4069 Pamela Gateway Suite 673,Johnmouth,WA,49346,205.71
1590,307,2025-04-22,shipped,9597 Anna Falls Suite 327,East Sylvia,IN,64598,3204.5
1591,307,2025-09-02,shipped,91905 Sullivan Islands,West Bryanbury,ME,25561,4674.62
1592,307,2024-11-21,delivered,8329 Cruz Square Apt. 605,New Dakotatown,GA,89722,2610.08
1593,308,2025-02-25,delivered,63743 Wright Cape,East Tarahaven,KS,25768,4231.3
1594,308,2025-03-04,shipped,57168 Robert Circles,Lake Yolandamouth,MS,22858,4596.35
1595,308,2024-11-22,delivered,47873 Collins Harbors Suite 564,Orrborough,CA,85947,1146.62
1596,309,2024-12-20,pending,859 Richard Fort Suite 008,Jeffreyborough,AZ,16829,617.13
1597,310,2025-03-08,delivered,8165 Smith Pines Apt. 418,Port Stephanieberg,LA,37769,4961.75
1598,310,2025-04-18,delivered,826 Tanner Greens,Johnsonside,NH,29013,3213.7
1599,311,2025-09-05,delivered,14931 James Dale Apt. 938,West Matthewbury,AL,84673,2435.17
1600,311,2025-06-04,processing,9116 Henry Glens,Lake Thomas,OH,90998,2054.65
1601,311,2025-04-20,shipped,37227 Angela Lakes,Rachaelshire,HI,48348,1858.1
1602,311,2025-08-07,cancelled,21367 Ricky Run,East William,CA,95655,3403.18
1603,311,2025-05-15,processing,0287 Harper Bridge Suite 264,North Matthewtown,IA,77526,1359.73
1604,311,2024-12-17,shipped,8128 Sean Roads Apt. 985,Port Wendy,WI,73397,2080.86
1605,311,2025-10-25,shipped,78146 Wright Island,Port Kim,OR,68210,1388.8
1606,312,2025-08-23,delivered,20724 Garcia Springs,West Ryanburgh,IN,07314,4256.44
1607,312,2025-09-26,processing,8019 Cruz Camp Apt. 412,West Kennethville,FM,21270,2163.14
1608,312,2024-11-27,shipped,2487 Gordon Lodge,East Lisa,ND,85244,3130.69
1609,312,2025-06-16,cancelled,173 Lauren Mount Suite 063,Daniellebury,MT,73551,372.0
1610,312,2025-06-21,cancelled,5741 Wheeler Glen,South Richard,VT,32441,3057.61
1611,313,2025-08-02,shipped,5618 Gomez Junctions,Chavezfort,FM,69258,1362.13
1612,314,2025-04-02,delivered,945 Robert Plain,South Kelly,ND,74631,1877.74
1613,314,2025-10-30,pending,96042 Adams Avenue,West Marissa,MS,65582,4806.89
1614,314,2025-07-19,shipped,17829 Clarke Radial,South Katherinetown,IN,57931,60.08
1615,315,2025-08-19,processing,29403 Kevin Overpass Suite 126,New Jessicamouth,MD,16245,2041.72
1616,315,2024-11-18,processing,99707 Colleen Ford Apt. 329,Antoniofort,WY,48623,1469.93
1617,315,2025-06-29,pending,50165 Diaz Island Suite 486,Lake Eddie,CA,01910,2430.83
1618,315,2025-08-06,pending,056 Monica Junction Suite 738,Darrellshire,MO,01369,2015.88
1619,315,2025-09-11,shipped,661 Johns Unions,Lake Matthewland,NV,50107,5073.55
1620,315,2025-04-19,delivered,244 Bennett Mountain,New Christopherborough,IN,91002,232.32
1621,315,2025-10-27,cancelled,757 Bradford Lake Suite 606,West Kimberly,HI,55278,7256.51
1622,316,2024-11-21,processing,38824 Chapman Lane Apt. 818,Toddhaven,OH,05245,3001.45
1623,316,2025-03-05,processing,0363 Fox Green,Danielfurt,DE,74393,3143.28
1624,316,2025-10-20,shipped,9022 Natasha Rapid,Kellyland,TX,21908,2477.51
1625,316,2024-12-15,cancelled,5579 Samantha Mountains,West Richard,WY,99562,874.06
1626,316,2025-06-17,shipped,30636 Griffin Pine Apt. 715,Port Brianville,IA,52790,4050.01
1627,316,2025-05-20,processing,6795 Julia Stravenue Apt. 496,Robinsonland,OR,55770,2126.82
1628,317,2025-05-15,delivered,7912 Mary Inlet Suite 402,Rachelborough,OH,97070,2395.15
1629,317,2025-06-06,cancelled,9769 Blanchard Freeway,Hughesview,WI,72053,1644.54
1630,318,2025-06-03,delivered,996 April Neck Suite 391,Davidbury,MD,77058,1979.52
1631,318,2024-11-27,shipped,044 Owens Ferry Suite 072,Kevinmouth,VA,20235,240.32
1632,318,2025-05-18,delivered,09547 Andrea Harbor Apt. 751,New David,KS,50548,439.42
1633,318,2025-09-18,pending,78280 Lee Pike,Lake Rebeccaside,SD,85269,2980.58
1634,318,2025-04-06,pending,7075 Daniel Ports Apt. 925,Schmittmouth,MP,80711,3765.86
1635,318,2025-11-09,delivered,463 Kathryn Neck Suite 186,South Richard,NV,96815,1377.2
1636,318,2025-09-06,cancelled,63386 Kylie Crest Apt. 032,Andersonhaven,MT,40236,3962.85
1637,319,2024-11-23,processing,6549 Chavez Tunnel Suite 364,Tamarabury,GU,34148,658.03
1638,319,2025-06-19,processing,1217 Jackson Plains Apt. 128,West Samantha,GA,70314,1757.68
1639,319,2024-11-16,cancelled,920 Sanchez Lights,Anthonystad,MO,69266,2469.97
1640,319,2025-04-27,shipped,001 Nancy Field Apt. 524,West Patriciaville,MD,84028,456.76
1641,319,2025-05-09,pending,427 Holmes Vista Apt. 277,Port John,IA,43587,1061.67
1642,319,2025-05-01,pending,01844 West Lane Apt. 629,Brianchester,LA,09063,114.78
1643,319,2024-11-18,shipped,84173 Danielle Land,East Jonathan,NE,48926,2627.47
1644,320,2025-08-12,cancelled,6120 Kathleen Plains Suite 672,Greenton,CA,79405,687.49
1645,320,2025-09-28,delivered,891 Frazier Views,Tinamouth,FM,84468,7100.21
1646,320,2025-02-22,shipped,6286 Tyler Pass,Port Katherinehaven,LA,93772,850.01
1647,320,2025-05-08,cancelled,34074 Wesley Street Suite 058,Lake Jorge,WV,45821,397.08
1648,320,2025-07-31,pending,6512 Richard Brooks Suite 119,Kelseymouth,IL,84279,1770.7
1649,320,2025-05-02,pending,3031 Nichols Lane,Jeremyview,KY,99912,345.46
1650,320,2025-01-01,delivered,540 Breanna Expressway,North Bailey,AR,62389,4831.8
1651,321,2025-06-18,shipped,05390 John Groves Apt. 292,Thomasmouth,TX,48251,1525.57
1652,321,2025-09-07,shipped,562 Lawson Landing Suite 578,Port Tracey,IN,78396,943.44
1653,322,2025-02-15,shipped,10951 Gill Plaza Suite 828,Lake Meghanmouth,NJ,24108,4167.84
1654,322,2025-08-21,pending,783 Evelyn Cliffs,Cervantesshire,PR,89684,3085.16
1655,322,2025-06-03,delivered,0745 Moore Island Suite 703,South Cory,ND,84238,3446.85
1656,322,2025-05-29,pending,8750 Elizabeth Bypass Suite 520,Richardshire,PW,06660,1252.02
1657,322,2025-10-23,cancelled,3906 Gillespie Glen Suite 739,North Edward,SC,33976,4573.12
1658,322,2025-09-29,cancelled,73197 Regina Shoal Apt. 112,Port Jamesfurt,NM,24068,5020.43
1659,323,2025-07-08,shipped,694 Patricia Corner,Perrychester,KY,63863,887.74
1660,323,2024-12-08,cancelled,9352 Peterson Lakes,Lake Jasmine,ND,33002,57.39
1661,323,2024-12-24,shipped,01618 Gregory Isle,New Sarah,AR,65026,1969.16
1662,324,2025-03-07,delivered,664 Stacy Plaza,Johnsonport,FL,73405,4349.07
1663,325,2025-10-11,delivered,67232 Reyes Streets,Valeriefort,DE,05499,2349.77
1664,325,2025-04-09,cancelled,0673 Velez Pines,North Jonathan,ND,15951,2987.99
1665,325,2024-11-28,shipped,2908 Ruiz Valleys,Lake Danielville,NH,08490,1932.35
1666,325,2025-08-25,cancelled,4765 Gibson Lakes Suite 903,South Courtney,VI,95951,963.6
1667,325,2025-03-17,cancelled,9109 Julia Orchard Suite 865,East Kelli,ND,01085,1971.04
1668,325,2025-03-05,pending,34304 Anthony Mountain Apt. 002,Bentonmouth,MI,44744,730.8
1669,325,2025-02-22,processing,3964 Stacy Fords Apt. 511,Nashberg,GU,83686,3482.78
1670,325,2025-01-30,pending,58217 Tina Fork,Port Anthony,WI,07438,996.2
1671,326,2025-09-12,shipped,088 Gilmore Common Apt. 258,West Kevinbury,AR,52642,2642.25
1672,326,2025-03-16,shipped,2112 Rodriguez Lodge Apt. 098,Port Donnamouth,MT,56719,5902.15
1673,326,2025-02-11,cancelled,15267 Maria Mission Apt. 107,South Amandahaven,SD,57274,1728.12
1674,326,2025-02-27,shipped,414 Mercado Keys Suite 689,Jamesmouth,LA,24845,3739.36
1675,326,2025-03-26,processing,7768 Love Valleys,Lake Maria,MN,12092,3043.71
1676,326,2025-04-12,processing,32370 Joseph Stream Apt. 950,Flynnland,MI,84928,1607.45
1677,327,2025-09-07,cancelled,963 Jeffrey Run,Tonyfort,FL,44644,2417.69
1678,327,2025-08-18,delivered,15953 Linda Parkways Suite 162,South Jacobhaven,CO,42563,1040.54
1679,327,2025-08-19,cancelled,0309 Michael Corner Apt. 434,South John,NE,69634,3596.31
1680,327,2024-12-06,pending,9347 Kenneth Squares Suite 167,Thomasside,NM,98174,1032.78
1681,327,2025-03-05,pending,96474 Carrie Flats,South Allison,VA,40063,3498.87
1682,327,2025-06-03,pending,92951 Powers Points Apt. 845,Aliciaberg,MS,18832,4676.85
1683,327,2025-05-02,processing,31258 David Trafficway Suite 663,Adrianville,RI,58477,1195.21
1684,327,2025-10-15,shipped,7652 Kevin Vista Suite 851,Watkinsland,NJ,49090,2771.51
1685,327,2024-12-11,delivered,35284 Green Motorway Apt. 500,Lindamouth,KS,90016,1582.33
1686,328,2025-03-22,delivered,6648 Holmes Crescent,New Elizabeth,DE,23936,3658.71
1687,328,2025-05-09,processing,78335 Fernandez Route Apt. 452,Margaretside,ND,16058,5231.11
1688,328,2025-04-12,cancelled,353 Rodriguez Manors,Larryville,AS,34848,3564.52
1689,328,2024-12-21,cancelled,910 Kelly Trail,Linshire,SD,87068,9363.12
1690,328,2025-08-04,processing,298 Shelia Island,Juantown,TX,13483,292.32
1691,328,2025-01-04,shipped,1277 Robin Lights Suite 390,Lake Shannonview,NM,75201,3093.48
1692,328,2025-11-01,cancelled,80308 Garrett Roads Apt. 641,Nguyenport,AZ,20758,3150.57
1693,328,2025-08-09,shipped,6452 Bowman Point,Burchhaven,AL,22599,2883.98
1694,329,2025-02-13,delivered,6260 Angela Lakes Apt. 188,North Hollytown,AL,44040,2298.3
1695,329,2025-11-08,cancelled,8286 Soto Turnpike,North Rebekah,ID,01822,3591.11
1696,330,2025-05-08,cancelled,81692 Jamie Station,Grayfurt,GA,15292,1234.92
1697,330,2025-04-04,shipped,51980 Smith Tunnel Apt. 729,Port Lori,PA,40904,3984.19
1698,330,2025-10-08,cancelled,863 Medina Walk,West Brandy,VT,51677,1237.64
1699,330,2025-01-29,cancelled,495 Lynch Center Apt. 335,Melindahaven,MI,60209,2533.62
1700,331,2025-10-07,delivered,346 Deborah Via,South Christophertown,MI,42598,704.18
1701,331,2025-11-01,cancelled,3029 Miller Stravenue Apt. 941,Mcdonaldmouth,SC,86830,4467.9
1702,331,2025-01-12,shipped,79891 Murphy Greens,Port Chadville,NJ,82595,2058.87
1703,331,2025-01-14,delivered,8487 Matthews Canyon Apt. 926,New Rhonda,NC,52645,1612.01
1704,331,2025-03-27,pending,2008 Michael Unions,North Ashleyfort,LA,28068,4078.65
1705,331,2025-09-05,shipped,5292 Cooper Viaduct Suite 680,Rogertown,AL,14124,981.3
1706,331,2025-03-24,shipped,36242 Oliver Springs,Kristenton,AL,18250,750.97
1707,331,2025-11-01,pending,90672 Benson Tunnel Suite 095,Norrisburgh,MP,38153,803.94
1708,332,2025-06-07,cancelled,4763 Sherry Place Apt. 572,New Codyton,AZ,94363,1316.34
1709,332,2025-08-08,shipped,47418 Lori Trail Apt. 022,North Leslie,VI,74382,5757.8
1710,332,2025-05-17,pending,3368 Sarah Vista Suite 657,Jessicastad,DC,43998,3333.31
1711,332,2025-05-29,cancelled,568 Johnson Meadow Suite 487,Lake Richard,VI,67367,2549.89
1712,332,2025-05-15,delivered,00025 Green Row,Matthewbury,IA,37950,3757.54
1713,332,2025-05-04,shipped,94844 Smith Viaduct Apt. 450,Elizabethfurt,IL,26168,2152.96
1714,333,2025-05-19,cancelled,9511 Brittany Rue,East Amandamouth,PR,48207,1877.63
1715,333,2025-07-25,cancelled,9422 Elizabeth Gateway Apt. 419,Boonemouth,VA,11920,3180.23
1716,333,2024-12-14,processing,67743 Williams Greens,Port Brittanymouth,PA,20849,4493.9
1717,333,2025-05-02,pending,3694 King Rapids,Lake Kevin,NJ,51676,5535.4
1718,333,2025-08-10,cancelled,861 Welch Course,Trujillofurt,ME,95813,323.09
1719,333,2025-03-15,delivered,431 Walters Estates,Lake Sergioshire,WA,05256,2302.61
1720,333,2025-07-19,processing,3126 Mitchell Square,Evansberg,PW,82842,3006.82
1721,333,2025-09-19,cancelled,9587 Berry Landing Apt. 268,East Austinhaven,IA,59617,345.46
1722,333,2025-10-15,cancelled,83594 George Freeway,Markburgh,ID,23627,1625.0
1723,333,2025-09-23,delivered,802 Bailey Villages Suite 116,Port Holly,KY,27719,2679.42
1724,334,2025-03-22,processing,9286 Dennis Squares,East Jamiemouth,KS,83593,3693.5
1725,334,2025-10-29,pending,81060 Hughes Village,Joshuaborough,KY,89593,2959.34
1726,335,2025-04-23,pending,63356 Jones Lodge,New Linda,TN,65423,2824.81
1727,335,2024-11-27,processing,2151 Gregory Stream,West Melissa,CT,62740,2803.2
1728,335,2025-01-02,pending,685 Jose Summit,Amandaburgh,MS,07223,1340.63
1729,335,2025-07-17,delivered,354 Hernandez Extension,Austinmouth,VA,47712,973.66
1730,335,2025-09-20,shipped,61139 Adam Lakes,South Michael,SC,22144,4387.29
1731,335,2025-01-28,delivered,87056 Jeffery Lakes Suite 638,Brittanyland,NC,20665,1407.62
1732,335,2025-06-17,processing,99748 Riley Canyon Apt. 557,Port Michelle,ID,69264,3296.57
1733,335,2024-11-14,delivered,266 Becky Heights Apt. 447,Anthonymouth,AS,41740,2733.09
1734,335,2024-11-19,processing,6558 Debbie Islands Suite 972,East Gary,HI,06023,1602.07
1735,336,2025-02-18,cancelled,06319 Michelle Views,Phelpsfort,MP,13703,2891.98
1736,336,2025-08-26,cancelled,3591 Megan Stravenue,Port Brandon,MP,20684,873.5
1737,336,2025-06-13,delivered,22328 Shelton Trace Apt. 402,Sarahport,DC,19590,1311.14
1738,336,2025-02-22,pending,43023 Kim Centers,North Colinberg,NV,69500,5262.97
1739,336,2025-11-12,processing,243 Brown Radial,Bradleybury,MA,30680,5607.95
1740,336,2025-09-03,cancelled,561 Bright Ferry,Patriciahaven,KY,53965,3109.7
1741,337,2025-08-25,cancelled,4089 Ellis Lake Apt. 614,New Jaimemouth,AZ,78805,2847.2
1742,337,2024-12-03,shipped,36027 Renee Stravenue Suite 672,Jonesborough,NE,25013,4931.94
1743,337,2025-06-29,delivered,5989 Zimmerman Way,Gonzalezburgh,UT,39917,2120.75
1744,338,2025-01-27,delivered,46292 Jacob Estates,East Alexa,WY,11342,3408.63
1745,338,2025-01-28,shipped,23590 Thomas Springs Apt. 940,West Kevinburgh,ME,44854,2937.93
1746,338,2025-11-07,processing,92456 Leonard Pike,New Jasmin,MH,91902,1197.36
1747,338,2025-07-21,delivered,46293 Dawn Mount Suite 153,Angelabury,IL,94306,1702.91
1748,338,2025-06-03,cancelled,959 Jessica Valley Apt. 530,Matthewfort,MN,75262,3750.6
1749,338,2025-03-27,shipped,257 Jeffrey Streets,North Adam,AL,73843,1268.25
1750,338,2025-04-25,cancelled,694 Long Motorway,Stevenstad,GA,97907,1617.36
1751,338,2025-07-11,shipped,8356 Williams Route,Duncanberg,NH,87085,1500.16
1752,339,2024-11-13,shipped,2541 Julie Circle,Michaelchester,HI,86136,2019.41
1753,339,2025-03-10,cancelled,66768 Kristi Port,Stephaniemouth,OK,53230,2239.95
1754,339,2025-03-10,delivered,33642 Kirby Islands Apt. 206,Josephbury,DC,53975,1737.48
1755,339,2025-07-17,processing,3403 Jones Drive,Jamesville,AZ,80284,3699.1
1756,339,2024-12-08,processing,683 Christine Street Suite 312,West Frank,VI,53172,2378.67
1757,339,2025-02-28,shipped,7870 Gonzales Road Suite 442,Burtonbury,AZ,61669,2629.86
1758,339,2025-07-26,cancelled,8101 Daniel Hill,Alexandratown,MN,51845,496.28
1759,339,2025-07-06,shipped,11874 Anthony Glens Apt. 007,Lake James,CA,96441,4391.41
1760,339,2025-10-05,processing,204 Allen Mall Suite 041,North Brian,AZ,88482,232.32
1761,339,2025-10-08,shipped,310 Wood Branch Apt. 158,Dunnton,MS,54929,2619.9
1762,340,2024-11-18,processing,5141 Boyd Key Apt. 560,Davidberg,NH,62646,2293.03
1763,340,2024-12-03,delivered,53861 Tami Crossing,North Rebeccachester,HI,95516,1479.06
1764,340,2025-05-14,shipped,3593 Rodriguez Lock,Lake Melodymouth,AL,83312,205.71
1765,340,2025-02-19,delivered,55310 Gonzalez Club Apt. 207,West Jessica,ND,85429,3219.7
1766,341,2025-03-11,cancelled,240 Ball Bypass Suite 925,Port Jimmy,AZ,13494,781.82
1767,341,2025-08-01,shipped,993 Marissa Ramp,Port Janetview,WI,08223,92.0
1768,341,2024-11-22,shipped,97192 Zachary Mission,Jessicamouth,VT,77985,3258.56
1769,341,2025-10-14,pending,254 Kenneth Isle Apt. 266,Deannafort,IA,70302,439.42
1770,341,2025-11-11,cancelled,966 Dunn Wells Apt. 051,New Danielle,DC,92099,2372.44
1771,342,2025-10-19,cancelled,43067 Jimenez Path Apt. 677,North Trevorhaven,UT,18163,4046.06
1772,342,2025-02-18,delivered,935 Jennifer Wall,East Julia,CT,47092,3992.77
1773,342,2025-05-08,delivered,82366 Maria Loaf,North Christopher,GU,20296,3047.74
1774,342,2025-06-29,shipped,126 Brown Springs Suite 961,Port Tamaraside,KY,00716,4601.89
1775,342,2025-08-01,processing,092 Myers Orchard,Port Robert,WI,69789,2108.94
1776,342,2025-04-24,shipped,39950 Myers Lodge,Pattersonmouth,MI,03096,4161.92
1777,342,2025-06-05,pending,050 Amy Cape,Garrettburgh,MN,06786,1439.0
1778,342,2025-08-08,shipped,5644 Brenda Summit,Kimberlyberg,KS,28181,3639.24
1779,342,2025-04-24,pending,0502 Scott Course,Port Crystalville,WA,41198,1511.72
1780,342,2025-07-08,shipped,7849 Joel Villages,South Scottshire,MP,91666,611.32
1781,343,2024-12-19,shipped,6755 Tanya Shores,West Jacobfort,MA,84608,4234.91
1782,343,2025-10-17,delivered,157 Newman Shores,East Christine,AR,94373,1277.46
1783,343,2025-06-10,processing,603 Jason Park,Angelamouth,PR,47695,6458.24
1784,343,2025-10-21,processing,5351 Wright Shore Suite 439,South Aaron,CT,22885,1745.8
1785,343,2024-12-05,cancelled,003 Fernandez Walks Apt. 103,Port Michelle,NY,20453,1402.53
1786,343,2025-10-07,shipped,1609 Barbara Key,Padillaside,AS,46841,1069.84
1787,343,2024-12-27,cancelled,1907 Green Grove Apt. 439,Juliefurt,VT,10317,2996.52
1788,344,2025-04-30,processing,27726 Andrew Grove,East Jennifertown,WA,24104,732.12
1789,344,2025-06-04,pending,5592 Jasmine Radial Suite 688,Leachshire,MH,28972,5165.57
1790,344,2025-10-09,cancelled,974 Lee Rest,New Bradbury,ND,39040,1078.64
1791,344,2025-06-17,cancelled,1444 Jessica Vista Apt. 736,New Tanyaton,NY,43661,1150.08
1792,345,2025-05-02,processing,79476 Daniel Stravenue Apt. 429,North Ericshire,GA,84686,2064.18
1793,345,2025-05-21,pending,34615 Kristine Estate Apt. 676,Port Alexandrachester,AZ,12117,1177.46
1794,345,2024-11-20,cancelled,5897 Janice Curve Suite 658,Port Barbara,OH,43708,2153.5
1795,346,2025-02-18,processing,445 Hannah Ports,Leeborough,WA,33761,2022.35
1796,346,2025-04-08,pending,081 Phillips Pines Suite 029,Leonbury,HI,90590,3478.63
1797,346,2025-06-16,pending,53070 Mcclain Union,New Bradport,VT,69557,3758.8
1798,347,2025-08-10,shipped,601 Brown Station Apt. 345,East Catherineberg,PA,85120,3544.78
1799,347,2025-08-28,delivered,4183 Kimberly Points Apt. 474,West Andrew,AS,40938,2395.15
1800,347,2025-02-07,pending,39500 Romero Mission,Camachomouth,AL,05031,363.83
1801,347,2025-09-10,processing,57603 Garrison Fords Apt. 614,West Thomas,CO,47200,1247.95
1802,347,2025-09-05,pending,3295 Perry Circles,Williamburgh,UT,35159,2579.17
1803,347,2025-07-24,cancelled,4851 Rose Square,Maldonadofort,NJ,27104,3551.23
1804,348,2024-12-06,delivered,46017 Cannon Ranch Suite 400,Port Jessicaberg,MD,54544,3085.7
1805,348,2025-08-02,delivered,596 Sean Gateway,Woodsfurt,MA,34672,238.74
1806,349,2024-11-13,processing,47145 Norma Mission,Donnatown,WI,17240,196.26
1807,349,2025-06-07,shipped,5652 Robin Lane,Coxburgh,NH,48975,1350.14
1808,349,2025-09-04,shipped,4034 Cassidy Lake Suite 536,Courtneyburgh,HI,90395,603.47
1809,349,2024-12-02,shipped,0544 Glenn Knolls Apt. 901,Cruzburgh,MP,58995,1779.18
1810,349,2024-12-07,pending,88528 Brown Wells Suite 834,Jeffreyberg,GU,76916,323.09
1811,349,2025-07-11,pending,385 Nelson Vista Apt. 402,Loriside,WV,01472,120.16
1812,349,2025-03-10,cancelled,869 Amber Mission Suite 342,Martinmouth,AS,61495,48.61
1813,350,2024-12-23,cancelled,7873 Casey Plain,West Pamelaville,MP,53409,1293.28
1814,350,2025-01-12,pending,736 Kirk Freeway,Gonzalezport,AK,92080,1400.98
1815,350,2025-07-19,processing,91666 Roger Inlet,Williamsonside,NC,95263,1806.84
1816,351,2025-06-25,processing,6218 Henry Mountain Apt. 247,Pearsonside,NE,58167,574.55
1817,351,2024-11-29,pending,67148 Stevens Divide Suite 785,East Sue,FL,78836,1719.43
1818,351,2025-05-27,delivered,93413 Allen Junctions,Davidport,NJ,99606,4023.0
1819,351,2024-12-20,delivered,5822 Angela Views,Christopherland,WY,79624,3620.41
1820,351,2024-11-13,processing,67769 Margaret Crescent Apt. 164,Johnborough,ID,52962,1862.27
1821,351,2025-10-24,shipped,55035 John Street Apt. 101,West Stacy,UT,53388,2875.43
1822,354,2025-05-07,cancelled,149 Sweeney Track Suite 703,Lake Lindatown,MN,56677,3276.54
1823,354,2025-06-07,cancelled,8320 Rachel Unions,West Kristopher,MS,25794,4197.71
1824,354,2025-09-14,pending,9883 Mason Freeway Suite 444,North Dorothyborough,WV,17840,3123.3
1825,354,2025-09-13,shipped,3920 Hoover Tunnel Apt. 429,Dylanberg,WV,10510,2693.64
1826,355,2024-12-17,delivered,7435 Ryan Shore,Weaverburgh,AR,75978,3233.82
1827,355,2025-06-25,cancelled,721 Devon Brook,New Edward,OR,81135,1222.06
1828,355,2025-05-28,cancelled,901 Oneal Tunnel,Christyport,NM,56312,781.85
1829,355,2024-12-13,delivered,068 Stephanie Camp Suite 005,Mollyhaven,AK,10887,4617.49
1830,356,2025-09-21,cancelled,43360 Snyder Flat,North Jill,CT,16192,1924.35
1831,356,2025-11-01,delivered,9599 Becky Trace Suite 919,Kirbyton,PA,09212,2967.42
1832,357,2025-02-12,processing,1765 Andrew Ville Suite 948,Port Raymond,MH,75214,4212.8
1833,357,2024-11-23,pending,8011 English View,Lake Robert,RI,50963,914.38
1834,357,2025-03-06,shipped,453 Jacobson Park,East Brian,PR,76967,4725.91
1835,357,2025-04-22,processing,53530 Robinson Underpass,Tammyburgh,ME,89257,3107.06
1836,358,2025-06-18,shipped,9704 Hill Squares,Marcusville,TX,53522,5829.81
1837,358,2025-06-22,processing,40574 Christopher Route,West James,CT,82652,5182.41
1838,358,2024-11-13,pending,916 Jimenez Spur,New Michellestad,FL,10004,5535.64
1839,358,2025-05-29,shipped,868 Jose Field Suite 290,Port Zacharyhaven,OR,19234,1028.16
1840,358,2025-03-19,shipped,8398 James Burg Apt. 773,East Brettside,WY,73241,1858.48
1841,358,2025-04-21,cancelled,530 King Mount Apt. 340,Heatherville,KY,02369,1075.5
1842,358,2025-03-17,processing,181 Jennifer Station,Joneston,AL,05377,5560.88
1843,359,2025-02-28,cancelled,1234 Alan Stream Suite 525,Nicoleshire,MS,19651,2619.78
1844,359,2025-03-18,delivered,1441 Elizabeth Stravenue Suite 010,Lake David,MA,19591,2147.49
1845,360,2025-06-29,cancelled,76111 Robertson Fort Apt. 409,Bradyberg,TX,54414,375.04
1846,360,2025-09-24,shipped,16694 Sabrina Vista,North Chaseburgh,VT,27637,3063.06
1847,360,2025-02-06,pending,67965 Garrett Loaf,Bullockburgh,IN,72374,5539.96
1848,360,2025-08-22,delivered,8414 Kyle Lock,East Laurie,AK,98800,1113.92
1849,360,2025-05-21,pending,905 William Wall Apt. 595,New Kathrynview,GA,69275,73.8
1850,360,2025-07-19,processing,8362 Cisneros Overpass,North Anthony,NY,64786,4264.12
1851,361,2025-01-23,delivered,1059 Sabrina Keys Suite 981,Matthewland,OH,41393,3077.51
1852,361,2025-07-01,shipped,529 Scott Road Suite 221,Gonzalezside,ME,19054,2906.3
1853,362,2025-02-23,pending,298 Elizabeth Brooks Apt. 917,South Leonard,CT,86192,2863.24
1854,362,2025-07-22,shipped,420 Garrett Ville,Blackville,IA,14485,423.57
1855,362,2025-03-06,delivered,2530 Bruce Dam Suite 130,North Danielland,LA,56113,2288.71
1856,363,2025-03-10,delivered,14377 Tamara Landing Suite 922,Churchtown,TN,17132,4470.46
1857,363,2025-04-27,shipped,497 Dean Run,Salazarhaven,NV,91705,179.4
1858,363,2025-01-23,shipped,9641 Jason Bridge Suite 649,Hayesmouth,VT,53307,680.22
1859,364,2025-01-25,cancelled,680 Scott Coves,Victorton,TN,47186,687.07
1860,364,2025-07-17,cancelled,01127 Jessica Divide,Lake Mike,OK,95525,1851.38
1861,364,2025-02-07,pending,238 Lindsey Fort,North Richard,CA,57042,2338.17
1862,364,2025-04-19,shipped,4697 Tony Creek Suite 111,Troymouth,DC,31942,1875.2
1863,365,2025-06-27,shipped,71558 Smith Locks,Davidfurt,VI,23798,598.68
1864,365,2025-08-21,processing,8846 Sean Valleys Suite 787,Michellehaven,TN,03523,4114.41
1865,365,2025-03-31,pending,117 Chen Harbors Apt. 027,Kimview,GA,36700,2258.39
1866,365,2025-03-12,pending,9366 Krueger Heights,Amberfurt,WY,96789,2292.94
1867,365,2025-05-10,delivered,88161 Jodi Stravenue,Newmanport,GU,58880,2128.89
1868,365,2025-05-12,shipped,678 Brooks Crossroad Suite 331,West Robertmouth,PR,37843,2521.49
1869,365,2024-12-29,processing,4557 Walsh Burgs,Burketon,NJ,58430,114.19
1870,365,2025-07-20,delivered,5530 Charles Flat,Port Sarahville,FL,62203,2953.89
1871,365,2025-01-18,cancelled,212 Reyes Spurs Apt. 405,Matthewburgh,MD,14211,4722.11
1872,365,2025-05-25,shipped,8565 Sandra Lodge Suite 243,Parkerhaven,WA,18228,2064.15
1873,366,2025-09-12,shipped,22041 Robert Ports,Williamsburgh,MS,45125,3790.53
1874,367,2025-01-12,cancelled,148 Barnes Road,Hayesbury,NV,22814,3166.85
1875,367,2025-04-07,processing,93219 Price Villages,Port Harry,MN,96507,2257.44
1876,367,2024-11-13,processing,506 Lozano Crescent Suite 884,Elizabethberg,IL,52526,73.8
1877,367,2025-02-18,processing,10020 Vasquez Summit Apt. 406,East Sonya,CT,48024,2123.08
1878,367,2024-12-29,delivered,1967 Pamela Lodge Apt. 586,Jimmyview,TX,28261,1180.79
1879,368,2025-02-26,delivered,07043 Kristy Cape,Ellisburgh,FL,74079,651.7
1880,368,2025-05-13,cancelled,958 Jessica Oval Suite 286,North Toddfurt,FM,91065,127.46
1881,369,2025-07-19,delivered,873 David Circles Apt. 052,East Alyssa,MN,22049,352.09
1882,369,2025-01-09,cancelled,7504 Flynn Unions,South Deniseburgh,KS,37025,1759.81
1883,369,2025-06-14,delivered,460 Richard Station Apt. 616,Markport,DC,61722,1042.32
1884,369,2025-06-28,cancelled,99702 Pamela Hills,Jonesfurt,RI,98053,815.44
1885,369,2025-09-03,processing,7610 Tammy Walks,Stanleystad,KS,39003,1788.68
1886,370,2024-12-15,cancelled,3770 Christine Mall,Middletonton,MA,01891,2440.98
1887,370,2025-01-31,pending,2372 Sanders Grove Suite 604,Monicaland,OR,78248,514.76
1888,370,2024-11-25,cancelled,6322 Washington Cliffs Apt. 178,Danielstad,PA,93748,1995.39
1889,371,2025-01-18,cancelled,91694 Kathryn Curve Apt. 538,Chadmouth,MA,63206,3241.21
1890,371,2025-11-08,shipped,76572 Elizabeth Wall Suite 883,Reynoldsfort,OR,73852,3166.86
1891,371,2025-02-04,pending,408 Jessica Unions,South William,MO,83798,4463.04
1892,371,2024-12-26,cancelled,926 Boyd Light Apt. 807,Robertbury,AR,03809,2054.35
1893,371,2024-12-02,pending,75093 Hopkins Brook,Thomastown,RI,20868,4351.23
1894,371,2025-06-18,pending,37142 Jason Mountains,Shannonburgh,NM,75046,6414.22
1895,371,2025-02-09,cancelled,268 Sawyer Islands,Ericchester,WA,17011,2279.68
1896,372,2025-07-08,processing,369 Donald Inlet,Lake Thomashaven,CO,81380,2490.5
1897,372,2025-09-30,cancelled,816 Elizabeth Burg Apt. 988,West Andrewborough,IN,52148,431.78
1898,372,2025-08-20,cancelled,2445 Jacob Lake,Derekfort,IN,18045,4354.84
1899,372,2025-08-07,processing,22155 Dustin Causeway Apt. 699,Port Morgan,OK,58512,3144.98
1900,372,2025-02-19,processing,16516 Amy Extensions Suite 951,East Bianca,NE,95076,914.51
1901,372,2024-11-14,shipped,5296 Manning Neck Apt. 181,East Dominique,NH,20822,2969.91
1902,372,2025-01-27,cancelled,184 Rivera Lakes,Port Robertborough,NE,76561,416.41
1903,372,2025-08-09,delivered,67655 Shelly Ranch Suite 697,Brownburgh,DC,26363,180.66
1904,373,2025-04-08,processing,9951 Young Shores Apt. 434,West Catherine,PR,55301,585.8
1905,374,2025-01-12,delivered,17774 Hernandez Drive Apt. 242,Port Jennifershire,MP,63359,69.0
1906,374,2025-01-26,pending,903 Wallace Cove,Murphyton,TN,23655,5171.13
1907,374,2025-06-30,cancelled,385 William Ford Apt. 271,West Leemouth,CO,29020,3363.26
1908,374,2025-03-16,delivered,343 Heather Club Apt. 633,Joseland,UT,47492,4906.23
1909,374,2025-10-17,pending,38254 Todd Loop Apt. 206,New Stacey,OR,95637,6061.76
1910,374,2025-02-19,delivered,028 Reed Crest Suite 919,South Juliastad,LA,78740,191.19
1911,374,2025-07-05,processing,45365 James Path,Rodriguezbury,MT,61573,3503.59
1912,374,2025-08-08,cancelled,1616 Lucas Garden Apt. 707,South Terrence,DC,65795,1041.6
1913,374,2025-08-12,delivered,0695 Linda Extensions Apt. 789,Melissafurt,RI,59621,5392.61
1914,375,2025-01-06,cancelled,2041 Jackson Flat Apt. 916,Arnoldmouth,MD,97938,2649.84
1915,375,2025-08-07,pending,474 Pamela Crescent Apt. 553,South Terrimouth,AS,00659,1607.45
1916,375,2025-02-22,cancelled,61438 Williams Rapids Suite 267,Juanmouth,MT,77696,1727.12
1917,375,2025-07-16,delivered,414 Michael Shoals,New Michaelborough,MT,89266,1901.56
1918,375,2025-08-23,shipped,85528 James Fords,New Christine,NE,64227,1688.85
1919,375,2025-05-30,pending,3585 Monica Mountain,Ortizhaven,MN,67585,549.82
1920,375,2025-11-09,delivered,922 Marquez Square Suite 376,South Richard,NY,65686,4874.91
1921,376,2024-12-20,pending,1653 Harper Isle,Tiffanyview,MN,06747,5188.52
1922,376,2025-04-27,processing,294 Young Unions Apt. 997,New Matthew,UT,82797,2464.38
1923,376,2025-02-28,cancelled,9394 Christopher Port,West Erikland,MI,33587,2117.57
1924,376,2025-03-13,pending,676 Larry Divide,Troyton,ME,03461,269.1
1925,378,2025-09-11,shipped,77035 Mccall Meadows Suite 307,Hudsonfort,MD,10582,2569.17
1926,378,2025-07-30,pending,065 Christy Haven,South Gavinbury,KY,53996,5282.67
1927,378,2024-12-22,cancelled,041 Victor Passage Apt. 922,New Douglasmouth,CO,99730,1691.62
1928,378,2025-08-11,pending,002 Williams Tunnel,West Scottmouth,HI,81359,457.44
1929,378,2025-06-23,pending,555 John Parkways,Lake Christine,KS,80873,3399.0
1930,378,2025-11-03,delivered,7456 Campbell Views Suite 333,Port Rachel,SC,73652,1842.42
1931,380,2025-06-12,delivered,651 Jamie Highway Apt. 082,Christopherton,DE,55844,1938.9
1932,380,2025-09-17,processing,4490 Michael Summit,Port Wanda,DE,64113,2452.54
1933,380,2025-08-05,processing,334 Savannah Station Apt. 718,Port Theresa,SC,70141,1665.25
1934,380,2025-01-13,delivered,0639 Suzanne Cliff,Murrayhaven,DE,88995,1748.52
1935,381,2024-12-15,delivered,023 Paige Ports,Browningberg,AS,88336,1249.23
1936,381,2025-09-17,delivered,9535 Collins Shoals Apt. 193,Kellymouth,UT,24725,3711.5
1937,381,2025-06-04,delivered,99624 Elizabeth Fort Suite 920,North Thomas,MI,82164,1915.69
1938,381,2024-12-12,delivered,0909 Diana Road Suite 728,Gilbertmouth,IA,76040,2429.45
1939,381,2025-07-19,pending,67333 Sean Island,Port Kenneth,TN,07377,2313.58
1940,382,2025-10-12,cancelled,496 Boyd Ports,East Sydney,MN,72307,3926.54
1941,382,2025-03-27,processing,201 Erin Creek Suite 444,Travisberg,AL,59035,3102.89
1942,382,2025-02-26,shipped,1870 Erika Extension,Lake Denisemouth,MA,81155,5283.52
1943,382,2025-07-08,pending,54983 Anthony Fords,North Hayley,CT,95279,3795.67
1944,382,2024-12-03,processing,728 Brian Drive,Jacksonmouth,GU,59227,831.33
1945,382,2025-03-19,cancelled,26370 Troy Rest Suite 330,East Michael,NH,51242,2146.67
1946,382,2025-04-28,delivered,992 Rebecca Overpass Suite 621,East Kevin,OK,94484,4091.05
1947,382,2025-03-28,cancelled,956 Sanders Circles,New Savannah,MD,78916,1678.16
1948,382,2024-11-25,processing,1475 Kathleen Meadow Apt. 782,Susanport,WI,67092,2765.21
1949,382,2025-03-30,processing,7669 Roach Islands Suite 705,New Richardstad,MP,07350,642.28
1950,385,2025-04-15,delivered,964 Jones Landing Apt. 592,Robertmouth,AL,41186,1566.01
1951,385,2025-10-17,cancelled,4697 Williams Stream,Port Kimberlyfurt,MT,01382,1979.49
1952,385,2025-08-08,delivered,82850 Garcia Divide Suite 502,Lake Christinaburgh,MA,23409,5343.86
1953,385,2024-12-25,cancelled,80294 Graves Light,South Nicholas,MD,94733,46.0
1954,386,2024-12-20,processing,749 Mccoy Island Apt. 295,Mikeside,PA,32010,4183.96
1955,386,2025-08-23,processing,35849 Ryan Key Apt. 595,East Andrea,NJ,85996,2129.81
1956,386,2025-08-03,delivered,20901 Tyler Hollow Suite 311,West Patriciachester,IA,28019,1078.11
1957,386,2025-04-26,shipped,891 Leonard Alley,Emilymouth,PA,99056,353.89
1958,386,2025-04-13,processing,740 Melanie Lake,Richardsonhaven,IL,34805,3409.33
1959,386,2025-11-01,shipped,9421 Jennifer Estates Apt. 841,New Courtney,MT,42514,1932.35
1960,387,2025-02-26,pending,8725 Johnson Landing,Davidville,PA,06812,2166.65
1961,387,2025-06-23,pending,5770 Clayton Prairie,Sandovaltown,PR,89861,3325.87
1962,387,2025-04-18,delivered,694 Jason Lakes,East Lisaview,WY,73456,2404.98
1963,388,2025-01-31,pending,559 Medina Estate Suite 706,East Robert,MP,86521,3388.66
1964,388,2024-12-25,processing,9490 Tanner Vista Apt. 761,North Genebury,MI,10587,2376.94
1965,388,2025-07-26,processing,94596 Matthew Tunnel,Harrisview,PA,34757,646.64
1966,388,2025-10-21,pending,563 Thomas Port,Brittanyland,IA,96496,3925.79
1967,388,2025-06-10,pending,870 Ann Corners Apt. 133,Bishopburgh,IL,26982,965.78
1968,388,2024-12-19,cancelled,24170 Johns Track Apt. 278,Ingramchester,IA,32703,2828.69
1969,388,2025-08-29,pending,081 Emily Extensions Apt. 082,North Kevin,NC,39002,5227.04
1970,388,2025-07-26,delivered,1978 Robert Glens,Thomaston,AS,38631,3793.4
1971,388,2025-01-06,cancelled,900 William Expressway Apt. 417,Lake Davidbury,PR,82659,782.24
1972,389,2025-09-13,pending,77434 Jeffrey Circle,Joannefort,OK,22857,3534.82
1973,389,2025-03-21,processing,3335 Jesse Parkway,Port Francis,CO,82836,2189.34
1974,389,2025-10-20,pending,97968 Kidd Lodge Apt. 116,Smithton,MT,22013,3301.62
1975,389,2024-11-29,delivered,24076 Mitchell Roads,Elizabethborough,MS,20471,659.79
1976,389,2025-09-30,delivered,35011 Joseph Rest,Weavershire,MD,04047,2078.63
1977,389,2025-06-30,processing,184 Kelly Skyway,Jillmouth,FL,46612,2767.25
1978,389,2025-03-07,cancelled,04744 Erika Mission Suite 639,Brendaview,GU,50868,3422.1
1979,389,2025-03-19,processing,4446 Washington Path,Port Kellymouth,GA,42060,3510.04
1980,389,2025-01-04,pending,6508 Patty Glen Apt. 178,Ericbury,PA,13335,1692.19
1981,389,2025-02-07,processing,997 Green Forges Apt. 777,Lake Kimberly,NV,97207,492.76
1982,390,2024-12-30,shipped,2241 Wendy Track Apt. 383,Katherineburgh,LA,62734,3281.32
1983,390,2025-01-05,processing,72074 Carol Key,Port Tim,TX,07311,339.4
1984,390,2025-10-11,cancelled,23998 Hurley Fords Apt. 521,New Matthewhaven,ID,84407,3991.0
1985,390,2025-05-10,shipped,8263 Stacey Pines Suite 510,Kathyshire,VT,90819,989.92
1986,390,2025-06-25,cancelled,119 White Crest,Meyersside,IA,37896,694.4
1987,390,2025-01-04,cancelled,4339 Morgan Valleys,Jamesport,OK,89261,3119.69
1988,390,2025-05-08,shipped,720 Williams Well,East Kelly,KY,26187,362.58
1989,390,2025-09-30,processing,91731 Lee Dale,Deborahtown,TN,68104,2907.55
1990,391,2025-07-25,processing,44783 Sandra Crest Apt. 125,Harveyside,OR,57081,1984.18
1991,391,2025-11-10,cancelled,24198 Thomas Estates,Kellystad,HI,05392,408.4
1992,391,2025-05-03,processing,915 Lisa Plains Apt. 119,Snydershire,MI,14491,2268.31
1993,391,2025-04-27,delivered,0180 Nathan Hill Apt. 277,Brownberg,IN,13254,5199.72
1994,392,2025-04-13,shipped,7510 Andrew Lights,Christensenstad,NJ,41428,5813.78
1995,392,2025-02-13,pending,384 Mata Viaduct Apt. 845,Port Paulton,HI,14546,3176.57
1996,392,2025-01-19,cancelled,236 Toni Mountains,West Marcia,CO,18765,1265.6
1997,392,2025-07-02,cancelled,310 Oscar Fort,Johnsonton,MS,60054,4199.05
1998,393,2025-08-01,delivered,252 Barbara Islands Suite 654,Bennettland,NE,79394,2933.31
1999,393,2024-12-18,cancelled,5903 Morgan Knoll Suite 237,West Samuel,NV,50829,1861.6
2000,394,2025-08-29,pending,67617 Schneider Radial,West Lindamouth,GA,99608,1971.04
2001,394,2025-01-07,shipped,205 Green Drive Suite 497,South Josephfort,CO,81422,3303.64
2002,394,2025-10-05,delivered,34897 Cesar Meadow Apt. 156,Jimmyshire,PA,49065,2986.13
2003,394,2025-01-23,cancelled,54240 Michael Springs,Jasonmouth,RI,08470,488.92
2004,394,2025-08-13,shipped,088 Matthew Stravenue Suite 583,Greenview,SC,74142,4910.13
2005,394,2025-05-06,delivered,799 Green Keys Suite 290,Jasonhaven,GA,63079,88.39
2006,394,2025-03-19,delivered,497 Brown Square Suite 867,Port Logan,AR,67555,2108.59
2007,395,2024-12-24,shipped,086 Boyd Tunnel Suite 511,Lake Rebecca,GA,37647,286.95
2008,395,2025-04-22,delivered,99927 Jackson Mill Apt. 002,Mirandafurt,ID,42203,1685.72
2009,396,2024-12-11,cancelled,7053 Bob Stravenue Apt. 613,North Keithchester,KY,14702,1994.76
2010,396,2025-07-12,delivered,94103 Snyder Pines Apt. 693,Lake Jessica,WI,95278,2945.11
2011,397,2025-06-04,processing,11713 Karen Squares Suite 097,New Josephmouth,OR,07981,1084.9
2012,397,2025-06-15,shipped,3731 Pham Underpass Apt. 759,South Kyle,AR,11555,2965.8
2013,397,2024-11-29,processing,9774 Aaron Spurs,Brownhaven,IL,17837,1175.78
2014,398,2025-04-05,pending,1806 Aaron Junction Apt. 700,Browntown,CT,01309,1537.06
2015,398,2025-11-04,cancelled,21268 Morgan Ridges,West Codyton,DE,10548,2605.38
2016,398,2025-09-04,delivered,693 Barber Creek,Port Patrickmouth,NE,81240,728.81
2017,398,2025-06-02,delivered,01494 Christopher Unions Suite 328,Lake Edward,DE,74873,1515.55
2018,398,2025-04-10,cancelled,95861 Griffin Coves Apt. 702,Jonport,WY,78497,1108.08
2019,398,2025-04-13,cancelled,0242 Megan Shore Apt. 548,West Heatherstad,RI,43582,2979.61
2020,398,2024-11-13,processing,2426 John Landing,East Darrell,NH,82992,5801.83
2021,399,2025-03-17,processing,771 Eric Drives Apt. 613,North Joe,WI,69184,879.72
2022,399,2025-04-23,shipped,7448 Gregory Summit Suite 807,New Bryan,PW,39728,3521.38
2023,399,2025-07-08,processing,09666 Todd Mews Apt. 960,Port Jenna,PR,57407,3177.09
2024,399,2025-07-23,shipped,910 Conner Park Apt. 649,Michellemouth,SC,66316,1889.65
2025,399,2025-10-08,pending,465 Murray Crest Apt. 715,West Gary,NY,98330,3470.74
2026,399,2025-06-27,delivered,287 Dustin Tunnel,Port Taylor,MS,56370,392.52
2027,400,2025-03-17,pending,842 Callahan Trafficway Suite 645,Deborahborough,MH,96123,3403.0
2028,400,2024-11-24,cancelled,14366 Sherman Port,Michaelborough,OH,73001,1036.38
2029,400,2025-01-18,processing,34533 Hughes Passage,East Kim,NC,78969,473.02
2030,400,2025-08-25,pending,7549 Elizabeth Turnpike Apt. 980,East Jessemouth,SC,52499,3306.37
2031,400,2024-12-11,shipped,7701 Mcdowell Crescent,West Kaitlynhaven,CT,83955,1419.12
2032,401,2025-04-09,cancelled,15394 Ana Creek,Amyfurt,MA,05619,3751.76
2033,401,2025-06-25,cancelled,3975 Mike Mill,North Monica,MN,08936,2157.19
2034,401,2024-11-27,pending,09443 Austin Mount,Pereztown,TX,49662,2985.77
2035,401,2025-03-23,pending,427 Fuller Plaza Apt. 826,East Monica,AS,58862,598.68
2036,401,2025-04-24,processing,114 Christian Circle,Morganhaven,VI,62857,2858.33
2037,401,2024-12-13,cancelled,42642 Anthony Lane Suite 614,New Jessica,MP,95896,3972.98
2038,402,2025-05-28,cancelled,7428 Odonnell Well,West Amandafort,KS,32761,5527.98
2039,402,2025-06-17,processing,5289 Owen Estates Suite 597,East Sara,LA,45048,992.7
2040,402,2025-03-26,delivered,42100 Kevin Ramp Suite 117,Roseview,MN,27861,939.12
2041,402,2025-06-20,processing,579 Cruz Crossroad,Wheelerborough,IA,74755,2277.27
2042,402,2025-03-24,shipped,002 Rojas Flat,Michelleburgh,VI,84334,2744.17
2043,402,2025-04-05,shipped,377 Daniel Viaduct Suite 245,Romanville,IN,12949,853.36
2044,402,2025-08-26,pending,75173 Michael Flat,Thomasport,MP,74309,277.02
2045,402,2025-07-16,processing,51569 Collins Plaza,Blackwellfort,CA,60480,4896.59
2046,402,2025-11-09,processing,59358 Robin Keys,Amandaburgh,MA,57283,4428.48
2047,402,2025-01-13,pending,96433 Russell Trafficway Apt. 099,New Robert,ND,87167,282.38
2048,403,2025-08-20,processing,427 Rivera Island Apt. 672,Lake Brittanystad,AZ,50810,2842.12
2049,403,2025-04-07,cancelled,285 Holmes Port,Kellychester,LA,75455,3506.58
2050,403,2025-02-12,processing,11568 Collins Burgs,South Kaitlyn,DC,13527,1836.98
2051,403,2025-06-02,delivered,0363 Jerry Land,New Markburgh,FL,78448,1885.95
2052,403,2025-07-26,processing,5613 Mary Street,Port Christine,NV,10794,2382.86
2053,403,2025-07-22,cancelled,454 Bradshaw Flat Apt. 074,Lisamouth,WA,64549,2883.02
2054,403,2025-05-14,shipped,46518 Colton Gardens Apt. 253,Lake Ryan,AZ,44084,5644.27
2055,404,2025-05-09,delivered,8660 Key Ferry Suite 076,Simmonsfurt,OK,84483,4512.83
2056,404,2025-08-01,delivered,85261 Robert Ridges Suite 553,South Kathryn,KS,65572,982.62
2057,404,2025-02-26,cancelled,412 Smith Terrace,Jameschester,NC,37664,698.95
2058,404,2025-05-31,shipped,9600 Nicole Plaza,North Rachel,NM,14352,254.92
2059,405,2025-04-12,shipped,819 Jennifer Prairie,South Christopher,CT,66817,5323.07
2060,405,2025-07-01,shipped,198 Hutchinson Crossroad,South Martinville,PR,69278,1923.1
2061,405,2024-12-11,cancelled,576 Curtis Bypass Suite 752,South David,PA,11839,686.68
2062,405,2025-03-22,delivered,893 William Underpass,Brennanmouth,WY,98734,486.68
2063,406,2024-12-14,pending,3131 Santana Port Apt. 135,Lake Teresa,WA,64583,423.79
2064,406,2025-08-02,delivered,55937 Hopkins Circles Apt. 825,Molinachester,SC,44745,1769.45
2065,406,2024-12-25,shipped,91727 Katrina Glen Apt. 628,Port Joannborough,LA,16424,3539.63
2066,406,2025-02-11,processing,33460 Collins Ramp Suite 875,Turnerport,NE,92231,4163.3
2067,406,2025-03-15,shipped,482 Zachary Walk Suite 398,North Katherine,MH,43744,3172.56
2068,406,2025-10-30,shipped,877 Underwood Tunnel Suite 031,Carlport,WV,87708,1713.5
2069,406,2025-04-09,delivered,86569 Norris Forges Suite 447,Millerport,CO,22172,3599.26
2070,408,2025-03-24,processing,834 Anthony Land,Wilcoxberg,RI,96227,721.7
2071,408,2025-08-21,processing,6562 Nancy Viaduct Suite 039,East Tiffany,NV,89643,646.64
2072,408,2025-05-21,pending,4108 Harris Mountains Apt. 182,North Jefferyview,AZ,82063,225.32
2073,408,2025-08-25,shipped,8271 Gonzalez Stream,Port Susan,AR,28178,1496.07
2074,408,2024-12-13,cancelled,6646 Davis Parkway,Thomashaven,NM,94367,2490.5
2075,408,2025-10-30,cancelled,884 Nash Road Suite 957,Millerport,VI,78985,1333.5
2076,408,2024-12-16,cancelled,461 Sarah Radial Apt. 395,North Amberborough,DC,65142,4350.86
2077,408,2025-07-31,delivered,8689 Thomas Brooks Apt. 265,Lake Jeremyton,FM,42031,5638.57
2078,408,2025-11-03,shipped,1142 Jessica Lodge,Meganbury,IL,44712,2546.52
2079,409,2025-01-21,processing,576 John Roads Suite 108,Kristinshire,GA,99482,2658.16
2080,409,2025-08-19,shipped,45386 Ross Divide Suite 676,North Stephanie,PR,26212,2172.07
2081,410,2025-03-23,delivered,561 Griffith Vista Apt. 538,Lake Natasha,OH,84486,3411.89
2082,410,2025-06-24,cancelled,12008 Ray Canyon Suite 002,Daltonmouth,AZ,28671,1979.48
2083,410,2025-04-19,processing,37331 Kerry Roads Apt. 414,Martinezhaven,OK,63723,60.08
2084,411,2025-10-17,cancelled,17794 Suzanne Row Apt. 101,Taylorview,ND,17983,6124.58
2085,411,2024-12-14,shipped,75079 Young Fork Apt. 404,Velasquezchester,UT,84894,107.47
2086,411,2025-07-16,shipped,96627 Joshua Orchard Apt. 658,Maxwellchester,GA,28573,2286.08
2087,411,2025-05-03,delivered,771 Martinez Circles Apt. 917,Griffithfort,AL,87776,372.0
2088,411,2025-10-14,delivered,002 Deborah Ports Suite 244,Isaachaven,PR,38540,894.42
2089,411,2025-01-28,delivered,039 Mason Throughway,South Vanessaport,NE,45129,2613.21
2090,411,2025-10-02,processing,918 Daniels Street Suite 987,Carrieborough,UT,23886,2571.07
2091,412,2024-11-15,processing,922 Tran Lodge,Johnsonborough,NJ,48610,2176.92
2092,412,2025-04-06,processing,545 Thornton Lights Suite 309,West Julie,MT,38232,2578.97
2093,412,2025-01-31,cancelled,132 Glen Mount,Andrewland,DC,21947,631.82
2094,412,2025-04-25,delivered,3509 Massey Island Suite 731,Kaylaberg,TN,56068,3180.83
2095,412,2025-04-25,processing,47760 Tina Drive,South Suzanneton,AR,19439,4164.99
2096,413,2025-02-20,pending,864 Cristina Shoal Apt. 996,Morrisonbury,WV,80823,455.56
2097,413,2025-09-06,cancelled,83387 Spencer Fords,Boydhaven,FL,45786,88.39
2098,413,2025-05-31,pending,3868 Rhonda Lane,Henryberg,IA,44098,3038.89
2099,413,2024-11-27,pending,993 Daniels Overpass Apt. 521,South Sheriview,PW,78728,1301.3
2100,413,2025-04-18,pending,334 Brooke Villages,Brianfurt,NH,20681,1873.51
2101,413,2025-08-19,pending,6281 Shannon Mill,Figueroamouth,AS,71056,3593.48
2102,413,2025-10-10,delivered,3971 Tonya Cape Suite 974,Masonshire,MH,75019,4819.23
2103,413,2025-02-09,processing,53740 Moore Glens,South David,VT,31353,4354.55
2104,414,2025-02-14,processing,8773 Bell Pines,Kimberlyville,RI,70823,1625.0
2105,414,2025-09-28,pending,1329 Smith Freeway Suite 724,Powellborough,PA,72686,1370.64
2106,414,2025-03-28,processing,68500 Taylor Springs Suite 385,North Bethshire,PW,67473,2463.93
2107,414,2025-04-28,pending,924 Vaughn Islands Apt. 490,Wesleymouth,WA,29794,717.72
2108,414,2025-03-26,processing,4345 Victoria Ville Suite 996,Lake Bryanfort,VA,75719,491.88
2109,414,2025-07-06,cancelled,2222 Parker Lane Apt. 533,North Dylantown,DC,60822,1724.86
2110,414,2025-09-10,delivered,076 Gallagher Square Suite 938,West Danielstad,IA,73126,2265.92
2111,414,2025-04-08,shipped,68120 Peterson Avenue,North Richardland,MI,48466,1980.54
2112,414,2025-06-06,pending,392 Michelle Glens Suite 565,East Hunter,CT,40308,2283.0
2113,414,2025-08-28,cancelled,1399 Rios Mission Suite 993,North John,CO,42028,321.49
2114,415,2025-04-30,cancelled,070 Rojas Spring Suite 951,Port Ryanborough,MT,15177,2825.29
2115,415,2025-07-23,delivered,87408 Caleb Views,North Gloria,OK,79292,2074.96
2116,415,2025-02-10,delivered,45287 Taylor Ports,North Kimberly,HI,72917,2730.15
2117,415,2025-03-04,pending,2185 Luke Way,New Shariville,OK,13077,1758.13
2118,415,2025-01-10,pending,48589 Nguyen Ridge Apt. 844,New Morganside,MP,56582,588.2
2119,415,2025-03-30,cancelled,1927 Grace Landing Suite 874,Johnsonfurt,MS,20578,496.28
2120,415,2025-02-08,cancelled,056 Breanna Inlet,Connieville,MN,01878,4218.2
2121,415,2025-10-12,delivered,35066 Heath Meadows,Port Triciastad,AK,46232,2840.2
2122,415,2025-07-10,pending,557 Rivera Plain,Port Linda,OK,92191,232.32
2123,415,2025-02-17,pending,474 Steven Wells,Lake Jamesberg,CO,91452,1963.92
2124,416,2025-09-16,shipped,91027 Knox Groves Suite 142,Emmabury,GA,11073,4271.47
2125,416,2024-12-22,cancelled,902 Wong Track,East Todd,ID,83391,3968.52
2126,416,2025-11-09,shipped,30983 Wendy Land,East Travis,PW,02213,4517.79
2127,416,2025-02-01,pending,3328 Baker Drives Suite 656,Gutierrezside,AZ,98532,2832.87
2128,416,2025-07-26,cancelled,000 Solomon Ports Suite 381,Taylorstad,VI,07465,3136.25
2129,416,2025-11-02,delivered,4385 Fernandez Points,South Shawnview,RI,95395,1616.1
2130,416,2025-11-05,processing,8815 Stephanie Groves,Russellmouth,KS,14987,464.64
2131,416,2025-05-08,pending,06562 Myers Plain,Kellymouth,TN,44086,1311.39
2132,417,2025-02-12,cancelled,77665 Montgomery Cape Apt. 344,East Patricia,OH,13907,2907.9
2133,418,2025-10-03,processing,26648 Austin Coves Suite 146,New Zachary,MO,29064,1798.95
2134,418,2025-08-16,processing,053 Christopher Lake Apt. 313,Ryanville,NV,01132,1533.44
2135,419,2025-01-15,cancelled,473 Parker Village Apt. 722,Port Christine,AS,98438,1769.45
2136,419,2024-12-25,shipped,1968 Nicole Key Suite 843,East Cynthiamouth,UT,89823,2079.26
2137,419,2025-08-04,shipped,0874 Hill Way Suite 397,New Courtney,CT,98261,4323.73
2138,419,2025-05-21,shipped,5779 Paul Parkways Apt. 442,Davidhaven,AZ,78792,2865.62
2139,419,2025-03-15,delivered,5192 Garcia Curve Suite 348,Adamchester,PR,11921,416.22
2140,419,2025-07-31,pending,64914 Nguyen Gardens Suite 520,Port Michaelville,KY,57567,4761.67
2141,419,2025-11-13,shipped,4157 Jacob Manors,Adrianland,ID,35514,707.78
2142,419,2024-12-10,delivered,109 Tony Ports Suite 714,Cristianshire,MI,13429,1409.66
2143,419,2025-03-01,delivered,8387 Patrick Camp Suite 296,Barberhaven,AR,70637,2022.89
2144,420,2025-02-20,processing,816 Moreno Walks,Reevesborough,SD,03541,1456.75
2145,420,2025-09-28,processing,0464 Peterson Freeway,Lake Adamtown,KS,47374,3269.58
2146,420,2025-08-16,shipped,990 Mary Neck,East Brian,HI,65116,2167.2
2147,420,2025-07-18,pending,27223 Walker Meadow Suite 043,Lake Paul,AZ,44010,810.98
2148,420,2025-06-28,pending,7353 Bridges Expressway,Toddstad,KS,77794,714.16
2149,420,2025-02-01,pending,3973 Bridges Court,Lake Donna,AS,81054,439.86
2150,420,2025-06-29,delivered,2606 Jennifer Ridge Suite 274,Lake Leonview,SD,92148,1332.4
2151,420,2025-02-15,delivered,4119 Jacqueline Mews,Robertton,SD,20999,6159.91
2152,420,2025-08-11,delivered,2600 Martinez Terrace Apt. 238,Jamesmouth,PA,81243,2354.03
2153,421,2025-01-24,delivered,458 Eric Circles Suite 475,New Joseph,NV,60587,1846.54
2154,421,2025-03-31,pending,5128 Carney Flats Apt. 676,Reedmouth,AR,28049,3280.09
2155,421,2024-12-14,pending,22133 Kelly Fords,Gregoryport,LA,97113,2758.18
2156,421,2025-05-30,processing,4574 Christine Pike,New Heather,MN,20252,1081.06
2157,421,2025-04-06,pending,09353 Thompson Circles Suite 173,Kristinechester,PR,03286,3598.74
2158,421,2025-11-13,delivered,992 Harrison Knolls Suite 561,New Brandonland,AZ,28463,1404.07
2159,421,2025-09-27,delivered,21239 Woodward Coves,North Michelle,MT,78660,1991.38
2160,421,2025-05-30,shipped,32854 Jose Crossroad,South Lori,SC,17941,3915.49
2161,422,2025-04-22,pending,44537 Matthew Camp,Marcfurt,NM,71746,493.8
2162,422,2025-10-13,cancelled,8801 Danielle Trace Apt. 326,Jacobburgh,VT,90434,694.4
2163,422,2025-04-14,pending,5469 Jared Stravenue,Carsonshire,VT,25178,5221.26
2164,422,2024-12-16,processing,7197 Gregory Squares,West Kellymouth,DC,60016,535.62
2165,422,2025-11-12,processing,2602 Mark Haven Apt. 930,Hicksland,PA,95431,2897.14
2166,422,2025-04-06,cancelled,8679 Hudson Rest,Lake Alicia,CT,75145,1672.05
2167,422,2025-07-21,delivered,948 Nelson Crest,East Sylvia,CO,78963,5248.44
2168,422,2025-08-10,shipped,24155 Troy Islands,Escobarmouth,IL,44178,5092.34
2169,422,2025-01-31,pending,70289 Ortiz Mews,Lambside,MN,71193,2614.68
2170,423,2025-10-02,shipped,11621 Jennifer Square Suite 514,Meganborough,WY,80931,2219.0
2171,424,2025-11-11,cancelled,543 Andrew Knoll Suite 710,Lake Brian,TN,19362,842.88
2172,424,2025-05-11,pending,608 Kelley Ridge Suite 935,Jamesburgh,ID,13585,1115.4
2173,424,2025-02-22,processing,2125 Williams Dam Apt. 981,Lake Josephshire,VI,94946,1939.09
2174,424,2025-08-23,shipped,1414 Michael Circle,Alexisland,VT,32238,2998.6
2175,424,2025-08-01,pending,4296 Kristen Glens Apt. 226,Shannonmouth,UT,35489,2084.97
2176,424,2025-08-07,processing,924 Lewis Stream,Smithport,DC,33728,112.66
2177,424,2024-11-23,cancelled,4425 Sarah Squares,Ricemouth,WV,82518,611.58
2178,424,2025-01-24,processing,8209 Amy Plaza Apt. 224,Priceview,FM,21415,4032.31
2179,425,2025-09-11,pending,702 Cathy Ville,Matthewstown,PA,57559,1742.4
2180,425,2025-08-01,shipped,1591 Taylor Run,East David,AR,18231,1047.83
2181,425,2025-07-31,processing,37970 Williams Rue Apt. 775,Whitestad,ID,61736,3104.94
2182,425,2024-12-16,cancelled,01533 Angel Flats Apt. 569,Nelsonview,PW,09302,2627.62
2183,425,2025-01-26,processing,15196 Chelsey Plains,Ericchester,SD,57170,2629.71
2184,425,2025-01-28,cancelled,4309 Wendy Row,Heatherville,IA,10472,3837.47
2185,426,2025-03-31,cancelled,536 Crawford Fords Suite 463,Christopherport,MD,22621,2494.59
2186,426,2025-01-23,shipped,25348 Hardy View,Farmershire,IL,93828,254.92
2187,426,2025-02-20,delivered,7758 Yolanda Forges Suite 219,Smithfurt,LA,01355,3844.22
2188,426,2025-04-30,processing,23154 Eric Green Suite 830,Wutown,CT,52914,5955.54
2189,426,2025-01-28,pending,0349 Johnny Way,Lake Michaelfurt,PA,82884,949.88
2190,426,2025-04-16,cancelled,4272 Jacob Well,Valentineview,TX,41564,708.3
2191,427,2025-11-13,pending,67687 Mendoza Inlet Suite 726,Fletchertown,MH,12165,4184.37
2192,427,2025-08-08,pending,32798 Lisa Village,Smithchester,TN,63933,3956.61
2193,427,2024-12-29,delivered,49491 Wilson Street Suite 561,Stevensonborough,ND,37615,2124.9
2194,427,2025-06-27,processing,260 Robertson Ferry Apt. 879,Jenniferland,ME,11593,637.4
2195,427,2025-09-01,pending,661 Gilbert River,East Jessica,NV,69684,622.31
2196,428,2025-07-03,cancelled,850 Carroll Field,Port Jadebury,LA,96959,8620.43
2197,428,2025-08-30,cancelled,112 Derrick Forest Apt. 238,Daniellemouth,UT,13262,746.72
2198,428,2025-08-09,cancelled,207 Dylan Cape,East Nathan,OH,20174,443.58
2199,428,2025-02-07,delivered,895 Daniel Crest,Lake Kathy,RI,76858,3309.13
2200,428,2025-05-25,shipped,87927 Price Mill Apt. 360,Ianshire,WI,50726,785.04
2201,430,2025-09-23,shipped,1444 Morgan Groves Apt. 062,South Allisonport,TX,89137,981.21
2202,430,2025-10-06,delivered,919 Thomas Extensions Apt. 130,New Josephborough,OR,16182,4324.58
2203,430,2025-03-05,delivered,811 Garza Gateway,North Connie,AL,60082,1082.55
2204,430,2025-09-01,processing,504 Allen Well Apt. 719,New Angela,SD,01283,3782.22
2205,430,2025-01-07,shipped,416 Emily Ramp Apt. 624,New Joycemouth,VI,15529,2806.13
2206,430,2025-10-25,cancelled,23813 Smith Street Suite 741,East Thomasburgh,HI,54816,2392.98
2207,430,2025-10-10,delivered,415 Michael Wells Apt. 851,Youngfort,NC,10104,3522.07
2208,430,2025-09-19,delivered,4466 Shaffer Coves,East Gabrielle,RI,08194,5112.82
2209,430,2025-09-16,processing,29158 Jennings Villages,New Michaelland,PW,16326,141.19
2210,430,2025-09-30,cancelled,46023 Wright Junction,Hickshaven,OR,02433,1531.65
2211,431,2024-12-20,delivered,81235 Perez Common Suite 766,East Shawnfurt,OH,76917,3722.08
2212,431,2025-01-21,pending,884 Hunt Spur Suite 181,Port Stephanie,IN,40762,1014.04
2213,431,2025-05-25,cancelled,051 Deborah Track Suite 730,East Whitneyburgh,CT,28756,954.07
2214,431,2024-12-27,shipped,482 Soto Walks,Port Jodibury,AK,36418,973.66
2215,431,2025-09-04,processing,6978 Thomas Islands Suite 349,Port Andrewland,OR,59692,1923.76
2216,431,2025-04-25,pending,45004 Christine Corners,East Crystalborough,AK,58604,2626.93
2217,431,2025-09-10,pending,1706 Paul Stream Suite 846,Lauraside,TX,18259,2714.25
2218,431,2025-09-18,shipped,872 Tate Village,New Danielfurt,OK,52037,704.18
2219,431,2025-07-05,processing,44405 Gonzales Vista,Vernonmouth,GA,11372,2946.66
2220,431,2025-09-16,delivered,636 Anthony Prairie,South Adrianview,OR,89240,2356.95
2221,432,2025-11-05,processing,72319 Bryan Centers Suite 686,Port Samuel,CT,91931,88.16
2222,432,2025-06-12,delivered,935 Barber Terrace Apt. 470,Heatherland,GU,21332,2177.45
2223,432,2025-10-02,shipped,6564 Erin Island Suite 667,West Stephenville,CO,16082,316.4
2224,432,2025-01-06,shipped,0180 Garrett Trafficway,Port Michael,NE,64796,4594.82
2225,432,2025-07-16,pending,2552 Stevens Common,Anthonybury,ID,46011,3722.27
2226,432,2025-10-17,pending,086 William Spring Apt. 043,Stephanieburgh,OR,79526,5304.72
2227,432,2025-10-18,pending,532 Hannah Alley Apt. 339,North Annette,KY,01465,1295.34
2228,432,2024-12-01,shipped,6584 Daniel Hollow,West Ryantown,FL,46631,1588.36
2229,432,2025-05-06,delivered,90959 Douglas Mountain Apt. 463,Jacobsland,WI,78473,5044.68
2230,432,2025-09-05,shipped,386 Schmidt Plains,South Dean,OR,54851,2868.45
2231,433,2024-12-13,pending,367 Mcclure Motorway Suite 529,Baldwinshire,VT,39711,1780.94
2232,433,2025-11-10,processing,691 Bond Station,Buckleyside,VA,12026,1226.34
2233,433,2025-07-31,pending,24527 Johnson Camp Suite 550,Russellview,LA,70529,3668.56
2234,433,2024-12-14,processing,8950 Jeremiah Ports Apt. 938,Brownview,MP,94256,1396.7
2235,434,2024-12-14,delivered,01349 Lewis Summit Apt. 814,West Peterport,NJ,70355,3096.39
2236,434,2025-05-01,cancelled,7236 Timothy Forks,North Walter,OK,02009,3353.18
2237,434,2025-02-14,cancelled,4468 Lara Gateway Apt. 109,Kennethfurt,OH,55366,44.08
2238,434,2024-12-22,cancelled,3079 Ashley Club Suite 676,South Andrewshire,MN,15980,6109.67
2239,434,2024-12-18,delivered,56257 Anderson Centers,East Alishastad,NH,99867,3231.31
2240,434,2025-11-03,pending,0004 Hill Key Suite 630,Jessicaburgh,NM,49385,1915.75
2241,436,2025-04-30,shipped,02175 Lynn Points,New Jackie,MD,25913,4342.65
2242,437,2025-05-10,pending,37607 Adam Village,East Patricia,KY,68581,554.04
2243,437,2025-07-07,cancelled,37756 Alvarez Groves,Hughesside,MD,27305,3541.05
2244,437,2025-10-01,cancelled,1484 Robert Points,South Scottfort,VI,83544,1702.28
2245,437,2025-11-11,shipped,5857 Foster Hills Suite 192,Devinshire,IA,35282,1419.8
2246,437,2025-04-11,delivered,985 Raymond Divide,Lake Adrienne,FM,27737,2511.42
2247,437,2025-03-19,pending,87786 Jordan Road,West Justinfort,TN,64099,3741.58
2248,437,2025-05-03,shipped,6397 Stephanie Brook Apt. 188,Phelpsburgh,NM,64261,1470.01
2249,437,2025-10-18,delivered,68886 Contreras Tunnel Suite 205,Lake Lorimouth,NJ,70622,1534.72
2250,438,2025-03-07,pending,21634 Rivera Place Suite 515,North David,LA,09904,1019.3
2251,438,2025-08-02,cancelled,829 Hanson Place,Guerrerochester,MD,14662,4627.85
2252,438,2025-11-05,processing,6017 Lauren Street Suite 939,Fordville,MH,90641,2486.44
2253,438,2025-03-23,cancelled,226 Miller Dale Suite 655,Lake Dominique,WA,79287,3880.51
2254,438,2025-04-02,cancelled,735 Nicolas Garden Apt. 022,Moranland,IL,86026,3297.35
2255,438,2024-12-14,processing,21498 Anthony Track,Scottmouth,GU,44130,2847.21
2256,439,2025-04-01,delivered,734 Edward Falls Apt. 913,Lake Jasmin,CA,72563,1133.79
2257,439,2025-09-16,processing,6949 Michael Passage,New Josephhaven,GU,99314,914.88
2258,439,2025-05-25,processing,97584 Simmons Mountains,Lake Jaketon,SC,19327,229.56
2259,439,2025-02-21,shipped,9845 Carolyn Light Suite 094,Warrenton,GU,55115,2821.34
2260,439,2025-01-09,shipped,6588 Thompson Grove Suite 463,East Jessicaview,WY,18823,496.28
2261,439,2025-08-06,shipped,274 Gina Views,New Zacharyland,FL,18639,1136.93
2262,439,2024-11-27,delivered,51285 Jason Pass,Antonioport,MP,14679,3346.67
2263,439,2025-08-17,processing,523 Smith Trafficway Suite 775,New Brianton,IL,23557,1084.3
2264,439,2025-01-13,pending,73478 Allen Meadow Suite 484,Nelsonbury,CA,08609,5334.35
2265,439,2025-09-26,processing,33854 Sean Mews,Youngstad,OH,45439,5896.7
2266,440,2025-06-09,shipped,96459 Gardner Dam,Jamieberg,TX,87703,7556.78
2267,440,2025-10-20,delivered,55889 Jill Extension,North Thomas,DE,35528,3144.79
2268,440,2024-12-26,shipped,7067 Stephen Village,Port Meagan,KS,93939,2220.66
2269,440,2025-09-26,delivered,7597 Dakota Villages Apt. 568,Clarkton,DC,39623,1773.81
2270,440,2025-01-13,pending,5963 Burch Pines Suite 583,Port Alexandershire,AL,25716,1061.63
2271,440,2025-10-11,shipped,587 Nicholas Springs Apt. 750,South Cynthia,PA,20766,4282.18
2272,441,2025-04-13,processing,10238 Olsen Walk Apt. 736,Peckport,OK,65202,2291.08
2273,441,2024-11-29,delivered,959 Jessica Springs Apt. 964,Lake Ebony,VT,31916,5821.37
2274,441,2025-03-27,cancelled,39502 Pamela Wall Apt. 870,North Billyberg,HI,17255,2167.42
2275,441,2024-12-04,cancelled,22089 Barbara Knolls Suite 089,West Rogerland,PR,59088,3207.75
2276,442,2024-12-28,delivered,47824 Summers Port,Port Davidfort,ID,74914,6684.38
2277,442,2024-11-30,pending,5068 Murray Meadow Apt. 273,South Andrewstad,AR,20650,831.06
2278,442,2025-08-07,processing,0632 Mueller Circle Suite 241,Franklinview,WI,83824,6274.53
2279,443,2025-08-28,pending,4686 Owens Trail Suite 691,Gabrielhaven,ME,01596,808.94
2280,443,2024-11-19,delivered,13743 Dixon Overpass,North Katherinebury,NY,23870,3506.48
2281,443,2025-01-25,shipped,58337 Deleon Expressway,Port Wendy,VA,31343,4975.88
2282,443,2025-02-25,cancelled,15417 Sullivan Mountain Suite 610,North Andrewstad,PA,11810,323.09
2283,444,2025-10-10,shipped,624 Franklin Garden,Lake Stephanie,ME,67112,3832.51
2284,444,2025-07-29,delivered,0269 Stuart Fork,West Tarastad,SC,46504,6868.2
2285,444,2025-08-02,shipped,087 Jimenez Junction,Murphyborough,DE,67212,1032.12
2286,444,2025-11-08,delivered,823 Brown Streets,Joshuafurt,ND,84151,2525.36
2287,444,2025-03-17,cancelled,38138 Espinoza Springs,Melissaside,ME,23696,2360.25
2288,444,2025-07-10,processing,64570 Theodore Valleys,Wrightfort,TN,05483,2253.25
2289,445,2024-12-08,shipped,5360 Phillips Stream,Millerfort,OK,31034,2671.71
2290,445,2024-12-13,cancelled,262 Mcdonald Manor,South Heatherport,DE,66749,3944.89
2291,445,2025-04-30,processing,95661 Lori Wall Apt. 892,Lake Andrefort,MD,66385,5490.97
2292,445,2025-04-29,delivered,58309 Morris Flat Suite 314,New Crystal,MT,76374,784.1
2293,446,2024-12-19,processing,75686 John Island Suite 964,East Anthony,AS,74922,5587.41
2294,446,2025-10-24,delivered,5830 James Village,Amandaside,WI,60796,2081.71
2295,446,2025-04-05,shipped,344 Jennifer Wall Apt. 885,West Tina,PW,72109,1877.02
2296,446,2025-02-14,shipped,272 Singleton Valleys,Hunterborough,LA,06672,1584.29
2297,446,2025-05-24,delivered,81816 Miller Overpass,Wadeville,AL,30111,2793.09
2298,447,2025-03-03,processing,07361 Collins Motorway,Danielland,NY,36151,1134.27
2299,447,2025-07-19,shipped,00013 Brian Villages,Lake David,GU,72269,6010.53
2300,447,2025-06-29,delivered,0113 Daniel Shore,New Edwardfort,FL,35440,802.99
2301,447,2025-03-05,shipped,764 Bennett Path,Ronaldshire,FM,13432,1301.91
2302,447,2025-04-06,delivered,65974 Henson Roads,West Zacharyville,PA,24765,1745.14
2303,447,2025-08-10,shipped,338 Megan Lane,Robertshire,NJ,70584,1675.43
2304,447,2025-07-17,pending,126 Jenkins Ridges Apt. 699,Lake Jennifer,NH,59878,2181.72
2305,447,2025-08-01,cancelled,866 Bryant Turnpike,Sarachester,MN,78769,322.41
2306,447,2025-05-06,processing,597 Hamilton Forest Apt. 075,Lake Lisahaven,DC,25685,1375.57
2307,448,2025-07-25,cancelled,3393 Mcdonald Haven,Lake Jenniferchester,NM,74214,2861.61
2308,448,2025-05-26,processing,7073 Green Lodge Apt. 521,Cooleyborough,DC,09244,2586.35
2309,448,2025-02-17,cancelled,58789 Lauren Pass,East Tonyaburgh,OR,86556,2337.05
2310,448,2025-09-26,pending,7693 William Plain Apt. 707,Port Heathertown,MT,17199,1445.52
2311,448,2025-01-25,delivered,4344 Anna Overpass,Patriciamouth,AL,84146,3943.62
2312,448,2025-06-13,processing,671 Jacqueline Throughway Apt. 498,Mariafurt,IA,34068,2907.21
2313,448,2025-01-30,delivered,0941 Mahoney Roads Suite 724,New Catherineburgh,OH,87628,4118.02
2314,448,2025-05-23,shipped,32156 Cole Circles,New Stevenmouth,DE,01452,4840.51
2315,448,2025-02-24,pending,999 Jennifer Cape Suite 189,East Geraldbury,CT,73279,1604.82
2316,449,2025-06-27,delivered,50346 Miranda Roads Apt. 734,South Rachelview,PW,12034,2403.3
2317,449,2025-03-01,processing,5451 Susan Wall Apt. 559,South Lauraport,WA,81726,1551.14
2318,449,2024-12-16,shipped,663 Hannah Light Apt. 386,Williammouth,AK,07645,2515.84
2319,449,2025-05-05,processing,3525 Caleb Port Apt. 653,Greentown,AS,51990,863.56
2320,449,2025-07-23,shipped,677 Lynn Fords Suite 145,West Stacy,KY,72270,4788.21
2321,449,2025-11-11,processing,9153 Lowery Ports Apt. 435,Port Abigailton,FM,50127,3759.32
2322,450,2025-11-12,delivered,294 Cox Tunnel,East Samantha,CO,06945,3166.57
2323,450,2024-11-26,pending,912 Cannon Tunnel Suite 384,Dawsonside,CT,75980,858.24
2324,450,2025-09-20,delivered,050 Victoria Walks,East Ashley,WA,20345,3740.87
2325,450,2025-07-26,cancelled,2593 Monica Meadow,Tracyville,DE,91514,2963.92
2326,450,2025-10-14,delivered,491 William Summit,North Nicole,NE,23201,2605.49
2327,450,2025-10-17,cancelled,183 Joseph Crescent,Snyderland,NM,59502,688.08
2328,451,2025-04-17,cancelled,960 Oliver Corner,South Donaldberg,IA,30437,4008.02
2329,451,2025-08-13,cancelled,133 Clark Landing Apt. 562,Ballport,MI,91996,2438.51
2330,451,2025-09-30,delivered,0941 Leon Shores,Davischester,OH,22231,1058.23
2331,451,2025-06-07,cancelled,82446 Lisa Court,Leeberg,PA,64491,4487.65
2332,451,2024-11-14,pending,647 Donald Stravenue,East Rebecca,DC,33557,333.17
2333,451,2025-01-13,shipped,78368 Eric Glen Apt. 452,Pughside,KY,62998,519.34
2334,452,2025-03-27,cancelled,4741 Coleman Forest,Josephtown,MI,60563,1573.02
2335,452,2025-06-28,pending,065 Katelyn Forge Apt. 932,Kentview,TN,70965,277.88
2336,452,2025-09-02,pending,5199 Flores Avenue,Webbview,NM,18364,2465.33
2337,452,2025-08-18,processing,570 Henderson Key,North Janiceburgh,HI,03945,1524.94
2338,452,2025-03-09,shipped,771 Salazar Heights,Martinhaven,KS,77108,3675.04
2339,452,2025-01-02,processing,52830 Walton Plaza Apt. 080,North Jenny,SD,66329,1496.74
2340,452,2025-10-10,cancelled,882 Whitney Prairie,West Gregory,DE,01013,3258.17
2341,452,2025-07-22,pending,35479 Jason Stream Apt. 792,East Leslietown,AL,88655,2047.51
2342,453,2025-11-02,delivered,79825 Armstrong Turnpike,West Kristina,UT,97388,3049.69
2343,453,2025-07-30,shipped,26032 Kevin Plaza Apt. 770,East Timothyside,CT,64820,243.05
2344,453,2024-12-24,delivered,68524 Smith Pass Suite 920,Davestad,CO,24983,611.2
2345,453,2025-01-06,pending,0099 Levy Highway Suite 117,West Victoriaton,IA,53684,3081.49
2346,453,2025-03-07,pending,72590 Dustin Rapids Suite 848,West Kathleen,UT,18236,950.98
2347,453,2025-06-20,pending,671 Collins Shoals Apt. 959,Lindaland,WY,76722,2265.94
2348,453,2025-03-10,shipped,700 Mercer Rapid Apt. 035,East Richard,IN,46288,4714.44
2349,453,2025-07-13,processing,72340 Mullins Corners,Lukeside,SD,57371,4483.12
2350,453,2025-04-25,cancelled,43870 Rodriguez Junctions,Dustinville,DE,91836,2009.38
2351,454,2025-06-03,cancelled,491 Jessica Lights Suite 951,Harrisfurt,SD,51617,3743.66
2352,454,2025-04-26,cancelled,143 Jeffery Mission Suite 001,North Margarettown,MH,54222,892.7
2353,454,2025-02-17,cancelled,44326 Mejia Port,Christopherhaven,PA,82470,1210.3
2354,454,2025-07-25,processing,978 Trevino Circles,Georgestad,LA,31753,3961.34
2355,454,2025-04-17,delivered,345 Ferguson Ranch,North Theresa,LA,81374,3625.96
2356,454,2025-02-26,shipped,091 Stephanie Mall,Richardside,CO,79521,2374.79
2357,454,2025-06-09,delivered,31679 Pedro Lights,Andrebury,VT,06816,2609.8
2358,454,2025-05-05,delivered,59990 Ramirez Path Apt. 067,North Barbaramouth,RI,49763,1757.68
2359,455,2025-04-05,cancelled,59208 Murphy Stream,Robertsview,MI,91016,958.06
2360,455,2025-03-31,cancelled,318 Dillon Street,Cruzmouth,KS,74517,730.8
2361,455,2025-02-16,processing,8126 Adrian Road Suite 320,New Stevenborough,AK,64795,997.38
2362,455,2025-07-14,shipped,6232 Rogers Pines,North Deborahville,GA,97196,1980.82
2363,455,2025-05-02,pending,1518 Shannon Parkway Suite 424,Mcdonaldtown,AR,33788,1605.7
2364,455,2025-10-16,delivered,9765 Davis Junction,Kennethstad,ND,39996,1652.66
2365,455,2025-09-18,pending,519 Brown Ports Apt. 140,West Kevinport,ME,75404,2979.96
2366,455,2025-04-26,shipped,521 Bailey Plaza,Velasquezborough,WY,76793,327.54
2367,455,2025-10-22,delivered,6667 Miles Vista,Dawnburgh,AL,32038,4653.44
2368,455,2024-12-23,pending,9970 Morse Key Apt. 124,Katherinefort,NV,72677,2724.92
2369,456,2025-02-11,processing,50968 Nancy Port Apt. 271,Perryborough,PR,80094,2247.66
2370,457,2025-07-21,shipped,2601 Bright Mission,Port Robert,MA,66683,3406.93
2371,457,2024-12-09,shipped,61354 Mandy Vista,North Emilyside,DC,28528,2388.53
2372,457,2025-01-30,delivered,002 Atkins Spur,North Joshua,VI,95251,1350.1
2373,457,2025-04-16,processing,407 Amy Trail Suite 331,West Richardhaven,IN,42935,227.13
2374,457,2025-10-09,cancelled,87531 Daniels Vista Apt. 364,North Melvin,GU,92730,1438.24
2375,458,2025-10-17,shipped,5871 Cruz Run Apt. 032,North Ryan,OH,93944,3029.95
2376,458,2025-09-12,delivered,0182 Marie View,Matthewview,AS,88737,879.72
2377,458,2024-12-17,pending,1218 Sydney Square,West Alexis,SD,10718,4402.84
2378,458,2025-05-14,delivered,445 Andrade Mews,Reillyfurt,FL,45566,1664.84
2379,458,2025-01-30,delivered,1171 Bradley Inlet Suite 741,Petersonstad,VI,81591,146.16
2380,458,2025-08-20,shipped,00224 David Mission,South Victoriaport,IN,28970,3577.22
2381,458,2025-07-28,pending,519 Sims Estate,North Caseyberg,RI,21694,2705.4
2382,459,2025-05-03,pending,930 Cain Meadow,Davidville,VA,12747,677.17
2383,459,2025-05-25,pending,01091 Stephanie Trafficway,Philipton,GU,43957,1505.89
2384,459,2025-01-24,pending,9566 Mckinney Corners,East Amystad,IL,62390,1496.7
2385,459,2025-08-06,shipped,78392 Garrett Turnpike,East Kyle,NC,71777,730.8
2386,460,2025-06-12,pending,6965 Kennedy Locks,Larryshire,MI,78635,894.34
2387,460,2025-01-15,processing,6312 Peterson Freeway,Shawnshire,VT,89685,698.95
2388,460,2025-10-17,processing,60847 Angela Drive,East Dawn,KY,89502,2601.48
2389,460,2025-02-26,cancelled,7484 Glover Locks Suite 451,Gregorystad,NH,18909,433.72
2390,460,2025-07-12,processing,2607 Jeffrey Turnpike,West Jimmyside,DC,58261,1806.25
2391,460,2025-04-18,cancelled,612 Jessica Knoll Suite 452,Jenniferville,MP,27763,286.95
2392,460,2025-05-03,processing,67730 Hoffman Garden,West Richard,MO,21590,1145.46
2393,460,2024-12-02,shipped,3919 Kathleen Tunnel Apt. 828,New Maryborough,FM,95312,380.33
2394,460,2025-03-17,cancelled,3984 Morgan Lake,South Williamstad,CT,90244,692.35
2395,460,2024-12-16,delivered,2785 Hammond Roads Suite 217,Howemouth,FM,94281,196.26
2396,461,2025-01-20,processing,81445 Oneill Keys Apt. 499,Cooperton,CA,39305,3767.94
2397,461,2025-02-21,delivered,338 Morris Haven Suite 012,East Charles,RI,90513,2148.94
2398,461,2025-09-19,processing,131 Teresa Knolls Apt. 089,North Wendy,UT,20425,4769.49
2399,461,2025-07-24,processing,02417 Russell Tunnel,Williamsfurt,VI,70034,645.26
2400,461,2025-01-30,delivered,266 Roberts Spur,Lake Adrianfort,NM,29518,3775.3
2401,461,2025-03-20,delivered,625 Garza Street Apt. 213,Martinborough,AR,15989,2150.64
2402,461,2025-01-14,pending,43646 Perkins Mountain Apt. 675,Evanstown,IL,83054,1324.68
2403,462,2024-12-16,processing,221 Christine Green Suite 720,Nicholasbury,GA,13716,1254.63
2404,462,2025-04-16,delivered,5026 Lindsey Bridge Suite 836,South Erikside,NY,37453,2493.45
2405,462,2025-09-12,cancelled,288 Walter Parkways,North Anthonymouth,WI,95369,1338.05
2406,462,2025-01-21,delivered,4305 Donna Summit Suite 141,Calderonbury,SD,58849,2443.6
2407,462,2024-11-19,delivered,274 Paula Cape Suite 029,Lindatown,FM,58506,2513.47
2408,462,2025-06-22,pending,778 Brandon Greens,Brendastad,WI,78825,6845.44
2409,462,2024-11-22,processing,2487 Schultz Inlet Apt. 471,Adamhaven,VI,99747,1775.48
2410,462,2025-10-31,processing,9515 Bishop Village Apt. 291,South Crystal,OR,04940,4168.17
2411,462,2025-07-15,shipped,8840 Hale Vista,Norrisbury,AL,82170,357.08
2412,463,2025-08-08,cancelled,9141 Pena Valleys Apt. 842,Suarezfurt,NM,60364,2678.99
2413,464,2025-03-01,cancelled,5374 Moss Track,Peterschester,IL,90137,1486.02
2414,465,2025-05-04,shipped,4361 Cody Lodge,Brianastad,FM,18622,5420.54
2415,465,2025-03-13,shipped,1687 Henry Estates,Richardbury,KY,96458,1176.88
2416,466,2025-08-27,delivered,51011 Gabriel Unions,Lake David,KY,75423,532.76
2417,466,2025-07-30,pending,1011 Brandon Common,Burnettmouth,KS,92286,3617.32
2418,466,2025-06-18,shipped,7961 Mercado Field,East Joanneburgh,KS,42721,372.21
2419,467,2025-09-21,delivered,7080 Williams Falls,Holmesstad,NV,35788,5826.81
2420,467,2025-08-24,cancelled,4254 Erica Springs,Brownburgh,MS,82358,1720.2
2421,467,2025-10-19,shipped,546 Graham Road,Port Aaron,WI,92121,4134.82
2422,467,2025-01-19,cancelled,23187 William Loop Apt. 344,Jerrymouth,MN,06634,2606.99
2423,467,2025-06-14,delivered,038 Price Walks,East Angelaview,AL,20638,7675.74
2424,467,2025-05-07,cancelled,2684 Rodriguez Wells,Lindseymouth,PA,07740,448.5
2425,467,2025-02-23,delivered,5153 Schultz Expressway Suite 060,East Frances,FL,01992,1500.16
2426,467,2025-08-05,cancelled,29780 Little Street,Lake Joseph,MD,83276,2358.05
2427,467,2025-03-14,pending,92222 David Plaza,South Cindyborough,WY,42476,1836.35
2428,467,2025-09-27,shipped,23272 Kevin Dam,Charlesfurt,PR,08090,3475.58
2429,468,2025-06-01,delivered,814 Weaver Skyway,Lake Frank,TX,25608,3841.26
2430,468,2025-01-01,cancelled,466 Carolyn Port,Millerhaven,VT,12796,1150.08
2431,468,2025-09-06,processing,21337 Baldwin Springs Apt. 145,Marciaview,NV,17701,1589.03
2432,468,2025-01-11,shipped,04899 Pham Trail Suite 225,Gonzalezborough,NM,33670,2580.23
2433,468,2025-06-01,cancelled,083 Larsen Vista Apt. 200,Hopkinsside,IA,00759,3731.65
2434,469,2025-07-19,pending,3667 Best Knolls Suite 715,Pittmanbury,IN,44068,3323.89
2435,469,2025-02-07,processing,9023 Harrington Centers,Samuelport,TX,60597,3551.42
2436,469,2025-04-09,shipped,278 Eric Springs,South Catherinefurt,FL,37183,3300.48
2437,469,2025-06-11,pending,952 Jose Dale,Murphyville,VI,59466,1494.59
2438,469,2025-08-18,processing,2017 Bryce Mission,Daniellemouth,UT,51809,4869.57
2439,469,2025-05-08,shipped,7351 Pamela Motorway Suite 449,Port Jennaville,UT,52741,5560.16
2440,469,2025-05-21,pending,803 Lisa Heights Apt. 300,East Kevin,MH,70420,439.86
2441,469,2025-05-18,processing,5039 Brian Ville,New Sherry,AL,25453,2736.69
2442,469,2025-08-31,shipped,3137 Daniel Station Suite 048,Port Christinafort,UT,48339,1123.2
2443,470,2025-06-20,cancelled,22927 Christy Divide Apt. 986,Port Becky,SC,05611,3614.72
2444,470,2025-04-24,delivered,46786 Rebecca Trafficway,New Bryce,MS,76365,3701.2
2445,471,2024-12-09,cancelled,670 Banks Square Suite 444,North Amyland,AZ,14367,4136.05
2446,471,2025-03-26,processing,272 Cook Mount Apt. 018,New Troymouth,NY,40009,2852.15
2447,471,2025-01-20,cancelled,22727 Moore Spur,Meganburgh,NM,96143,1264.52
2448,471,2025-11-10,delivered,11434 Jessica Lights,New Eric,NH,58058,2132.01
2449,471,2025-09-03,delivered,727 Owens Shoal Suite 605,Lake Sara,MO,96284,7182.71
2450,471,2025-03-21,processing,0968 Jordan Rue Suite 987,South Heatherfurt,WY,21248,2327.94
2451,472,2025-07-09,cancelled,177 Perry Brook,Johntown,PW,71767,3198.59
2452,472,2025-11-01,processing,00077 Teresa Crescent,Lake Ricky,NJ,84304,1263.94
2453,472,2025-02-18,cancelled,870 Rhonda Ferry,Brianhaven,CO,82354,2923.98
2454,472,2025-01-29,processing,227 Wong Well,Josephstad,VA,37672,4657.76
2455,472,2025-09-07,delivered,2787 Kelly Union Suite 717,Andrewfurt,OH,51289,1373.51
2456,472,2025-05-06,shipped,06137 Lynch Place Apt. 376,Port Annmouth,VA,79809,2287.43
2457,472,2025-10-11,processing,87879 Carol Fall,East Staceyburgh,MH,53695,138.74
2458,473,2025-02-05,shipped,815 Mendoza Bypass Apt. 622,Katelynville,PA,26686,2901.23
2459,473,2025-01-26,delivered,2844 Tony Falls Apt. 840,Port Garyberg,AR,06154,1910.16
2460,474,2025-02-24,pending,09182 Eric Orchard,Barrettchester,PW,87137,2450.28
2461,474,2025-05-13,shipped,31729 Williams Ridge,South Michael,IL,64314,3000.06
2462,474,2025-04-23,pending,141 Simpson Ridges Apt. 845,New Erichaven,VA,36128,301.1
2463,474,2025-07-12,delivered,3851 Williams Lodge Suite 593,Brianville,AR,61029,4759.46
2464,474,2025-04-03,processing,799 Martin Way,Thomasmouth,AR,17377,4081.32
2465,474,2025-11-01,processing,9312 Susan Extension,Josephport,TX,75225,1774.81
2466,474,2025-09-23,delivered,0307 Gardner Isle Suite 677,East Christine,NV,87921,2981.25
2467,474,2025-05-20,cancelled,075 Richard Plains,South Ronaldfurt,WV,63786,3388.19
2468,474,2025-07-12,cancelled,99073 Cortez Extension Apt. 764,East Ricardoport,SC,88035,4588.44
2469,475,2025-09-07,delivered,4029 Roberta Ridge Suite 650,Julieview,OH,39921,3377.59
2470,475,2024-12-10,delivered,228 Mary Station Suite 022,West Raven,CO,87424,2797.18
2471,475,2025-05-21,delivered,636 Sara Street Apt. 584,Stuartfort,AL,87154,973.66
2472,475,2025-09-17,delivered,51759 Christopher Estates Suite 108,Markborough,SD,10515,940.59
2473,475,2025-09-02,delivered,9612 Rogers Pines Suite 558,Jamesfort,OR,79285,999.34
2474,475,2025-07-29,delivered,816 Robertson Cape Suite 511,Mitchellport,VT,62730,1044.22
2475,475,2025-01-27,processing,77854 Murray Neck,Johnsonton,NC,84088,5329.89
2476,475,2025-09-17,pending,588 Larry Turnpike Suite 643,Port Steven,MN,40894,5266.34
2477,475,2024-12-14,cancelled,565 Thomas Center,Lake Maxfurt,GA,51585,5095.19
2478,475,2025-04-17,pending,052 Benitez Radial,North Brandon,MD,33903,57.39
2479,476,2025-04-16,shipped,64606 Walters Port,Port Ethan,NM,44374,1079.22
2480,476,2025-03-20,pending,833 Desiree Greens,Lake Eric,PR,37938,2236.21
2481,476,2025-05-30,shipped,282 Shelley Valley Suite 665,West Vincent,NV,91970,3779.13
2482,477,2025-09-07,cancelled,90028 Aaron Brooks,East Julie,MO,54155,2614.35
2483,477,2025-10-08,shipped,8088 Hogan Inlet,South Teresaberg,NM,91567,3194.6
2484,477,2025-05-20,processing,0294 Michael Trace Apt. 229,West Suestad,ID,60336,2865.81
2485,478,2025-03-20,cancelled,1976 Odonnell Lane,West Derek,WV,25396,2792.63
2486,478,2025-02-03,delivered,07017 Webster Hill,Randyside,IN,39300,481.01
2487,478,2025-06-18,cancelled,9175 Stephen Trace Apt. 123,North Melissa,PR,89969,3216.27
2488,478,2025-02-08,cancelled,762 Mary Heights Apt. 037,Danielville,MS,37226,3098.73
2489,478,2025-06-18,pending,689 Samantha Field Suite 327,Johnsonhaven,LA,91699,554.16
2490,478,2025-07-13,cancelled,55501 Carl Rapid Apt. 499,Davidborough,FM,44656,3793.27
2491,478,2025-06-24,pending,01965 Hudson Oval Apt. 594,Michaelshire,OK,13638,4238.8
2492,479,2025-02-21,cancelled,10203 Smith Mission Apt. 360,Sherriland,FL,13519,2276.76
2493,479,2025-09-21,shipped,46879 Gomez Common,North Aliciaside,NE,41620,3760.74
2494,479,2025-03-09,cancelled,5686 Ian River,Lake Dawnview,LA,12904,815.44
2495,479,2025-05-10,pending,56739 Christine Square,Websterton,NH,01708,3504.2
2496,480,2025-10-02,cancelled,8723 Blake Tunnel Apt. 895,South Nancyberg,AR,40368,1372.31
2497,480,2025-05-12,processing,04830 Myers Mountain Apt. 255,New Eric,MP,96155,4632.73
2498,480,2025-03-12,delivered,326 Michelle Junction,South Monicaborough,ME,69902,1120.08
2499,480,2025-02-02,pending,23014 Scott Orchard Suite 038,Port Carriemouth,WA,39185,744.14
2500,480,2025-10-28,processing,520 Brenda Cove,Port Racheltown,KY,99541,5830.5
2501,480,2025-02-26,shipped,05098 Lisa Radial,Port Jonathan,TN,76509,3349.9
2502,480,2025-10-04,pending,008 Wiley Lodge Suite 865,Adrienneport,FL,21834,1962.31
2503,481,2025-03-29,shipped,7685 Rogers Square,Skinnerport,ME,19053,3798.01
2504,481,2025-06-26,shipped,7501 Dwayne Lake,Lake Ricky,NV,41413,2799.14
2505,481,2025-07-07,pending,22166 Christie Knoll Apt. 381,Chelseamouth,CA,90816,1483.91
2506,481,2025-03-04,delivered,035 Ibarra Mission,North Gregory,AR,38498,178.54
2507,481,2025-06-29,pending,636 Karen Cliff,Morganstad,IL,29086,3638.24
2508,481,2025-08-24,processing,47763 Morgan Stravenue Suite 585,South Nicole,NE,47187,1373.35
2509,481,2025-03-09,processing,915 Robinson Burgs Apt. 785,West Elizabethport,SC,17131,438.32
2510,482,2025-06-21,shipped,8761 Steve Burg,Randyville,VT,46001,2926.03
2511,482,2025-09-08,cancelled,1074 Anna Locks Suite 115,North Tonyhaven,NV,17025,3295.83
2512,482,2025-07-01,delivered,12683 Michael Lodge Apt. 420,Williamsland,WI,13152,327.54
2513,482,2025-04-18,processing,9054 Matthew Drive Suite 821,Jenniferland,OR,96742,1961.95
2514,482,2024-11-13,cancelled,327 Antonio Via,Harringtonberg,MA,59701,1916.8
2515,482,2025-04-03,processing,23034 Mark Station,Stephanieborough,FM,11201,265.17
2516,482,2025-05-03,processing,04631 Alicia Lights,Savageland,OK,70933,3993.49
2517,482,2025-05-24,processing,0544 Harvey Coves,East Teresaberg,MI,38813,447.17
2518,482,2025-10-29,pending,99734 Joel Run Apt. 540,Villanuevachester,KS,98963,1127.48
2519,483,2025-10-22,shipped,86294 Robert Spurs Apt. 314,Rebeccabury,WV,81195,1372.32
2520,483,2025-03-02,cancelled,2078 Daniel Key,Markport,AR,23672,2084.61
2521,483,2025-01-03,shipped,7602 Angela Center,Toddfort,DC,44508,879.72
2522,483,2025-01-20,cancelled,344 Bell Crossing Apt. 677,Danielleland,VA,01519,3512.09
2523,483,2025-10-09,cancelled,63443 Garcia Springs,Garymouth,FM,95782,460.22
2524,483,2025-03-27,processing,37353 Cunningham Motorway Apt. 486,East Evan,MA,29487,4053.55
2525,483,2025-03-23,shipped,27746 James Path,Travisville,IN,62997,5686.95
2526,483,2025-10-23,shipped,8775 Francisco Turnpike,Port Feliciaburgh,VA,06417,1527.86
2527,483,2024-11-26,shipped,23420 Jeremy Views Suite 384,Samanthaborough,MI,04810,4006.84
2528,484,2025-09-17,shipped,15638 Richard Mall,Danielleborough,MT,44911,3679.02
2529,484,2025-05-29,cancelled,949 Catherine Neck Suite 134,Lauriemouth,IA,91761,3486.92
2530,484,2025-01-14,pending,7375 Savage Drives Apt. 188,Rodriguezchester,MO,30592,2287.2
2531,484,2025-02-15,processing,80911 Green Creek Suite 824,Bryantstad,TX,34468,1774.2
2532,484,2025-07-29,delivered,40654 Sanders Court,South Timothy,SC,85506,6060.41
2533,484,2025-08-19,pending,075 Michael Flats Apt. 456,Port Annette,IN,40081,5231.1
2534,484,2025-07-29,shipped,5158 Eric Forest Apt. 947,Johnsonshire,NE,59151,1140.99
2535,484,2025-04-20,processing,612 Cunningham Plaza Apt. 344,West Patrickshire,MP,50892,1851.65
2536,484,2025-06-26,processing,925 Melanie Courts,Dawnbury,NJ,28445,1681.75
2537,485,2025-09-01,processing,290 Christopher Street Apt. 686,Norrisview,WI,59223,2250.5
2538,485,2025-06-04,shipped,732 Stephen Place Apt. 169,Johnville,TN,72403,1935.89
2539,485,2025-01-07,processing,718 Parks Station Apt. 539,Adamstown,MI,99005,2542.22
2540,486,2025-02-26,delivered,199 Robbins Square,Dianeville,PR,16512,2183.15
2541,486,2025-11-03,delivered,2614 Donald Mills Suite 045,East Maryhaven,TX,43632,2501.11
2542,486,2025-10-09,processing,708 Brandon Freeway,Shawnview,IN,11946,3192.54
2543,486,2025-06-17,cancelled,04924 Johnson Trace,Port Tabithaside,SC,47525,727.66
2544,486,2025-02-21,shipped,63150 Alan Mews Suite 704,Lake Belinda,GU,90570,2181.36
2545,486,2025-05-06,delivered,54064 Julie Pines,East Melissa,OK,66148,24.6
2546,486,2025-03-01,delivered,9186 Church Path Suite 121,East Juan,MS,05079,1353.02
2547,486,2025-03-28,delivered,0627 Jeremiah Dam,Nelsonborough,MS,12187,3849.71
2548,486,2024-12-26,pending,870 Harrison Vista,Martinhaven,KY,65708,1810.7
2549,486,2025-08-24,pending,8700 Scott Crest Suite 699,Wyatthaven,VI,83093,124.0
2550,487,2025-03-29,cancelled,016 Gordon Plaza Suite 778,Jerryberg,ME,81517,2738.99
2551,487,2025-05-06,shipped,93036 Nancy Ports Apt. 260,Port Amber,UT,97464,945.99
2552,487,2025-04-16,shipped,574 Michelle Villages,Port Phillip,ID,59407,1927.43
2553,487,2025-08-26,delivered,371 Jones Meadows,Amandaside,AK,60283,230.11
2554,487,2025-03-03,delivered,20465 Nguyen Island Suite 636,South James,VT,72837,2368.72
2555,487,2025-07-30,shipped,92223 Rebecca Throughway,North Brian,NM,78419,898.02
2556,488,2025-08-31,pending,48793 Sharp Throughway,East Jessemouth,WI,59136,670.35
2557,488,2025-10-02,pending,775 Christopher Rapid,New Marissa,RI,17512,679.67
2558,488,2025-07-11,delivered,13370 Morris Mountains,Jenniferside,FM,42686,2939.16
2559,488,2024-12-02,shipped,491 Tina Rapids Apt. 823,Rileyport,RI,31898,5892.59
2560,488,2025-06-13,pending,8313 Gwendolyn Station,East Anna,MP,31325,3977.01
2561,488,2025-11-04,cancelled,736 Kevin Circle Suite 761,Nicolechester,CO,88269,139.79
2562,488,2025-08-19,delivered,181 Alexander Squares Suite 292,East Bryan,RI,64782,2491.28
2563,488,2025-08-28,processing,893 Bobby Underpass Apt. 898,North Timothybury,FL,95833,1650.18
2564,488,2025-09-18,delivered,747 Lauren Course,Josephtown,NY,70753,1542.38
2565,489,2025-01-31,delivered,4253 Carter Grove Suite 178,Anafort,WA,65960,3334.82
2566,489,2024-11-29,shipped,92831 Carrie Landing,Durhamland,AL,38794,975.0
2567,489,2025-07-20,shipped,979 Sarah Garden,Racheltown,TN,98470,4469.55
2568,490,2025-10-14,shipped,2505 Harris Centers,Farmerchester,MP,73947,6869.02
2569,490,2025-03-06,cancelled,87768 Miller Mountains Suite 872,Martineztown,ME,22801,1414.31
2570,490,2025-09-07,cancelled,8101 Brown Stravenue Apt. 825,East Brandon,MI,13173,1994.76
2571,490,2024-12-27,processing,8251 Clay Underpass Apt. 049,Davidstad,KY,55408,985.57
2572,491,2025-06-19,delivered,0849 Barrett Corners,Goodmantown,PW,34482,2703.28
2573,491,2024-12-31,shipped,7308 Hansen View,Riveraberg,MS,29907,4102.65
2574,491,2025-01-14,pending,844 Jesse Springs,West Andrea,AR,23439,1781.07
2575,491,2025-08-05,pending,37700 John Forest,Amyborough,MA,03578,6822.24
2576,491,2025-05-01,pending,4157 Patricia Walks,East William,MO,05182,172.17
2577,491,2025-02-23,delivered,1435 Robinson Station,Brendaville,VT,99115,1107.16
2578,491,2025-07-22,pending,5574 Sims Stream,East Veronica,AR,36182,2400.18
2579,491,2025-09-26,pending,05818 Michael Passage,Joeltown,PR,56837,120.16
2580,491,2024-12-31,processing,8099 Salazar Port,Kimmouth,ID,31723,4000.58
2581,492,2025-02-04,delivered,93865 Powell Plaza,Mikaylaton,PR,20991,494.87
2582,492,2025-10-25,pending,80538 Campos Viaduct,South Brooke,CA,28334,1058.11
2583,492,2025-10-12,delivered,465 Amy Springs,Natalieville,KS,57486,4660.26
2584,492,2024-12-27,processing,14079 Joshua Avenue,Underwoodland,AS,90606,3630.27
2585,492,2025-07-24,processing,010 Kimberly Walk Suite 349,Harrisville,MN,47608,24.6
2586,492,2025-02-07,shipped,753 Troy Islands,Port Tracey,GU,72107,2655.72
2587,492,2025-04-07,processing,24000 Lawrence Flat,Combsmouth,PR,71242,1061.67
2588,493,2024-12-15,pending,0022 Benton Grove,Lake Alyssafort,MN,85051,1033.08
2589,493,2025-05-21,shipped,35180 Linda Inlet Apt. 149,Port Amanda,NY,39423,2814.16
2590,493,2024-12-11,shipped,344 Mcdonald Ramp Apt. 796,New Emily,GU,20255,5084.57
2591,493,2024-11-15,pending,1570 Hess Ways Apt. 304,West Cindy,OH,15131,564.76
2592,494,2025-04-02,processing,687 Carter Garden,Knoxborough,DE,34993,447.17
2593,494,2025-07-15,pending,90300 Krystal Underpass,East Catherineland,DE,84766,3380.93
2594,494,2025-03-09,delivered,5597 Jackson Walk,Escobarview,NY,40564,3044.54
2595,494,2025-08-27,shipped,05344 Compton Knoll Apt. 823,New Cynthia,OH,13276,3107.87
2596,494,2025-11-06,processing,37195 Tracy Turnpike Apt. 714,Walkermouth,LA,19178,1293.28
2597,495,2025-06-08,pending,8638 Thompson Fords Apt. 383,Port David,AR,41419,2690.51
2598,495,2025-07-07,pending,27402 Gomez Plaza Suite 924,Anitaton,GA,31385,2088.7
2599,495,2025-08-20,pending,08185 Le Stream,Port Markland,KS,31387,3589.23
2600,495,2025-07-27,processing,3749 Brenda Green,Tylerland,ND,84564,1747.18
2601,495,2025-09-10,delivered,324 Richard Cliffs,Taraville,IN,28892,1143.81
2602,495,2025-03-29,pending,3370 Michelle Islands Suite 563,Crystalville,MH,35253,3682.88
2603,496,2024-12-27,cancelled,7180 Herman Port Apt. 239,Gutierrezberg,ND,83631,1295.24
2604,496,2025-04-04,processing,419 William Ville,Port Tiffany,KY,42064,3063.62
2605,497,2025-07-26,delivered,5659 Wendy Brook Suite 633,Deckerbury,MT,38311,4409.32
2606,497,2025-10-07,pending,3712 Kelly Gardens,South Brianton,PA,43576,2377.02
2607,497,2025-06-07,pending,42863 John Causeway,South Michael,MD,65665,2412.48
2608,497,2025-03-02,shipped,4936 Henry Islands Apt. 160,West Brandon,PW,67029,229.56
2609,497,2025-06-30,pending,0939 Joseph Ridge Suite 479,West Jeffery,VT,44536,3356.92
2610,497,2025-10-16,delivered,15426 Mariah Motorway Apt. 889,South Jessica,AR,12273,1676.17
2611,497,2025-02-01,processing,91667 Jacob Divide Apt. 775,Lisaport,KS,64272,1254.99
2612,497,2025-05-18,delivered,45337 Chapman Motorway,Lake Ryanmouth,MO,20210,2472.96
2613,498,2025-09-16,processing,96063 Benjamin Mountain Apt. 338,South Vincentborough,TN,82720,412.34
2614,499,2025-04-03,pending,92118 Spencer Terrace Apt. 626,Kimmouth,WA,88608,4637.98
2615,499,2024-12-28,pending,9734 Norman Loop,Lindatown,AZ,81794,4598.17
2616,499,2025-03-07,pending,479 Brenda Walk Suite 166,Lake Jacqueline,RI,05819,2683.22
2617,499,2025-06-12,shipped,296 Hall Valley Suite 776,New Nicholas,IN,49279,2766.14
2618,499,2025-01-01,shipped,60075 Smith Branch Suite 138,Port Vincent,AR,13309,7141.86
2619,499,2024-12-08,shipped,2820 Harper Parks Suite 988,Martinezhaven,HI,49479,1231.46
2620,500,2025-04-22,delivered,6402 David Points,East Georgeburgh,TX,39940,2757.47
2621,500,2025-03-07,processing,1651 Hale Lake Suite 662,Kellyfort,GU,07379,1657.35
