order_item_id,order_id,product_id,quantity,unit_price,subtotal
1,1,9,5,23.0,115.0
2,1,73,1,232.32,232.32
3,2,22,4,235.12,940.48
4,2,45,2,122.23,244.46
5,2,20,4,178.54,714.16
6,2,79,4,323.09,1292.36
7,2,28,1,44.08,44.08
8,3,18,1,60.08,60.08
9,4,50,3,114.19,342.57
10,4,55,3,138.74,416.22
11,4,18,2,60.08,120.16
12,4,36,1,353.89,353.89
13,4,32,5,196.26,981.3
14,5,77,5,457.19,2285.95
15,5,37,1,327.54,327.54
16,5,39,2,367.27,734.54
17,5,67,5,431.78,2158.9
18,5,66,2,133.19,266.38
19,6,38,1,321.14,321.14
20,6,31,4,124.07,496.28
21,6,50,1,114.19,114.19
22,6,31,4,124.07,496.28
23,7,10,5,360.85,1804.25
24,7,2,3,373.36,1120.08
25,7,41,2,494.87,989.74
26,7,50,5,114.19,570.95
27,7,54,3,375.04,1125.12
28,8,23,4,486.83,1947.32
29,8,10,1,360.85,360.85
30,8,76,1,383.36,383.36
31,8,2,3,373.36,1120.08
32,8,28,1,44.08,44.08
33,9,51,5,203.86,1019.3
34,10,65,4,498.1,1992.4
35,10,55,4,138.74,554.96
36,10,11,5,277.02,1385.1
37,11,79,2,323.09,646.18
38,11,36,1,353.89,353.89
39,11,40,1,236.51,236.51
40,11,66,2,133.19,266.38
41,11,20,5,178.54,892.7
42,12,51,5,203.86,1019.3
43,12,9,3,23.0,69.0
44,12,56,2,219.93,439.86
45,13,32,1,196.26,196.26
46,14,15,4,352.09,1408.36
47,14,79,5,323.09,1615.45
48,14,8,3,124.0,372.0
49,14,23,1,486.83,486.83
50,15,18,1,60.08,60.08
51,16,64,3,198.54,595.62
52,16,67,5,431.78,2158.9
53,17,22,3,235.12,705.36
54,17,17,3,479.03,1437.09
55,17,16,1,146.16,146.16
56,18,55,3,138.74,416.22
57,18,68,1,343.34,343.34
58,18,34,5,89.7,448.5
59,19,64,4,198.54,794.16
60,20,47,1,141.19,141.19
61,20,64,5,198.54,992.7
62,20,22,3,235.12,705.36
63,20,21,3,405.49,1216.47
64,20,14,5,381.82,1909.1
65,21,30,5,492.76,2463.8
66,22,6,1,299.34,299.34
67,23,6,4,299.34,1197.36
68,23,47,4,141.19,564.76
69,24,23,1,486.83,486.83
70,24,71,4,324.07,1296.28
71,25,42,2,347.2,694.4
72,25,54,3,375.04,1125.12
73,26,10,5,360.85,1804.25
74,26,48,1,457.44,457.44
75,26,65,1,498.1,498.1
76,27,29,5,121.67,608.35
77,27,6,4,299.34,1197.36
78,28,60,3,380.33,1140.99
79,29,42,1,347.2,347.2
80,29,71,4,324.07,1296.28
81,29,2,3,373.36,1120.08
82,30,38,5,321.14,1605.7
83,30,39,5,367.27,1836.35
84,31,60,3,380.33,1140.99
85,31,76,4,383.36,1533.44
86,32,70,2,377.93,755.86
87,32,20,1,178.54,178.54
88,33,4,2,60.22,120.44
89,33,70,3,377.93,1133.79
90,33,2,3,373.36,1120.08
91,33,1,4,323.32,1293.28
92,34,14,2,381.82,763.64
93,34,68,2,343.34,686.68
94,34,54,4,375.04,1500.16
95,35,19,3,57.39,172.17
96,36,6,2,299.34,598.68
97,37,53,3,139.79,419.37
98,37,59,1,259.67,259.67
99,37,75,1,139.06,139.06
100,37,65,2,498.1,996.2
101,37,51,1,203.86,203.86
102,38,73,1,232.32,232.32
103,38,56,2,219.93,439.86
104,38,31,3,124.07,372.21
105,38,34,3,89.7,269.1
106,38,51,3,203.86,611.58
107,39,58,3,498.69,1496.07
108,39,30,1,492.76,492.76
109,39,26,2,443.87,887.74
110,40,14,2,381.82,763.64
111,40,14,2,381.82,763.64
112,40,58,4,498.69,1994.76
113,40,41,4,494.87,1979.48
114,40,16,5,146.16,730.8
115,41,27,4,292.9,1171.6
116,41,40,4,236.51,946.04
117,41,34,1,89.7,89.7
118,42,21,3,405.49,1216.47
119,43,6,2,299.34,598.68
120,43,42,2,347.2,694.4
121,43,12,2,230.11,460.22
122,43,46,4,404.47,1617.88
123,43,66,1,133.19,133.19
124,44,34,2,89.7,179.4
125,44,4,4,60.22,240.88
126,44,58,5,498.69,2493.45
127,45,32,1,196.26,196.26
128,45,60,1,380.33,380.33
129,45,18,1,60.08,60.08
130,45,2,1,373.36,373.36
131,45,29,2,121.67,243.34
132,46,52,3,325.0,975.0
133,46,11,5,277.02,1385.1
134,47,34,1,89.7,89.7
135,47,3,1,119.37,119.37
136,47,26,4,443.87,1775.48
137,47,17,1,479.03,479.03
138,47,43,1,345.46,345.46
139,48,60,1,380.33,380.33
140,49,74,4,363.83,1455.32
141,49,51,4,203.86,815.44
142,50,49,4,439.42,1757.68
143,51,46,2,404.47,808.94
144,51,24,3,48.61,145.83
145,52,58,2,498.69,997.38
146,52,5,5,447.17,2235.85
147,52,80,5,107.47,537.35
148,53,38,4,321.14,1284.56
149,53,53,5,139.79,698.95
150,54,8,1,124.0,124.0
151,54,36,4,353.89,1415.56
152,54,18,4,60.08,240.32
153,54,26,5,443.87,2219.35
154,55,70,1,377.93,377.93
155,55,49,3,439.42,1318.26
156,56,70,4,377.93,1511.72
157,56,45,5,122.23,611.15
158,56,65,3,498.1,1494.3
159,56,50,3,114.19,342.57
160,57,4,3,60.22,180.66
161,57,77,2,457.19,914.38
162,58,36,1,353.89,353.89
163,59,68,3,343.34,1030.02
164,59,75,2,139.06,278.12
165,59,21,1,405.49,405.49
166,59,32,2,196.26,392.52
167,60,69,1,344.04,344.04
168,60,29,5,121.67,608.35
169,60,50,3,114.19,342.57
170,61,23,2,486.83,973.66
171,61,76,3,383.36,1150.08
172,62,76,1,383.36,383.36
173,62,46,5,404.47,2022.35
174,62,73,2,232.32,464.64
175,63,25,4,416.41,1665.64
176,63,70,3,377.93,1133.79
177,63,23,4,486.83,1947.32
178,63,5,1,447.17,447.17
179,63,8,2,124.0,248.0
180,64,29,1,121.67,121.67
181,64,68,4,343.34,1373.36
182,64,1,3,323.32,969.96
183,64,79,2,323.09,646.18
184,64,17,3,479.03,1437.09
185,65,42,1,347.2,347.2
186,65,3,2,119.37,238.74
187,66,19,1,57.39,57.39
188,66,68,3,343.34,1030.02
189,66,10,3,360.85,1082.55
190,66,51,5,203.86,1019.3
191,66,13,3,406.62,1219.86
192,67,42,2,347.2,694.4
193,67,21,4,405.49,1621.96
194,67,63,3,216.86,650.58
195,68,72,5,153.82,769.1
196,68,46,2,404.47,808.94
197,69,23,4,486.83,1947.32
198,69,40,3,236.51,709.53
199,69,17,2,479.03,958.06
200,69,1,5,323.32,1616.6
201,69,51,5,203.86,1019.3
202,70,24,5,48.61,243.05
203,71,79,2,323.09,646.18
204,71,73,1,232.32,232.32
205,71,64,2,198.54,397.08
206,72,10,2,360.85,721.7
207,72,45,3,122.23,366.69
208,72,22,1,235.12,235.12
209,73,58,1,498.69,498.69
210,73,34,2,89.7,179.4
211,73,32,1,196.26,196.26
212,74,33,1,321.49,321.49
213,74,1,1,323.32,323.32
214,74,50,4,114.19,456.76
215,75,22,4,235.12,940.48
216,75,64,4,198.54,794.16
217,75,45,5,122.23,611.15
218,75,49,1,439.42,439.42
219,76,74,2,363.83,727.66
220,76,21,4,405.49,1621.96
221,76,10,1,360.85,360.85
222,76,38,1,321.14,321.14
223,77,34,1,89.7,89.7
224,77,10,3,360.85,1082.55
225,77,22,4,235.12,940.48
226,78,10,5,360.85,1804.25
227,78,12,3,230.11,690.33
228,79,79,4,323.09,1292.36
229,79,4,4,60.22,240.88
230,79,22,5,235.12,1175.6
231,79,56,2,219.93,439.86
232,79,7,1,24.6,24.6
233,80,27,2,292.9,585.8
234,80,53,5,139.79,698.95
235,80,70,3,377.93,1133.79
236,81,39,2,367.27,734.54
237,81,13,1,406.62,406.62
238,81,51,5,203.86,1019.3
239,82,63,2,216.86,433.72
240,82,7,3,24.6,73.8
241,82,1,4,323.32,1293.28
242,82,12,3,230.11,690.33
243,82,77,4,457.19,1828.76
244,83,13,1,406.62,406.62
245,83,27,2,292.9,585.8
246,84,11,4,277.02,1108.08
247,84,15,3,352.09,1056.27
248,84,51,4,203.86,815.44
249,85,34,1,89.7,89.7
250,85,70,4,377.93,1511.72
251,85,24,3,48.61,145.83
252,85,49,3,439.42,1318.26
253,86,58,1,498.69,498.69
254,86,34,4,89.7,358.8
255,87,34,2,89.7,179.4
256,87,35,5,112.66,563.3
257,87,8,2,124.0,248.0
258,87,13,1,406.62,406.62
259,88,70,4,377.93,1511.72
260,88,76,2,383.36,766.72
261,88,71,1,324.07,324.07
262,89,67,4,431.78,1727.12
263,89,69,4,344.04,1376.16
264,89,74,2,363.83,727.66
265,89,61,3,63.73,191.19
266,90,51,1,203.86,203.86
267,91,74,5,363.83,1819.15
268,91,74,5,363.83,1819.15
269,91,19,1,57.39,57.39
270,91,58,2,498.69,997.38
271,91,22,2,235.12,470.24
272,92,17,1,479.03,479.03
273,92,55,1,138.74,138.74
274,93,26,2,443.87,887.74
275,93,77,3,457.19,1371.57
276,93,41,1,494.87,494.87
277,93,12,4,230.11,920.44
278,94,51,5,203.86,1019.3
279,94,42,3,347.2,1041.6
280,94,67,4,431.78,1727.12
281,94,2,5,373.36,1866.8
282,94,76,5,383.36,1916.8
283,95,15,4,352.09,1408.36
284,95,20,2,178.54,357.08
285,95,73,5,232.32,1161.6
286,95,75,1,139.06,139.06
287,96,73,1,232.32,232.32
288,97,69,3,344.04,1032.12
289,97,53,3,139.79,419.37
290,97,50,4,114.19,456.76
291,98,78,4,316.4,1265.6
292,98,5,2,447.17,894.34
293,98,36,4,353.89,1415.56
294,98,19,5,57.39,286.95
295,98,78,4,316.4,1265.6
296,99,51,3,203.86,611.58
297,100,7,4,24.6,98.4
298,100,35,3,112.66,337.98
299,101,44,3,386.47,1159.41
300,102,36,4,353.89,1415.56
301,102,13,2,406.62,813.24
302,102,18,3,60.08,180.24
303,103,42,3,347.2,1041.6
304,103,54,5,375.04,1875.2
305,103,12,2,230.11,460.22
306,103,57,2,205.71,411.42
307,104,63,5,216.86,1084.3
308,104,48,1,457.44,457.44
309,104,66,2,133.19,266.38
310,104,9,3,23.0,69.0
311,105,52,2,325.0,650.0
312,105,68,5,343.34,1716.7
313,105,4,2,60.22,120.44
314,105,25,2,416.41,832.82
315,105,8,2,124.0,248.0
316,106,59,1,259.67,259.67
317,107,26,3,443.87,1331.61
318,107,48,4,457.44,1829.76
319,107,65,4,498.1,1992.4
320,108,4,2,60.22,120.44
321,109,63,5,216.86,1084.3
322,109,58,2,498.69,997.38
323,109,61,5,63.73,318.65
324,110,45,3,122.23,366.69
325,110,21,3,405.49,1216.47
326,110,12,3,230.11,690.33
327,110,4,4,60.22,240.88
328,110,7,2,24.6,49.2
329,111,28,2,44.08,88.16
330,111,29,2,121.67,243.34
331,111,35,4,112.66,450.64
332,111,66,1,133.19,133.19
333,111,2,4,373.36,1493.44
334,112,23,5,486.83,2434.15
335,112,2,2,373.36,746.72
336,113,78,3,316.4,949.2
337,113,36,4,353.89,1415.56
338,113,49,3,439.42,1318.26
339,114,33,2,321.49,642.98
340,114,60,3,380.33,1140.99
341,114,67,5,431.78,2158.9
342,114,51,5,203.86,1019.3
343,115,1,5,323.32,1616.6
344,116,72,5,153.82,769.1
345,116,78,3,316.4,949.2
346,116,39,1,367.27,367.27
347,117,9,3,23.0,69.0
348,117,36,3,353.89,1061.67
349,117,36,3,353.89,1061.67
350,117,39,2,367.27,734.54
351,118,67,2,431.78,863.56
352,118,8,5,124.0,620.0
353,119,41,2,494.87,989.74
354,119,4,4,60.22,240.88
355,119,38,3,321.14,963.42
356,119,54,4,375.04,1500.16
357,120,5,5,447.17,2235.85
358,120,74,2,363.83,727.66
359,120,44,2,386.47,772.94
360,120,69,4,344.04,1376.16
361,121,65,3,498.1,1494.3
362,121,22,5,235.12,1175.6
363,121,24,3,48.61,145.83
364,122,61,2,63.73,127.46
365,123,72,2,153.82,307.64
366,123,43,1,345.46,345.46
367,123,29,3,121.67,365.01
368,124,40,4,236.51,946.04
369,124,43,3,345.46,1036.38
370,125,75,3,139.06,417.18
371,125,60,1,380.33,380.33
372,125,61,1,63.73,63.73
373,126,75,5,139.06,695.3
374,126,10,4,360.85,1443.4
375,126,25,5,416.41,2082.05
376,126,16,4,146.16,584.64
377,126,68,3,343.34,1030.02
378,127,7,2,24.6,49.2
379,127,18,2,60.08,120.16
380,127,44,4,386.47,1545.88
381,127,73,4,232.32,929.28
382,128,41,2,494.87,989.74
383,128,11,4,277.02,1108.08
384,129,23,3,486.83,1460.49
385,129,8,1,124.0,124.0
386,129,58,3,498.69,1496.07
387,130,22,5,235.12,1175.6
388,130,21,4,405.49,1621.96
389,131,17,5,479.03,2395.15
390,132,55,4,138.74,554.96
391,132,55,4,138.74,554.96
392,132,50,1,114.19,114.19
393,132,5,5,447.17,2235.85
394,133,48,1,457.44,457.44
395,133,42,5,347.2,1736.0
396,134,3,1,119.37,119.37
397,134,32,2,196.26,392.52
398,135,40,2,236.51,473.02
399,135,14,4,381.82,1527.28
400,135,65,5,498.1,2490.5
401,136,22,1,235.12,235.12
402,136,6,3,299.34,898.02
403,136,38,4,321.14,1284.56
404,137,77,5,457.19,2285.95
405,137,44,4,386.47,1545.88
406,137,18,3,60.08,180.24
407,137,63,3,216.86,650.58
408,137,25,2,416.41,832.82
409,138,3,2,119.37,238.74
410,138,29,2,121.67,243.34
411,138,28,1,44.08,44.08
412,138,76,5,383.36,1916.8
413,139,16,3,146.16,438.48
414,139,5,4,447.17,1788.68
415,140,69,5,344.04,1720.2
416,140,7,5,24.6,123.0
417,140,7,1,24.6,24.6
418,141,7,1,24.6,24.6
419,142,57,4,205.71,822.84
420,142,16,5,146.16,730.8
421,142,33,4,321.49,1285.96
422,142,20,2,178.54,357.08
423,143,39,4,367.27,1469.08
424,144,67,3,431.78,1295.34
425,145,78,2,316.4,632.8
426,145,54,1,375.04,375.04
427,145,66,5,133.19,665.95
428,145,16,3,146.16,438.48
429,145,15,1,352.09,352.09
430,146,26,5,443.87,2219.35
431,146,26,3,443.87,1331.61
432,146,67,2,431.78,863.56
433,146,46,4,404.47,1617.88
434,147,21,1,405.49,405.49
435,147,71,4,324.07,1296.28
436,147,27,4,292.9,1171.6
437,148,31,1,124.07,124.07
438,148,2,1,373.36,373.36
439,148,15,5,352.09,1760.45
440,149,20,1,178.54,178.54
441,149,66,1,133.19,133.19
442,149,13,3,406.62,1219.86
443,149,30,4,492.76,1971.04
444,150,34,4,89.7,358.8
445,150,7,1,24.6,24.6
446,150,23,1,486.83,486.83
447,151,47,3,141.19,423.57
448,151,55,1,138.74,138.74
449,151,13,1,406.62,406.62
450,152,18,2,60.08,120.16
451,153,46,4,404.47,1617.88
452,153,80,3,107.47,322.41
453,153,12,3,230.11,690.33
454,154,24,1,48.61,48.61
455,154,52,4,325.0,1300.0
456,154,59,3,259.67,779.01
457,155,62,4,88.39,353.56
458,155,22,1,235.12,235.12
459,155,17,1,479.03,479.03
460,155,21,1,405.49,405.49
461,156,76,4,383.36,1533.44
462,156,73,4,232.32,929.28
463,156,24,5,48.61,243.05
464,156,49,3,439.42,1318.26
465,157,4,2,60.22,120.44
466,157,62,4,88.39,353.56
467,157,15,4,352.09,1408.36
468,157,57,1,205.71,205.71
469,157,9,3,23.0,69.0
470,158,2,5,373.36,1866.8
471,158,74,5,363.83,1819.15
472,158,29,3,121.67,365.01
473,159,67,5,431.78,2158.9
474,159,13,4,406.62,1626.48
475,159,32,4,196.26,785.04
476,159,45,4,122.23,488.92
477,159,20,5,178.54,892.7
478,160,7,1,24.6,24.6
479,160,21,5,405.49,2027.45
480,160,61,4,63.73,254.92
481,160,22,1,235.12,235.12
482,160,63,3,216.86,650.58
483,161,43,3,345.46,1036.38
484,161,7,5,24.6,123.0
485,162,71,4,324.07,1296.28
486,162,52,2,325.0,650.0
487,163,59,4,259.67,1038.68
488,164,58,1,498.69,498.69
489,164,64,4,198.54,794.16
490,164,41,1,494.87,494.87
491,164,64,1,198.54,198.54
492,164,14,4,381.82,1527.28
493,165,5,5,447.17,2235.85
494,165,71,1,324.07,324.07
495,165,12,5,230.11,1150.55
496,165,80,3,107.47,322.41
497,166,72,2,153.82,307.64
498,166,59,3,259.67,779.01
499,166,47,1,141.19,141.19
500,166,29,4,121.67,486.68
501,166,43,5,345.46,1727.3
502,167,77,4,457.19,1828.76
503,167,47,4,141.19,564.76
504,167,15,1,352.09,352.09
505,167,29,1,121.67,121.67
506,167,44,3,386.47,1159.41
507,168,71,5,324.07,1620.35
508,168,48,1,457.44,457.44
509,168,6,2,299.34,598.68
510,169,18,4,60.08,240.32
511,169,14,3,381.82,1145.46
512,169,79,2,323.09,646.18
513,169,25,1,416.41,416.41
514,170,28,4,44.08,176.32
515,170,25,3,416.41,1249.23
516,170,14,4,381.82,1527.28
517,170,6,5,299.34,1496.7
518,171,58,4,498.69,1994.76
519,172,65,2,498.1,996.2
520,172,64,1,198.54,198.54
521,172,68,1,343.34,343.34
522,172,71,4,324.07,1296.28
523,172,75,4,139.06,556.24
524,173,23,5,486.83,2434.15
525,173,23,2,486.83,973.66
526,173,14,4,381.82,1527.28
527,173,77,5,457.19,2285.95
528,173,42,5,347.2,1736.0
529,174,54,5,375.04,1875.2
530,174,32,3,196.26,588.78
531,174,51,3,203.86,611.58
532,174,38,4,321.14,1284.56
533,175,18,4,60.08,240.32
534,175,78,5,316.4,1582.0
535,176,71,3,324.07,972.21
536,176,71,2,324.07,648.14
537,176,26,2,443.87,887.74
538,177,38,3,321.14,963.42
539,177,17,2,479.03,958.06
540,177,65,5,498.1,2490.5
541,177,42,1,347.2,347.2
542,177,46,5,404.47,2022.35
543,178,75,5,139.06,695.3
544,178,54,5,375.04,1875.2
545,178,37,4,327.54,1310.16
546,178,2,5,373.36,1866.8
547,179,4,4,60.22,240.88
548,180,7,1,24.6,24.6
549,180,26,3,443.87,1331.61
550,181,37,3,327.54,982.62
551,181,19,1,57.39,57.39
552,182,27,5,292.9,1464.5
553,182,5,3,447.17,1341.51
554,182,58,1,498.69,498.69
555,183,72,2,153.82,307.64
556,183,72,4,153.82,615.28
557,183,31,5,124.07,620.35
558,183,37,1,327.54,327.54
559,183,49,4,439.42,1757.68
560,184,41,5,494.87,2474.35
561,184,7,1,24.6,24.6
562,184,33,2,321.49,642.98
563,184,80,4,107.47,429.88
564,185,48,5,457.44,2287.2
565,185,70,5,377.93,1889.65
566,186,25,3,416.41,1249.23
567,186,58,2,498.69,997.38
568,187,24,2,48.61,97.22
569,188,16,4,146.16,584.64
570,188,6,4,299.34,1197.36
571,188,36,5,353.89,1769.45
572,188,34,2,89.7,179.4
573,188,21,5,405.49,2027.45
574,189,1,3,323.32,969.96
575,189,60,2,380.33,760.66
576,189,6,2,299.34,598.68
577,190,77,1,457.19,457.19
578,190,79,3,323.09,969.27
579,190,63,5,216.86,1084.3
580,191,46,1,404.47,404.47
581,191,41,5,494.87,2474.35
582,191,29,2,121.67,243.34
583,191,67,1,431.78,431.78
584,191,65,2,498.1,996.2
585,192,70,5,377.93,1889.65
586,192,52,1,325.0,325.0
587,192,45,2,122.23,244.46
588,192,28,3,44.08,132.24
589,193,47,3,141.19,423.57
590,193,28,5,44.08,220.4
591,193,68,4,343.34,1373.36
592,194,2,1,373.36,373.36
593,194,45,4,122.23,488.92
594,194,31,5,124.07,620.35
595,194,80,2,107.47,214.94
596,194,6,3,299.34,898.02
597,195,15,4,352.09,1408.36
598,195,33,5,321.49,1607.45
599,195,37,1,327.54,327.54
600,195,67,3,431.78,1295.34
601,196,66,4,133.19,532.76
602,196,63,1,216.86,216.86
603,196,38,2,321.14,642.28
604,196,42,5,347.2,1736.0
605,196,11,1,277.02,277.02
606,197,69,5,344.04,1720.2
607,197,1,1,323.32,323.32
608,198,28,4,44.08,176.32
609,198,14,2,381.82,763.64
610,199,56,1,219.93,219.93
611,199,20,1,178.54,178.54
612,199,59,3,259.67,779.01
613,199,5,1,447.17,447.17
614,199,10,1,360.85,360.85
615,200,33,5,321.49,1607.45
616,200,10,5,360.85,1804.25
617,201,34,4,89.7,358.8
618,201,50,4,114.19,456.76
619,202,56,3,219.93,659.79
620,202,3,4,119.37,477.48
621,202,16,5,146.16,730.8
622,202,1,5,323.32,1616.6
623,203,75,1,139.06,139.06
624,204,46,5,404.47,2022.35
625,205,38,3,321.14,963.42
626,206,12,3,230.11,690.33
627,206,57,4,205.71,822.84
628,206,51,1,203.86,203.86
629,206,61,2,63.73,127.46
630,206,69,2,344.04,688.08
631,207,51,5,203.86,1019.3
632,207,38,2,321.14,642.28
633,208,48,1,457.44,457.44
634,208,71,5,324.07,1620.35
635,208,19,1,57.39,57.39
636,209,1,5,323.32,1616.6
637,210,51,5,203.86,1019.3
638,210,71,1,324.07,324.07
639,210,40,2,236.51,473.02
640,210,45,2,122.23,244.46
641,210,53,5,139.79,698.95
642,211,21,2,405.49,810.98
643,211,29,5,121.67,608.35
644,212,25,1,416.41,416.41
645,212,24,5,48.61,243.05
646,212,7,5,24.6,123.0
647,213,71,1,324.07,324.07
648,213,38,1,321.14,321.14
649,213,33,1,321.49,321.49
650,213,26,5,443.87,2219.35
651,214,43,3,345.46,1036.38
652,214,17,2,479.03,958.06
653,214,13,3,406.62,1219.86
654,214,80,1,107.47,107.47
655,215,41,4,494.87,1979.48
656,215,58,3,498.69,1496.07
657,216,40,5,236.51,1182.55
658,216,20,5,178.54,892.7
659,216,73,3,232.32,696.96
660,216,41,4,494.87,1979.48
661,216,22,1,235.12,235.12
662,217,32,2,196.26,392.52
663,217,56,3,219.93,659.79
664,217,47,2,141.19,282.38
665,218,62,4,88.39,353.56
666,218,58,3,498.69,1496.07
667,218,40,4,236.51,946.04
668,219,14,2,381.82,763.64
669,219,78,1,316.4,316.4
670,219,36,2,353.89,707.78
671,219,69,2,344.04,688.08
672,219,34,1,89.7,89.7
673,220,3,5,119.37,596.85
674,221,75,5,139.06,695.3
675,222,76,2,383.36,766.72
676,222,5,5,447.17,2235.85
677,222,34,5,89.7,448.5
678,222,70,4,377.93,1511.72
679,223,47,4,141.19,564.76
680,223,29,5,121.67,608.35
681,224,18,4,60.08,240.32
682,224,65,5,498.1,2490.5
683,224,12,4,230.11,920.44
684,225,65,1,498.1,498.1
685,225,31,5,124.07,620.35
686,225,22,5,235.12,1175.6
687,226,58,2,498.69,997.38
688,226,23,5,486.83,2434.15
689,227,19,4,57.39,229.56
690,227,46,1,404.47,404.47
691,227,29,4,121.67,486.68
692,227,30,1,492.76,492.76
693,227,34,3,89.7,269.1
694,228,6,2,299.34,598.68
695,228,67,3,431.78,1295.34
696,229,61,4,63.73,254.92
697,229,6,1,299.34,299.34
698,229,42,1,347.2,347.2
699,229,67,3,431.78,1295.34
700,230,75,5,139.06,695.3
701,230,73,2,232.32,464.64
702,230,49,4,439.42,1757.68
703,231,76,1,383.36,383.36
704,231,67,3,431.78,1295.34
705,231,49,2,439.42,878.84
706,232,52,3,325.0,975.0
707,232,45,4,122.23,488.92
708,232,62,5,88.39,441.95
709,232,1,5,323.32,1616.6
710,232,18,4,60.08,240.32
711,233,30,1,492.76,492.76
712,233,66,3,133.19,399.57
713,234,20,2,178.54,357.08
714,234,21,3,405.49,1216.47
715,235,16,2,146.16,292.32
716,235,54,3,375.04,1125.12
717,235,15,4,352.09,1408.36
718,235,62,4,88.39,353.56
719,235,27,5,292.9,1464.5
720,236,53,1,139.79,139.79
721,236,32,1,196.26,196.26
722,237,74,5,363.83,1819.15
723,237,21,2,405.49,810.98
724,238,6,5,299.34,1496.7
725,238,19,1,57.39,57.39
726,238,22,3,235.12,705.36
727,238,24,5,48.61,243.05
728,238,52,5,325.0,1625.0
729,239,3,3,119.37,358.11
730,239,11,2,277.02,554.04
731,239,58,5,498.69,2493.45
732,239,61,4,63.73,254.92
733,239,22,2,235.12,470.24
734,240,77,2,457.19,914.38
735,240,75,2,139.06,278.12
736,240,80,5,107.47,537.35
737,240,34,2,89.7,179.4
738,241,59,5,259.67,1298.35
739,241,76,1,383.36,383.36
740,241,30,4,492.76,1971.04
741,242,17,1,479.03,479.03
742,242,3,2,119.37,238.74
743,242,67,5,431.78,2158.9
744,242,54,2,375.04,750.08
745,243,13,2,406.62,813.24
746,243,61,5,63.73,318.65
747,243,77,1,457.19,457.19
748,243,69,5,344.04,1720.2
749,243,16,1,146.16,146.16
750,244,17,5,479.03,2395.15
751,244,70,1,377.93,377.93
752,244,56,5,219.93,1099.65
753,244,54,3,375.04,1125.12
754,245,68,4,343.34,1373.36
755,246,62,4,88.39,353.56
756,246,45,5,122.23,611.15
757,247,13,4,406.62,1626.48
758,247,18,3,60.08,180.24
759,247,62,2,88.39,176.78
760,247,11,3,277.02,831.06
761,247,77,5,457.19,2285.95
762,248,33,2,321.49,642.98
763,248,1,1,323.32,323.32
764,248,74,5,363.83,1819.15
765,248,16,5,146.16,730.8
766,249,49,2,439.42,878.84
767,250,53,3,139.79,419.37
768,250,14,2,381.82,763.64
769,250,55,5,138.74,693.7
770,251,34,5,89.7,448.5
771,251,55,5,138.74,693.7
772,251,47,5,141.19,705.95
773,252,51,2,203.86,407.72
774,252,53,5,139.79,698.95
775,252,72,4,153.82,615.28
776,253,48,5,457.44,2287.2
777,253,72,4,153.82,615.28
778,254,40,5,236.51,1182.55
779,254,45,4,122.23,488.92
780,254,18,1,60.08,60.08
781,255,58,2,498.69,997.38
782,255,13,2,406.62,813.24
783,256,52,3,325.0,975.0
784,256,71,5,324.07,1620.35
785,256,7,2,24.6,49.2
786,256,50,1,114.19,114.19
787,256,12,2,230.11,460.22
788,257,77,4,457.19,1828.76
789,257,12,1,230.11,230.11
790,257,34,2,89.7,179.4
791,257,48,1,457.44,457.44
792,258,5,4,447.17,1788.68
793,258,52,5,325.0,1625.0
794,258,67,3,431.78,1295.34
795,258,77,1,457.19,457.19
796,258,23,4,486.83,1947.32
797,259,2,2,373.36,746.72
798,259,67,3,431.78,1295.34
799,259,25,1,416.41,416.41
800,259,77,5,457.19,2285.95
801,260,30,5,492.76,2463.8
802,260,22,1,235.12,235.12
803,260,47,2,141.19,282.38
804,260,1,2,323.32,646.64
805,260,12,3,230.11,690.33
806,261,46,4,404.47,1617.88
807,261,52,5,325.0,1625.0
808,261,26,5,443.87,2219.35
809,261,2,1,373.36,373.36
810,262,71,3,324.07,972.21
811,263,75,3,139.06,417.18
812,263,45,3,122.23,366.69
813,263,29,5,121.67,608.35
814,263,25,4,416.41,1665.64
815,263,52,5,325.0,1625.0
816,264,34,2,89.7,179.4
817,265,65,1,498.1,498.1
818,265,72,1,153.82,153.82
819,265,65,3,498.1,1494.3
820,265,44,1,386.47,386.47
821,266,33,5,321.49,1607.45
822,266,74,3,363.83,1091.49
823,266,57,4,205.71,822.84
824,266,73,4,232.32,929.28
825,266,32,3,196.26,588.78
826,267,59,5,259.67,1298.35
827,267,4,4,60.22,240.88
828,267,15,3,352.09,1056.27
829,267,9,4,23.0,92.0
830,268,30,3,492.76,1478.28
831,268,53,3,139.79,419.37
832,269,69,1,344.04,344.04
833,269,34,2,89.7,179.4
834,269,37,1,327.54,327.54
835,269,52,3,325.0,975.0
836,269,10,5,360.85,1804.25
837,270,61,3,63.73,191.19
838,270,46,2,404.47,808.94
839,271,35,2,112.66,225.32
840,271,25,4,416.41,1665.64
841,271,26,2,443.87,887.74
842,271,31,3,124.07,372.21
843,271,27,2,292.9,585.8
844,272,32,5,196.26,981.3
845,272,46,2,404.47,808.94
846,273,16,1,146.16,146.16
847,274,79,1,323.09,323.09
848,274,70,1,377.93,377.93
849,274,62,3,88.39,265.17
850,274,80,3,107.47,322.41
851,275,74,3,363.83,1091.49
852,275,63,2,216.86,433.72
853,275,66,3,133.19,399.57
854,275,51,2,203.86,407.72
855,276,17,1,479.03,479.03
856,276,68,4,343.34,1373.36
857,276,62,5,88.39,441.95
858,276,5,5,447.17,2235.85
859,276,45,4,122.23,488.92
860,277,59,1,259.67,259.67
861,277,67,4,431.78,1727.12
862,278,2,1,373.36,373.36
863,278,27,4,292.9,1171.6
864,278,75,1,139.06,139.06
865,279,47,5,141.19,705.95
866,279,34,2,89.7,179.4
867,279,71,3,324.07,972.21
868,280,35,4,112.66,450.64
869,280,79,3,323.09,969.27
870,281,24,4,48.61,194.44
871,281,55,2,138.74,277.48
872,281,54,3,375.04,1125.12
873,282,52,3,325.0,975.0
874,282,58,2,498.69,997.38
875,282,74,2,363.83,727.66
876,283,30,1,492.76,492.76
877,283,35,2,112.66,225.32
878,283,72,4,153.82,615.28
879,283,49,2,439.42,878.84
880,283,19,2,57.39,114.78
881,284,2,2,373.36,746.72
882,284,54,4,375.04,1500.16
883,284,18,5,60.08,300.4
884,284,69,3,344.04,1032.12
885,285,39,3,367.27,1101.81
886,285,72,5,153.82,769.1
887,285,7,4,24.6,98.4
888,285,13,2,406.62,813.24
889,286,28,3,44.08,132.24
890,287,13,4,406.62,1626.48
891,287,43,3,345.46,1036.38
892,287,47,3,141.19,423.57
893,287,72,5,153.82,769.1
894,288,45,1,122.23,122.23
895,288,53,1,139.79,139.79
896,288,45,5,122.23,611.15
897,289,74,5,363.83,1819.15
898,289,69,2,344.04,688.08
899,290,46,3,404.47,1213.41
900,290,66,4,133.19,532.76
901,290,58,1,498.69,498.69
902,291,79,3,323.09,969.27
903,291,60,2,380.33,760.66
904,291,22,3,235.12,705.36
905,291,54,5,375.04,1875.2
906,292,52,1,325.0,325.0
907,292,11,2,277.02,554.04
908,292,44,2,386.47,772.94
909,292,41,3,494.87,1484.61
910,292,38,3,321.14,963.42
911,293,51,3,203.86,611.58
912,293,57,3,205.71,617.13
913,293,76,5,383.36,1916.8
914,293,58,4,498.69,1994.76
915,293,22,2,235.12,470.24
916,294,17,2,479.03,958.06
917,295,11,2,277.02,554.04
918,295,22,4,235.12,940.48
919,295,14,1,381.82,381.82
920,296,61,5,63.73,318.65
921,297,4,4,60.22,240.88
922,298,11,1,277.02,277.02
923,298,34,5,89.7,448.5
924,298,20,1,178.54,178.54
925,298,50,3,114.19,342.57
926,298,30,2,492.76,985.52
927,299,57,2,205.71,411.42
928,299,17,5,479.03,2395.15
929,299,22,1,235.12,235.12
930,300,46,3,404.47,1213.41
931,301,60,5,380.33,1901.65
932,301,35,5,112.66,563.3
933,301,57,2,205.71,411.42
934,301,70,2,377.93,755.86
935,302,77,4,457.19,1828.76
936,302,73,4,232.32,929.28
937,302,68,5,343.34,1716.7
938,302,40,3,236.51,709.53
939,302,62,5,88.39,441.95
940,303,12,4,230.11,920.44
941,303,40,3,236.51,709.53
942,304,34,2,89.7,179.4
943,304,39,1,367.27,367.27
944,304,1,5,323.32,1616.6
945,304,18,3,60.08,180.24
946,305,61,5,63.73,318.65
947,305,2,4,373.36,1493.44
948,305,62,3,88.39,265.17
949,306,56,3,219.93,659.79
950,307,30,1,492.76,492.76
951,307,71,3,324.07,972.21
952,307,25,4,416.41,1665.64
953,307,72,4,153.82,615.28
954,307,51,2,203.86,407.72
955,308,50,4,114.19,456.76
956,308,29,3,121.67,365.01
957,309,55,2,138.74,277.48
958,310,79,3,323.09,969.27
959,310,37,5,327.54,1637.7
960,310,35,4,112.66,450.64
961,310,25,1,416.41,416.41
962,310,24,2,48.61,97.22
963,311,15,4,352.09,1408.36
964,311,80,4,107.47,429.88
965,311,35,5,112.66,563.3
966,312,25,3,416.41,1249.23
967,312,3,2,119.37,238.74
968,312,7,5,24.6,123.0
969,312,3,2,119.37,238.74
970,313,37,3,327.54,982.62
971,314,57,1,205.71,205.71
972,314,30,1,492.76,492.76
973,315,2,4,373.36,1493.44
974,315,28,3,44.08,132.24
975,316,40,4,236.51,946.04
976,316,48,4,457.44,1829.76
977,316,5,3,447.17,1341.51
978,316,11,2,277.02,554.04
979,317,35,4,112.66,450.64
980,318,70,4,377.93,1511.72
981,319,25,3,416.41,1249.23
982,319,49,1,439.42,439.42
983,320,32,4,196.26,785.04
984,321,32,1,196.26,196.26
985,321,26,4,443.87,1775.48
986,321,13,5,406.62,2033.1
987,321,27,4,292.9,1171.6
988,322,40,3,236.51,709.53
989,322,21,1,405.49,405.49
990,322,71,5,324.07,1620.35
991,322,16,3,146.16,438.48
992,323,39,2,367.27,734.54
993,323,47,1,141.19,141.19
994,323,28,1,44.08,44.08
995,323,31,4,124.07,496.28
996,324,2,2,373.36,746.72
997,324,36,5,353.89,1769.45
998,324,16,4,146.16,584.64
999,325,2,1,373.36,373.36
1000,325,75,4,139.06,556.24
1001,326,20,3,178.54,535.62
1002,326,12,2,230.11,460.22
1003,326,21,4,405.49,1621.96
1004,326,12,5,230.11,1150.55
1005,326,44,1,386.47,386.47
1006,327,46,2,404.47,808.94
1007,328,14,2,381.82,763.64
1008,328,63,2,216.86,433.72
1009,328,41,5,494.87,2474.35
1010,328,45,4,122.23,488.92
1011,328,25,1,416.41,416.41
1012,329,46,2,404.47,808.94
1013,329,33,1,321.49,321.49
1014,329,63,4,216.86,867.44
1015,329,72,3,153.82,461.46
1016,330,63,2,216.86,433.72
1017,330,73,2,232.32,464.64
1018,330,70,3,377.93,1133.79
1019,330,42,4,347.2,1388.8
1020,330,36,5,353.89,1769.45
1021,331,21,1,405.49,405.49
1022,331,68,2,343.34,686.68
1023,331,58,3,498.69,1496.07
1024,331,34,5,89.7,448.5
1025,331,47,4,141.19,564.76
1026,332,65,4,498.1,1992.4
1027,333,3,5,119.37,596.85
1028,333,47,5,141.19,705.95
1029,334,42,1,347.2,347.2
1030,334,69,4,344.04,1376.16
1031,335,68,4,343.34,1373.36
1032,335,71,2,324.07,648.14
1033,336,37,3,327.54,982.62
1034,336,53,3,139.79,419.37
1035,336,15,1,352.09,352.09
1036,336,67,1,431.78,431.78
1037,336,6,2,299.34,598.68
1038,337,5,2,447.17,894.34
1039,337,14,4,381.82,1527.28
1040,338,13,1,406.62,406.62
1041,338,74,4,363.83,1455.32
1042,339,68,5,343.34,1716.7
1043,339,76,3,383.36,1150.08
1044,339,7,3,24.6,73.8
1045,339,29,5,121.67,608.35
1046,340,2,2,373.36,746.72
1047,341,11,4,277.02,1108.08
1048,341,8,3,124.0,372.0
1049,341,72,4,153.82,615.28
1050,341,48,1,457.44,457.44
1051,342,35,5,112.66,563.3
1052,342,6,1,299.34,299.34
1053,342,39,1,367.27,367.27
1054,342,28,5,44.08,220.4
1055,342,13,1,406.62,406.62
1056,343,69,4,344.04,1376.16
1057,343,25,2,416.41,832.82
1058,344,32,5,196.26,981.3
1059,344,23,5,486.83,2434.15
1060,344,72,4,153.82,615.28
1061,344,14,5,381.82,1909.1
1062,344,46,4,404.47,1617.88
1063,345,14,2,381.82,763.64
1064,345,24,5,48.61,243.05
1065,345,52,5,325.0,1625.0
1066,345,44,2,386.47,772.94
1067,346,77,4,457.19,1828.76
1068,346,46,3,404.47,1213.41
1069,346,71,3,324.07,972.21
1070,346,48,4,457.44,1829.76
1071,346,56,3,219.93,659.79
1072,347,31,5,124.07,620.35
1073,347,70,2,377.93,755.86
1074,347,49,5,439.42,2197.1
1075,347,33,3,321.49,964.47
1076,347,58,4,498.69,1994.76
1077,348,1,1,323.32,323.32
1078,348,37,5,327.54,1637.7
1079,348,3,5,119.37,596.85
1080,348,18,3,60.08,180.24
1081,349,39,2,367.27,734.54
1082,350,41,1,494.87,494.87
1083,350,36,5,353.89,1769.45
1084,351,72,5,153.82,769.1
1085,351,74,2,363.83,727.66
1086,351,13,1,406.62,406.62
1087,351,59,3,259.67,779.01
1088,351,20,2,178.54,357.08
1089,352,47,5,141.19,705.95
1090,352,32,2,196.26,392.52
1091,352,33,3,321.49,964.47
1092,353,74,4,363.83,1455.32
1093,354,28,1,44.08,44.08
1094,354,42,4,347.2,1388.8
1095,354,23,4,486.83,1947.32
1096,354,74,1,363.83,363.83
1097,354,77,3,457.19,1371.57
1098,355,74,4,363.83,1455.32
1099,356,8,3,124.0,372.0
1100,357,56,4,219.93,879.72
1101,357,16,2,146.16,292.32
1102,357,78,1,316.4,316.4
1103,358,7,3,24.6,73.8
1104,358,68,1,343.34,343.34
1105,358,41,5,494.87,2474.35
1106,358,73,2,232.32,464.64
1107,359,65,2,498.1,996.2
1108,359,20,1,178.54,178.54
1109,359,51,4,203.86,815.44
1110,360,74,5,363.83,1819.15
1111,360,12,2,230.11,460.22
1112,360,56,3,219.93,659.79
1113,360,51,2,203.86,407.72
1114,360,17,3,479.03,1437.09
1115,361,61,5,63.73,318.65
1116,362,71,4,324.07,1296.28
1117,363,11,4,277.02,1108.08
1118,363,65,4,498.1,1992.4
1119,363,17,2,479.03,958.06
1120,364,72,2,153.82,307.64
1121,364,63,4,216.86,867.44
1122,364,74,2,363.83,727.66
1123,364,72,5,153.82,769.1
1124,365,32,2,196.26,392.52
1125,365,10,3,360.85,1082.55
1126,365,56,3,219.93,659.79
1127,365,74,1,363.83,363.83
1128,365,15,4,352.09,1408.36
1129,366,47,3,141.19,423.57
1130,366,25,3,416.41,1249.23
1131,366,45,5,122.23,611.15
1132,366,4,3,60.22,180.66
1133,367,45,5,122.23,611.15
1134,367,57,5,205.71,1028.55
1135,368,57,1,205.71,205.71
1136,368,30,2,492.76,985.52
1137,369,20,1,178.54,178.54
1138,369,15,1,352.09,352.09
1139,369,32,5,196.26,981.3
1140,370,37,1,327.54,327.54
1141,370,44,1,386.47,386.47
1142,371,58,4,498.69,1994.76
1143,371,3,3,119.37,358.11
1144,371,27,5,292.9,1464.5
1145,372,27,5,292.9,1464.5
1146,372,67,3,431.78,1295.34
1147,373,62,5,88.39,441.95
1148,373,19,1,57.39,57.39
1149,373,49,5,439.42,2197.1
1150,373,68,1,343.34,343.34
1151,373,33,2,321.49,642.98
1152,374,37,2,327.54,655.08
1153,375,35,1,112.66,112.66
1154,375,60,1,380.33,380.33
1155,375,9,4,23.0,92.0
1156,375,35,3,112.66,337.98
1157,375,14,1,381.82,381.82
1158,376,50,2,114.19,228.38
1159,376,49,5,439.42,2197.1
1160,376,13,3,406.62,1219.86
1161,377,77,5,457.19,2285.95
1162,377,12,2,230.11,460.22
1163,377,26,5,443.87,2219.35
1164,377,59,5,259.67,1298.35
1165,378,6,2,299.34,598.68
1166,379,40,3,236.51,709.53
1167,379,63,4,216.86,867.44
1168,379,21,1,405.49,405.49
1169,379,45,3,122.23,366.69
1170,379,46,3,404.47,1213.41
1171,380,65,3,498.1,1494.3
1172,380,8,3,124.0,372.0
1173,381,4,5,60.22,301.1
1174,381,36,2,353.89,707.78
1175,381,20,3,178.54,535.62
1176,381,51,2,203.86,407.72
1177,382,49,5,439.42,2197.1
1178,383,30,4,492.76,1971.04
1179,383,31,5,124.07,620.35
1180,383,20,4,178.54,714.16
1181,383,40,5,236.51,1182.55
1182,383,43,4,345.46,1381.84
1183,384,17,2,479.03,958.06
1184,384,18,5,60.08,300.4
1185,384,70,2,377.93,755.86
1186,384,18,3,60.08,180.24
1187,384,68,2,343.34,686.68
1188,385,19,5,57.39,286.95
1189,385,21,3,405.49,1216.47
1190,385,9,5,23.0,115.0
1191,385,69,1,344.04,344.04
1192,386,41,2,494.87,989.74
1193,386,4,3,60.22,180.66
1194,387,53,3,139.79,419.37
1195,387,57,3,205.71,617.13
1196,387,20,2,178.54,357.08
1197,387,14,2,381.82,763.64
1198,388,4,5,60.22,301.1
1199,388,79,3,323.09,969.27
1200,389,73,5,232.32,1161.6
1201,389,30,5,492.76,2463.8
1202,389,30,2,492.76,985.52
1203,389,4,3,60.22,180.66
1204,389,11,4,277.02,1108.08
1205,390,65,5,498.1,2490.5
1206,390,61,3,63.73,191.19
1207,391,50,4,114.19,456.76
1208,391,61,2,63.73,127.46
1209,392,25,2,416.41,832.82
1210,392,5,4,447.17,1788.68
1211,393,35,4,112.66,450.64
1212,394,26,2,443.87,887.74
1213,394,9,2,23.0,46.0
1214,395,79,4,323.09,1292.36
1215,395,42,4,347.2,1388.8
1216,395,32,4,196.26,785.04
1217,395,52,1,325.0,325.0
1218,396,49,3,439.42,1318.26
1219,396,51,5,203.86,1019.3
1220,396,74,5,363.83,1819.15
1221,396,69,5,344.04,1720.2
1222,396,5,5,447.17,2235.85
1223,397,58,4,498.69,1994.76
1224,398,32,5,196.26,981.3
1225,399,51,1,203.86,203.86
1226,399,72,4,153.82,615.28
1227,399,67,1,431.78,431.78
1228,399,25,3,416.41,1249.23
1229,399,57,4,205.71,822.84
1230,400,37,4,327.54,1310.16
1231,400,22,4,235.12,940.48
1232,400,38,5,321.14,1605.7
1233,401,67,2,431.78,863.56
1234,402,58,1,498.69,498.69
1235,402,65,1,498.1,498.1
1236,402,24,5,48.61,243.05
1237,402,70,2,377.93,755.86
1238,403,53,3,139.79,419.37
1239,403,58,1,498.69,498.69
1240,403,23,4,486.83,1947.32
1241,403,76,2,383.36,766.72
1242,404,12,3,230.11,690.33
1243,404,42,2,347.2,694.4
1244,404,16,1,146.16,146.16
1245,404,15,4,352.09,1408.36
1246,405,11,5,277.02,1385.1
1247,405,50,5,114.19,570.95
1248,405,79,2,323.09,646.18
1249,406,71,4,324.07,1296.28
1250,406,6,2,299.34,598.68
1251,406,43,5,345.46,1727.3
1252,406,20,2,178.54,357.08
1253,407,23,1,486.83,486.83
1254,407,54,3,375.04,1125.12
1255,408,58,3,498.69,1496.07
1256,408,24,1,48.61,48.61
1257,408,17,2,479.03,958.06
1258,409,80,3,107.47,322.41
1259,410,59,4,259.67,1038.68
1260,411,70,1,377.93,377.93
1261,411,78,4,316.4,1265.6
1262,411,31,2,124.07,248.14
1263,411,76,4,383.36,1533.44
1264,412,53,4,139.79,559.16
1265,412,11,5,277.02,1385.1
1266,412,77,1,457.19,457.19
1267,412,32,5,196.26,981.3
1268,413,80,5,107.47,537.35
1269,413,27,1,292.9,292.9
1270,413,24,2,48.61,97.22
1271,414,45,1,122.23,122.23
1272,415,5,5,447.17,2235.85
1273,415,78,3,316.4,949.2
1274,416,12,1,230.11,230.11
1275,416,14,4,381.82,1527.28
1276,416,23,2,486.83,973.66
1277,417,79,5,323.09,1615.45
1278,417,74,5,363.83,1819.15
1279,417,23,4,486.83,1947.32
1280,418,47,1,141.19,141.19
1281,418,12,3,230.11,690.33
1282,418,42,3,347.2,1041.6
1283,418,49,1,439.42,439.42
1284,418,55,5,138.74,693.7
1285,419,38,4,321.14,1284.56
1286,420,16,3,146.16,438.48
1287,420,43,5,345.46,1727.3
1288,421,68,2,343.34,686.68
1289,421,27,5,292.9,1464.5
1290,421,8,1,124.0,124.0
1291,421,74,5,363.83,1819.15
1292,422,62,5,88.39,441.95
1293,423,55,5,138.74,693.7
1294,423,41,3,494.87,1484.61
1295,423,68,5,343.34,1716.7
1296,424,46,2,404.47,808.94
1297,424,79,5,323.09,1615.45
1298,424,64,5,198.54,992.7
1299,424,64,4,198.54,794.16
1300,424,24,5,48.61,243.05
1301,425,38,2,321.14,642.28
1302,425,1,1,323.32,323.32
1303,426,60,1,380.33,380.33
1304,427,79,4,323.09,1292.36
1305,427,53,1,139.79,139.79
1306,428,45,5,122.23,611.15
1307,428,28,1,44.08,44.08
1308,428,26,3,443.87,1331.61
1309,429,9,3,23.0,69.0
1310,429,39,5,367.27,1836.35
1311,429,71,3,324.07,972.21
1312,430,15,3,352.09,1056.27
1313,431,51,5,203.86,1019.3
1314,431,79,1,323.09,323.09
1315,431,23,2,486.83,973.66
1316,432,44,4,386.47,1545.88
1317,432,61,1,63.73,63.73
1318,432,18,4,60.08,240.32
1319,433,59,5,259.67,1298.35
1320,433,43,4,345.46,1381.84
1321,434,8,5,124.0,620.0
1322,434,39,5,367.27,1836.35
1323,434,41,5,494.87,2474.35
1324,434,69,1,344.04,344.04
1325,435,74,3,363.83,1091.49
1326,435,46,1,404.47,404.47
1327,436,36,1,353.89,353.89
1328,436,44,4,386.47,1545.88
1329,437,22,5,235.12,1175.6
1330,437,78,4,316.4,1265.6
1331,437,24,5,48.61,243.05
1332,437,15,3,352.09,1056.27
1333,437,41,1,494.87,494.87
1334,438,53,1,139.79,139.79
1335,438,64,2,198.54,397.08
1336,438,48,4,457.44,1829.76
1337,439,28,5,44.08,220.4
1338,439,39,2,367.27,734.54
1339,439,15,3,352.09,1056.27
1340,440,26,1,443.87,443.87
1341,441,65,1,498.1,498.1
1342,441,62,5,88.39,441.95
1343,441,20,2,178.54,357.08
1344,441,44,4,386.47,1545.88
1345,442,40,3,236.51,709.53
1346,442,19,1,57.39,57.39
1347,442,67,2,431.78,863.56
1348,442,27,1,292.9,292.9
1349,442,59,4,259.67,1038.68
1350,443,15,1,352.09,352.09
1351,443,40,1,236.51,236.51
1352,443,77,1,457.19,457.19
1353,443,43,4,345.46,1381.84
1354,443,6,1,299.34,299.34
1355,444,40,1,236.51,236.51
1356,444,74,3,363.83,1091.49
1357,444,27,3,292.9,878.7
1358,444,26,2,443.87,887.74
1359,444,37,3,327.54,982.62
1360,445,41,4,494.87,1979.48
1361,445,16,3,146.16,438.48
1362,445,20,2,178.54,357.08
1363,445,36,1,353.89,353.89
1364,445,2,5,373.36,1866.8
1365,446,66,1,133.19,133.19
1366,446,27,5,292.9,1464.5
1367,446,45,5,122.23,611.15
1368,446,41,3,494.87,1484.61
1369,446,19,3,57.39,172.17
1370,447,32,2,196.26,392.52
1371,447,10,3,360.85,1082.55
1372,447,79,3,323.09,969.27
1373,447,70,4,377.93,1511.72
1374,447,7,2,24.6,49.2
1375,448,61,1,63.73,63.73
1376,449,50,1,114.19,114.19
1377,450,55,4,138.74,554.96
1378,451,77,5,457.19,2285.95
1379,451,58,5,498.69,2493.45
1380,452,40,3,236.51,709.53
1381,452,26,5,443.87,2219.35
1382,452,11,4,277.02,1108.08
1383,453,17,1,479.03,479.03
1384,453,60,1,380.33,380.33
1385,453,59,3,259.67,779.01
1386,453,60,4,380.33,1521.32
1387,453,30,2,492.76,985.52
1388,454,79,3,323.09,969.27
1389,454,47,4,141.19,564.76
1390,455,43,3,345.46,1036.38
1391,455,59,4,259.67,1038.68
1392,456,9,4,23.0,92.0
1393,457,45,4,122.23,488.92
1394,458,22,3,235.12,705.36
1395,458,45,5,122.23,611.15
1396,458,74,2,363.83,727.66
1397,458,66,1,133.19,133.19
1398,459,14,3,381.82,1145.46
1399,459,72,1,153.82,153.82
1400,459,39,5,367.27,1836.35
1401,459,60,4,380.33,1521.32
1402,460,53,2,139.79,279.58
1403,460,80,2,107.47,214.94
1404,460,71,2,324.07,648.14
1405,460,62,4,88.39,353.56
1406,460,9,3,23.0,69.0
1407,461,76,4,383.36,1533.44
1408,461,56,5,219.93,1099.65
1409,462,70,2,377.93,755.86
1410,462,23,1,486.83,486.83
1411,462,74,4,363.83,1455.32
1412,463,76,5,383.36,1916.8
1413,464,42,5,347.2,1736.0
1414,464,13,4,406.62,1626.48
1415,464,23,3,486.83,1460.49
1416,464,52,1,325.0,325.0
1417,465,14,5,381.82,1909.1
1418,465,49,3,439.42,1318.26
1419,465,64,1,198.54,198.54
1420,465,12,2,230.11,460.22
1421,465,18,5,60.08,300.4
1422,466,19,2,57.39,114.78
1423,467,69,3,344.04,1032.12
1424,467,50,5,114.19,570.95
1425,467,74,4,363.83,1455.32
1426,467,26,2,443.87,887.74
1427,468,39,5,367.27,1836.35
1428,468,39,4,367.27,1469.08
1429,468,45,1,122.23,122.23
1430,469,2,5,373.36,1866.8
1431,469,66,4,133.19,532.76
1432,469,17,3,479.03,1437.09
1433,469,8,3,124.0,372.0
1434,469,71,1,324.07,324.07
1435,470,72,3,153.82,461.46
1436,471,37,1,327.54,327.54
1437,472,56,5,219.93,1099.65
1438,472,51,3,203.86,611.58
1439,473,52,4,325.0,1300.0
1440,473,56,5,219.93,1099.65
1441,473,28,2,44.08,88.16
1442,473,61,2,63.73,127.46
1443,474,72,4,153.82,615.28
1444,474,47,4,141.19,564.76
1445,475,37,2,327.54,655.08
1446,475,18,1,60.08,60.08
1447,476,3,2,119.37,238.74
1448,477,56,2,219.93,439.86
1449,477,11,2,277.02,554.04
1450,477,54,4,375.04,1500.16
1451,477,78,4,316.4,1265.6
1452,478,24,4,48.61,194.44
1453,478,66,4,133.19,532.76
1454,478,71,4,324.07,1296.28
1455,478,50,3,114.19,342.57
1456,478,29,2,121.67,243.34
1457,479,78,1,316.4,316.4
1458,479,74,4,363.83,1455.32
1459,479,31,5,124.07,620.35
1460,479,35,4,112.66,450.64
1461,480,74,3,363.83,1091.49
1462,480,5,1,447.17,447.17
1463,480,73,4,232.32,929.28
1464,480,48,1,457.44,457.44
1465,480,75,4,139.06,556.24
1466,481,19,5,57.39,286.95
1467,482,60,5,380.33,1901.65
1468,482,11,5,277.02,1385.1
1469,482,79,1,323.09,323.09
1470,483,61,1,63.73,63.73
1471,483,70,5,377.93,1889.65
1472,484,79,1,323.09,323.09
1473,484,44,5,386.47,1932.35
1474,484,2,4,373.36,1493.44
1475,485,66,4,133.19,532.76
1476,485,74,3,363.83,1091.49
1477,485,54,3,375.04,1125.12
1478,485,38,3,321.14,963.42
1479,486,5,5,447.17,2235.85
1480,486,39,5,367.27,1836.35
1481,487,8,4,124.0,496.0
1482,487,75,2,139.06,278.12
1483,487,74,1,363.83,363.83
1484,488,80,1,107.47,107.47
1485,488,37,4,327.54,1310.16
1486,488,11,2,277.02,554.04
1487,489,10,3,360.85,1082.55
1488,489,33,2,321.49,642.98
1489,489,79,3,323.09,969.27
1490,489,36,3,353.89,1061.67
1491,489,2,1,373.36,373.36
1492,490,23,5,486.83,2434.15
1493,490,20,4,178.54,714.16
1494,490,48,2,457.44,914.88
1495,490,34,2,89.7,179.4
1496,490,63,2,216.86,433.72
1497,491,5,3,447.17,1341.51
1498,491,11,2,277.02,554.04
1499,491,77,2,457.19,914.38
1500,491,64,4,198.54,794.16
1501,491,50,2,114.19,228.38
1502,492,22,2,235.12,470.24
1503,492,74,3,363.83,1091.49
1504,492,7,3,24.6,73.8
1505,492,15,1,352.09,352.09
1506,493,60,4,380.33,1521.32
1507,493,61,3,63.73,191.19
1508,494,69,2,344.04,688.08
1509,494,49,4,439.42,1757.68
1510,494,61,3,63.73,191.19
1511,494,19,5,57.39,286.95
1512,495,2,3,373.36,1120.08
1513,495,58,4,498.69,1994.76
1514,495,41,5,494.87,2474.35
1515,495,6,1,299.34,299.34
1516,496,46,4,404.47,1617.88
1517,496,79,3,323.09,969.27
1518,496,43,3,345.46,1036.38
1519,496,35,1,112.66,112.66
1520,496,33,5,321.49,1607.45
1521,497,60,2,380.33,760.66
1522,497,76,2,383.36,766.72
1523,497,67,3,431.78,1295.34
1524,497,24,3,48.61,145.83
1525,498,2,1,373.36,373.36
1526,498,9,1,23.0,23.0
1527,498,53,1,139.79,139.79
1528,498,68,1,343.34,343.34
1529,498,58,3,498.69,1496.07
1530,499,37,3,327.54,982.62
1531,499,25,1,416.41,416.41
1532,500,80,1,107.47,107.47
1533,501,77,2,457.19,914.38
1534,502,16,1,146.16,146.16
1535,502,12,5,230.11,1150.55
1536,502,17,4,479.03,1916.12
1537,502,73,2,232.32,464.64
1538,502,15,2,352.09,704.18
1539,503,38,4,321.14,1284.56
1540,503,10,4,360.85,1443.4
1541,503,36,4,353.89,1415.56
1542,504,33,2,321.49,642.98
1543,504,10,3,360.85,1082.55
1544,504,8,4,124.0,496.0
1545,505,43,1,345.46,345.46
1546,505,34,3,89.7,269.1
1547,505,23,4,486.83,1947.32
1548,505,9,4,23.0,92.0
1549,506,79,4,323.09,1292.36
1550,506,23,4,486.83,1947.32
1551,507,19,5,57.39,286.95
1552,508,28,5,44.08,220.4
1553,508,14,4,381.82,1527.28
1554,508,34,1,89.7,89.7
1555,508,5,1,447.17,447.17
1556,509,74,3,363.83,1091.49
1557,510,3,4,119.37,477.48
1558,510,20,1,178.54,178.54
1559,510,5,4,447.17,1788.68
1560,510,35,2,112.66,225.32
1561,511,51,5,203.86,1019.3
1562,511,1,5,323.32,1616.6
1563,511,63,4,216.86,867.44
1564,512,52,1,325.0,325.0
1565,512,70,2,377.93,755.86
1566,512,1,4,323.32,1293.28
1567,512,62,1,88.39,88.39
1568,513,69,3,344.04,1032.12
1569,513,43,3,345.46,1036.38
1570,513,52,1,325.0,325.0
1571,513,12,3,230.11,690.33
1572,513,69,3,344.04,1032.12
1573,514,59,3,259.67,779.01
1574,515,23,5,486.83,2434.15
1575,515,6,4,299.34,1197.36
1576,516,39,4,367.27,1469.08
1577,516,14,3,381.82,1145.46
1578,517,11,4,277.02,1108.08
1579,517,25,2,416.41,832.82
1580,517,5,2,447.17,894.34
1581,517,4,5,60.22,301.1
1582,518,63,4,216.86,867.44
1583,518,9,5,23.0,115.0
1584,519,64,5,198.54,992.7
1585,519,58,1,498.69,498.69
1586,519,5,3,447.17,1341.51
1587,520,44,1,386.47,386.47
1588,521,16,2,146.16,292.32
1589,521,67,4,431.78,1727.12
1590,521,69,2,344.04,688.08
1591,521,75,2,139.06,278.12
1592,522,5,2,447.17,894.34
1593,523,3,4,119.37,477.48
1594,523,80,1,107.47,107.47
1595,523,32,2,196.26,392.52
1596,523,2,2,373.36,746.72
1597,524,40,1,236.51,236.51
1598,525,79,2,323.09,646.18
1599,525,76,1,383.36,383.36
1600,525,14,1,381.82,381.82
1601,525,64,5,198.54,992.7
1602,526,29,1,121.67,121.67
1603,526,26,4,443.87,1775.48
1604,526,44,4,386.47,1545.88
1605,526,42,1,347.2,347.2
1606,526,74,5,363.83,1819.15
1607,527,42,2,347.2,694.4
1608,527,6,5,299.34,1496.7
1609,528,43,1,345.46,345.46
1610,528,16,3,146.16,438.48
1611,529,54,2,375.04,750.08
1612,529,48,5,457.44,2287.2
1613,530,57,2,205.71,411.42
1614,530,75,1,139.06,139.06
1615,531,13,5,406.62,2033.1
1616,531,49,2,439.42,878.84
1617,532,63,1,216.86,216.86
1618,533,1,2,323.32,646.64
1619,534,76,3,383.36,1150.08
1620,535,61,2,63.73,127.46
1621,535,27,2,292.9,585.8
1622,535,35,5,112.66,563.3
1623,535,58,4,498.69,1994.76
1624,536,23,5,486.83,2434.15
1625,536,5,5,447.17,2235.85
1626,537,64,5,198.54,992.7
1627,537,12,3,230.11,690.33
1628,538,54,1,375.04,375.04
1629,538,72,2,153.82,307.64
1630,538,25,1,416.41,416.41
1631,539,13,5,406.62,2033.1
1632,539,47,5,141.19,705.95
1633,539,65,2,498.1,996.2
1634,539,60,2,380.33,760.66
1635,539,36,1,353.89,353.89
1636,540,15,2,352.09,704.18
1637,540,61,4,63.73,254.92
1638,541,21,1,405.49,405.49
1639,541,7,3,24.6,73.8
1640,542,27,4,292.9,1171.6
1641,542,33,3,321.49,964.47
1642,542,79,4,323.09,1292.36
1643,543,14,1,381.82,381.82
1644,544,23,2,486.83,973.66
1645,544,4,4,60.22,240.88
1646,544,66,1,133.19,133.19
1647,544,10,2,360.85,721.7
1648,544,57,5,205.71,1028.55
1649,545,42,4,347.2,1388.8
1650,545,26,3,443.87,1331.61
1651,545,30,1,492.76,492.76
1652,545,42,2,347.2,694.4
1653,545,13,2,406.62,813.24
1654,546,26,4,443.87,1775.48
1655,546,29,1,121.67,121.67
1656,546,61,5,63.73,318.65
1657,546,63,1,216.86,216.86
1658,547,19,2,57.39,114.78
1659,547,79,4,323.09,1292.36
1660,547,23,4,486.83,1947.32
1661,547,48,2,457.44,914.88
1662,548,25,3,416.41,1249.23
1663,548,35,2,112.66,225.32
1664,548,43,2,345.46,690.92
1665,548,5,5,447.17,2235.85
1666,549,36,2,353.89,707.78
1667,550,60,4,380.33,1521.32
1668,551,22,3,235.12,705.36
1669,551,29,3,121.67,365.01
1670,551,78,2,316.4,632.8
1671,551,79,2,323.09,646.18
1672,552,71,2,324.07,648.14
1673,552,12,4,230.11,920.44
1674,552,67,4,431.78,1727.12
1675,552,28,5,44.08,220.4
1676,552,61,4,63.73,254.92
1677,553,2,4,373.36,1493.44
1678,553,32,2,196.26,392.52
1679,553,42,4,347.2,1388.8
1680,554,29,5,121.67,608.35
1681,554,20,5,178.54,892.7
1682,554,1,4,323.32,1293.28
1683,554,6,1,299.34,299.34
1684,554,61,5,63.73,318.65
1685,555,55,5,138.74,693.7
1686,556,62,1,88.39,88.39
1687,556,58,4,498.69,1994.76
1688,556,31,1,124.07,124.07
1689,556,72,1,153.82,153.82
1690,557,28,2,44.08,88.16
1691,557,46,3,404.47,1213.41
1692,557,31,1,124.07,124.07
1693,557,3,4,119.37,477.48
1694,558,21,4,405.49,1621.96
1695,558,74,5,363.83,1819.15
1696,558,4,4,60.22,240.88
1697,559,18,4,60.08,240.32
1698,559,24,3,48.61,145.83
1699,559,60,1,380.33,380.33
1700,559,10,4,360.85,1443.4
1701,560,68,1,343.34,343.34
1702,560,38,4,321.14,1284.56
1703,560,35,5,112.66,563.3
1704,561,74,2,363.83,727.66
1705,561,11,5,277.02,1385.1
1706,561,43,1,345.46,345.46
1707,561,66,3,133.19,399.57
1708,561,7,1,24.6,24.6
1709,562,47,4,141.19,564.76
1710,562,80,1,107.47,107.47
1711,562,47,3,141.19,423.57
1712,562,23,5,486.83,2434.15
1713,563,72,2,153.82,307.64
1714,564,43,2,345.46,690.92
1715,564,70,1,377.93,377.93
1716,565,75,2,139.06,278.12
1717,565,29,3,121.67,365.01
1718,565,46,3,404.47,1213.41
1719,565,65,4,498.1,1992.4
1720,566,7,1,24.6,24.6
1721,566,48,3,457.44,1372.32
1722,566,58,4,498.69,1994.76
1723,567,68,1,343.34,343.34
1724,567,61,5,63.73,318.65
1725,567,69,3,344.04,1032.12
1726,567,58,5,498.69,2493.45
1727,567,48,1,457.44,457.44
1728,568,59,1,259.67,259.67
1729,568,11,4,277.02,1108.08
1730,569,37,1,327.54,327.54
1731,569,14,2,381.82,763.64
1732,570,15,2,352.09,704.18
1733,570,64,2,198.54,397.08
1734,570,27,5,292.9,1464.5
1735,571,38,4,321.14,1284.56
1736,572,17,4,479.03,1916.12
1737,572,45,4,122.23,488.92
1738,572,57,1,205.71,205.71
1739,572,38,2,321.14,642.28
1740,572,9,1,23.0,23.0
1741,573,67,3,431.78,1295.34
1742,573,53,5,139.79,698.95
1743,574,42,4,347.2,1388.8
1744,574,76,5,383.36,1916.8
1745,574,71,4,324.07,1296.28
1746,575,39,5,367.27,1836.35
1747,575,17,3,479.03,1437.09
1748,575,22,3,235.12,705.36
1749,575,30,4,492.76,1971.04
1750,576,37,1,327.54,327.54
1751,576,19,3,57.39,172.17
1752,576,37,4,327.54,1310.16
1753,577,80,2,107.47,214.94
1754,577,69,3,344.04,1032.12
1755,578,23,2,486.83,973.66
1756,578,21,2,405.49,810.98
1757,579,6,3,299.34,898.02
1758,580,17,4,479.03,1916.12
1759,580,34,3,89.7,269.1
1760,580,24,2,48.61,97.22
1761,580,72,1,153.82,153.82
1762,580,41,3,494.87,1484.61
1763,581,48,4,457.44,1829.76
1764,581,70,2,377.93,755.86
1765,582,39,1,367.27,367.27
1766,582,4,4,60.22,240.88
1767,582,64,2,198.54,397.08
1768,582,59,3,259.67,779.01
1769,582,20,1,178.54,178.54
1770,583,65,3,498.1,1494.3
1771,583,38,4,321.14,1284.56
1772,583,38,5,321.14,1605.7
1773,583,19,5,57.39,286.95
1774,583,57,3,205.71,617.13
1775,584,62,1,88.39,88.39
1776,585,71,1,324.07,324.07
1777,585,40,1,236.51,236.51
1778,586,80,2,107.47,214.94
1779,586,58,3,498.69,1496.07
1780,586,12,3,230.11,690.33
1781,586,8,5,124.0,620.0
1782,587,75,5,139.06,695.3
1783,587,29,3,121.67,365.01
1784,588,3,1,119.37,119.37
1785,588,69,4,344.04,1376.16
1786,589,66,4,133.19,532.76
1787,590,63,3,216.86,650.58
1788,590,78,5,316.4,1582.0
1789,591,8,3,124.0,372.0
1790,591,51,2,203.86,407.72
1791,591,55,3,138.74,416.22
1792,591,50,3,114.19,342.57
1793,591,2,3,373.36,1120.08
1794,592,45,3,122.23,366.69
1795,592,58,5,498.69,2493.45
1796,592,12,2,230.11,460.22
1797,593,54,4,375.04,1500.16
1798,593,37,2,327.54,655.08
1799,593,55,4,138.74,554.96
1800,593,18,5,60.08,300.4
1801,594,12,2,230.11,460.22
1802,594,27,3,292.9,878.7
1803,594,61,5,63.73,318.65
1804,594,43,1,345.46,345.46
1805,594,76,4,383.36,1533.44
1806,595,1,4,323.32,1293.28
1807,596,54,2,375.04,750.08
1808,596,72,4,153.82,615.28
1809,596,73,2,232.32,464.64
1810,597,24,4,48.61,194.44
1811,597,38,5,321.14,1605.7
1812,598,6,3,299.34,898.02
1813,598,75,3,139.06,417.18
1814,598,64,5,198.54,992.7
1815,598,60,2,380.33,760.66
1816,599,1,2,323.32,646.64
1817,600,39,4,367.27,1469.08
1818,600,16,3,146.16,438.48
1819,600,54,2,375.04,750.08
1820,601,32,1,196.26,196.26
1821,601,16,3,146.16,438.48
1822,601,64,1,198.54,198.54
1823,601,77,3,457.19,1371.57
1824,602,62,5,88.39,441.95
1825,602,56,3,219.93,659.79
1826,602,61,1,63.73,63.73
1827,602,48,5,457.44,2287.2
1828,602,74,1,363.83,363.83
1829,603,21,5,405.49,2027.45
1830,603,8,2,124.0,248.0
1831,603,41,4,494.87,1979.48
1832,604,46,2,404.47,808.94
1833,604,7,3,24.6,73.8
1834,605,54,3,375.04,1125.12
1835,605,7,3,24.6,73.8
1836,605,38,5,321.14,1605.7
1837,606,66,2,133.19,266.38
1838,607,13,5,406.62,2033.1
1839,607,22,5,235.12,1175.6
1840,608,41,3,494.87,1484.61
1841,608,35,3,112.66,337.98
1842,608,13,5,406.62,2033.1
1843,609,46,2,404.47,808.94
1844,609,2,2,373.36,746.72
1845,609,67,3,431.78,1295.34
1846,609,48,4,457.44,1829.76
1847,609,53,3,139.79,419.37
1848,610,14,2,381.82,763.64
1849,610,20,5,178.54,892.7
1850,611,25,5,416.41,2082.05
1851,611,79,5,323.09,1615.45
1852,612,71,1,324.07,324.07
1853,612,54,4,375.04,1500.16
1854,612,10,1,360.85,360.85
1855,612,17,1,479.03,479.03
1856,612,62,3,88.39,265.17
1857,613,47,2,141.19,282.38
1858,613,57,5,205.71,1028.55
1859,613,67,3,431.78,1295.34
1860,614,39,1,367.27,367.27
1861,614,16,2,146.16,292.32
1862,615,19,2,57.39,114.78
1863,615,40,2,236.51,473.02
1864,616,17,1,479.03,479.03
1865,616,55,1,138.74,138.74
1866,617,3,4,119.37,477.48
1867,618,6,2,299.34,598.68
1868,618,14,1,381.82,381.82
1869,618,66,5,133.19,665.95
1870,618,8,4,124.0,496.0
1871,619,33,1,321.49,321.49
1872,620,39,1,367.27,367.27
1873,621,16,5,146.16,730.8
1874,622,76,2,383.36,766.72
1875,622,24,3,48.61,145.83
1876,623,12,2,230.11,460.22
1877,624,75,3,139.06,417.18
1878,624,46,2,404.47,808.94
1879,624,65,5,498.1,2490.5
1880,625,65,5,498.1,2490.5
1881,625,9,1,23.0,23.0
1882,626,2,5,373.36,1866.8
1883,626,28,2,44.08,88.16
1884,626,37,2,327.54,655.08
1885,626,69,1,344.04,344.04
1886,626,13,2,406.62,813.24
1887,627,61,3,63.73,191.19
1888,627,76,2,383.36,766.72
1889,627,57,1,205.71,205.71
1890,627,24,3,48.61,145.83
1891,627,49,4,439.42,1757.68
1892,628,66,2,133.19,266.38
1893,628,53,1,139.79,139.79
1894,629,16,4,146.16,584.64
1895,629,15,5,352.09,1760.45
1896,629,18,4,60.08,240.32
1897,630,37,5,327.54,1637.7
1898,630,6,1,299.34,299.34
1899,630,42,4,347.2,1388.8
1900,631,50,3,114.19,342.57
1901,632,77,3,457.19,1371.57
1902,632,57,2,205.71,411.42
1903,632,71,4,324.07,1296.28
1904,632,38,4,321.14,1284.56
1905,633,9,4,23.0,92.0
1906,633,48,2,457.44,914.88
1907,634,63,1,216.86,216.86
1908,635,57,5,205.71,1028.55
1909,635,11,1,277.02,277.02
1910,635,19,4,57.39,229.56
1911,635,52,5,325.0,1625.0
1912,636,22,1,235.12,235.12
1913,637,26,3,443.87,1331.61
1914,637,26,5,443.87,2219.35
1915,637,52,1,325.0,325.0
1916,638,55,4,138.74,554.96
1917,638,36,5,353.89,1769.45
1918,639,35,4,112.66,450.64
1919,639,46,4,404.47,1617.88
1920,639,78,4,316.4,1265.6
1921,639,63,5,216.86,1084.3
1922,639,36,2,353.89,707.78
1923,640,14,1,381.82,381.82
1924,640,33,4,321.49,1285.96
1925,640,64,2,198.54,397.08
1926,640,18,1,60.08,60.08
1927,641,7,1,24.6,24.6
1928,642,4,2,60.22,120.44
1929,642,49,5,439.42,2197.1
1930,642,42,2,347.2,694.4
1931,642,39,5,367.27,1836.35
1932,643,13,1,406.62,406.62
1933,643,67,4,431.78,1727.12
1934,643,60,2,380.33,760.66
1935,643,38,4,321.14,1284.56
1936,643,63,5,216.86,1084.3
1937,644,70,3,377.93,1133.79
1938,644,70,5,377.93,1889.65
1939,644,3,1,119.37,119.37
1940,645,16,4,146.16,584.64
1941,645,58,3,498.69,1496.07
1942,645,49,4,439.42,1757.68
1943,645,59,1,259.67,259.67
1944,646,23,5,486.83,2434.15
1945,647,22,4,235.12,940.48
1946,647,56,2,219.93,439.86
1947,647,40,4,236.51,946.04
1948,648,15,5,352.09,1760.45
1949,648,63,5,216.86,1084.3
1950,648,70,5,377.93,1889.65
1951,648,61,4,63.73,254.92
1952,649,21,5,405.49,2027.45
1953,649,8,4,124.0,496.0
1954,649,34,4,89.7,358.8
1955,649,76,4,383.36,1533.44
1956,649,79,3,323.09,969.27
1957,650,42,1,347.2,347.2
1958,650,4,5,60.22,301.1
1959,650,6,2,299.34,598.68
1960,651,45,5,122.23,611.15
1961,651,4,3,60.22,180.66
1962,651,49,1,439.42,439.42
1963,652,45,3,122.23,366.69
1964,652,53,3,139.79,419.37
1965,652,8,2,124.0,248.0
1966,652,32,2,196.26,392.52
1967,653,76,1,383.36,383.36
1968,653,9,3,23.0,69.0
1969,653,15,3,352.09,1056.27
1970,654,3,5,119.37,596.85
1971,654,42,1,347.2,347.2
1972,655,55,5,138.74,693.7
1973,655,66,4,133.19,532.76
1974,655,35,1,112.66,112.66
1975,655,61,5,63.73,318.65
1976,656,41,4,494.87,1979.48
1977,657,50,3,114.19,342.57
1978,657,74,1,363.83,363.83
1979,657,63,1,216.86,216.86
1980,657,27,3,292.9,878.7
1981,657,64,5,198.54,992.7
1982,658,22,5,235.12,1175.6
1983,658,39,3,367.27,1101.81
1984,658,56,2,219.93,439.86
1985,659,10,5,360.85,1804.25
1986,659,28,3,44.08,132.24
1987,659,34,1,89.7,89.7
1988,659,39,5,367.27,1836.35
1989,660,29,5,121.67,608.35
1990,660,12,5,230.11,1150.55
1991,660,13,5,406.62,2033.1
1992,660,44,3,386.47,1159.41
1993,661,73,5,232.32,1161.6
1994,662,55,2,138.74,277.48
1995,662,45,1,122.23,122.23
1996,662,39,5,367.27,1836.35
1997,662,39,4,367.27,1469.08
1998,663,41,2,494.87,989.74
1999,663,54,4,375.04,1500.16
2000,663,33,5,321.49,1607.45
2001,663,66,4,133.19,532.76
2002,663,71,2,324.07,648.14
2003,664,67,2,431.78,863.56
2004,665,64,2,198.54,397.08
2005,665,60,3,380.33,1140.99
2006,665,69,5,344.04,1720.2
2007,665,56,5,219.93,1099.65
2008,665,8,5,124.0,620.0
2009,666,47,4,141.19,564.76
2010,666,19,2,57.39,114.78
2011,667,39,4,367.27,1469.08
2012,667,53,3,139.79,419.37
2013,668,27,4,292.9,1171.6
2014,669,37,2,327.54,655.08
2015,669,33,5,321.49,1607.45
2016,669,31,4,124.07,496.28
2017,670,15,2,352.09,704.18
2018,670,25,1,416.41,416.41
2019,671,40,4,236.51,946.04
2020,671,63,5,216.86,1084.3
2021,672,55,1,138.74,138.74
2022,672,26,2,443.87,887.74
2023,672,35,2,112.66,225.32
2024,672,4,3,60.22,180.66
2025,673,71,2,324.07,648.14
2026,673,6,4,299.34,1197.36
2027,673,3,1,119.37,119.37
2028,674,41,5,494.87,2474.35
2029,675,9,4,23.0,92.0
2030,675,47,1,141.19,141.19
2031,675,51,2,203.86,407.72
2032,676,15,5,352.09,1760.45
2033,676,65,1,498.1,498.1
2034,677,75,5,139.06,695.3
2035,677,33,4,321.49,1285.96
2036,677,12,2,230.11,460.22
2037,677,77,1,457.19,457.19
2038,677,41,3,494.87,1484.61
2039,678,50,2,114.19,228.38
2040,678,55,2,138.74,277.48
2041,678,19,1,57.39,57.39
2042,678,23,2,486.83,973.66
2043,678,36,4,353.89,1415.56
2044,679,33,5,321.49,1607.45
2045,679,8,4,124.0,496.0
2046,679,69,3,344.04,1032.12
2047,679,15,3,352.09,1056.27
2048,680,55,4,138.74,554.96
2049,680,32,3,196.26,588.78
2050,680,19,3,57.39,172.17
2051,680,61,3,63.73,191.19
2052,680,40,1,236.51,236.51
2053,681,5,1,447.17,447.17
2054,681,31,3,124.07,372.21
2055,681,71,4,324.07,1296.28
2056,681,40,3,236.51,709.53
2057,681,16,5,146.16,730.8
2058,682,57,4,205.71,822.84
2059,682,2,4,373.36,1493.44
2060,683,39,1,367.27,367.27
2061,683,31,3,124.07,372.21
2062,683,27,2,292.9,585.8
2063,684,41,4,494.87,1979.48
2064,684,5,3,447.17,1341.51
2065,684,11,4,277.02,1108.08
2066,684,61,4,63.73,254.92
2067,685,55,1,138.74,138.74
2068,685,21,3,405.49,1216.47
2069,685,65,1,498.1,498.1
2070,686,54,5,375.04,1875.2
2071,686,71,3,324.07,972.21
2072,686,59,1,259.67,259.67
2073,687,24,4,48.61,194.44
2074,688,1,4,323.32,1293.28
2075,688,26,3,443.87,1331.61
2076,689,74,1,363.83,363.83
2077,689,15,2,352.09,704.18
2078,689,32,5,196.26,981.3
2079,690,77,4,457.19,1828.76
2080,690,41,4,494.87,1979.48
2081,691,18,3,60.08,180.24
2082,691,23,5,486.83,2434.15
2083,691,42,3,347.2,1041.6
2084,691,26,1,443.87,443.87
2085,692,48,2,457.44,914.88
2086,692,51,4,203.86,815.44
2087,692,74,2,363.83,727.66
2088,692,3,1,119.37,119.37
2089,693,79,2,323.09,646.18
2090,693,12,4,230.11,920.44
2091,693,26,3,443.87,1331.61
2092,693,22,1,235.12,235.12
2093,693,52,5,325.0,1625.0
2094,694,77,3,457.19,1371.57
2095,694,20,1,178.54,178.54
2096,694,48,2,457.44,914.88
2097,694,73,1,232.32,232.32
2098,695,68,4,343.34,1373.36
2099,696,64,1,198.54,198.54
2100,696,29,2,121.67,243.34
2101,696,25,3,416.41,1249.23
2102,696,37,4,327.54,1310.16
2103,697,17,4,479.03,1916.12
2104,697,27,5,292.9,1464.5
2105,697,28,3,44.08,132.24
2106,697,25,4,416.41,1665.64
2107,698,53,2,139.79,279.58
2108,698,4,3,60.22,180.66
2109,699,31,5,124.07,620.35
2110,699,58,2,498.69,997.38
2111,699,48,5,457.44,2287.2
2112,700,11,1,277.02,277.02
2113,700,61,2,63.73,127.46
2114,700,42,4,347.2,1388.8
2115,700,28,4,44.08,176.32
2116,701,77,3,457.19,1371.57
2117,701,10,1,360.85,360.85
2118,701,72,1,153.82,153.82
2119,701,7,3,24.6,73.8
2120,702,61,3,63.73,191.19
2121,702,78,5,316.4,1582.0
2122,703,1,3,323.32,969.96
2123,704,80,4,107.47,429.88
2124,704,39,4,367.27,1469.08
2125,704,48,2,457.44,914.88
2126,704,72,1,153.82,153.82
2127,704,75,2,139.06,278.12
2128,705,22,5,235.12,1175.6
2129,705,64,3,198.54,595.62
2130,705,60,2,380.33,760.66
2131,706,41,5,494.87,2474.35
2132,707,19,3,57.39,172.17
2133,707,15,3,352.09,1056.27
2134,707,6,2,299.34,598.68
2135,707,64,3,198.54,595.62
2136,708,56,3,219.93,659.79
2137,708,34,5,89.7,448.5
2138,708,34,5,89.7,448.5
2139,709,56,2,219.93,439.86
2140,709,41,4,494.87,1979.48
2141,709,20,5,178.54,892.7
2142,710,7,2,24.6,49.2
2143,710,20,1,178.54,178.54
2144,710,30,2,492.76,985.52
2145,710,5,4,447.17,1788.68
2146,711,21,4,405.49,1621.96
2147,711,56,1,219.93,219.93
2148,711,64,1,198.54,198.54
2149,712,46,5,404.47,2022.35
2150,712,63,4,216.86,867.44
2151,712,64,1,198.54,198.54
2152,712,19,1,57.39,57.39
2153,713,12,2,230.11,460.22
2154,713,37,2,327.54,655.08
2155,713,22,5,235.12,1175.6
2156,714,73,5,232.32,1161.6
2157,714,28,5,44.08,220.4
2158,714,1,5,323.32,1616.6
2159,715,24,4,48.61,194.44
2160,715,10,2,360.85,721.7
2161,715,64,1,198.54,198.54
2162,715,43,1,345.46,345.46
2163,715,37,1,327.54,327.54
2164,716,48,5,457.44,2287.2
2165,716,14,3,381.82,1145.46
2166,716,20,1,178.54,178.54
2167,716,11,4,277.02,1108.08
2168,717,59,3,259.67,779.01
2169,717,77,1,457.19,457.19
2170,717,43,1,345.46,345.46
2171,717,80,4,107.47,429.88
2172,718,73,2,232.32,464.64
2173,718,28,1,44.08,44.08
2174,718,37,3,327.54,982.62
2175,719,10,5,360.85,1804.25
2176,720,49,1,439.42,439.42
2177,720,52,3,325.0,975.0
2178,720,23,2,486.83,973.66
2179,720,52,1,325.0,325.0
2180,720,3,2,119.37,238.74
2181,721,50,4,114.19,456.76
2182,721,37,2,327.54,655.08
2183,722,39,4,367.27,1469.08
2184,723,40,5,236.51,1182.55
2185,723,17,3,479.03,1437.09
2186,723,13,3,406.62,1219.86
2187,723,66,2,133.19,266.38
2188,724,58,4,498.69,1994.76
2189,724,61,3,63.73,191.19
2190,724,73,5,232.32,1161.6
2191,724,55,1,138.74,138.74
2192,725,48,5,457.44,2287.2
2193,725,24,4,48.61,194.44
2194,725,55,1,138.74,138.74
2195,725,6,5,299.34,1496.7
2196,726,60,2,380.33,760.66
2197,726,20,4,178.54,714.16
2198,726,68,5,343.34,1716.7
2199,727,38,4,321.14,1284.56
2200,728,11,4,277.02,1108.08
2201,728,39,2,367.27,734.54
2202,728,17,3,479.03,1437.09
2203,728,32,5,196.26,981.3
2204,729,38,5,321.14,1605.7
2205,729,7,5,24.6,123.0
2206,729,10,1,360.85,360.85
2207,729,66,1,133.19,133.19
2208,730,55,4,138.74,554.96
2209,730,13,4,406.62,1626.48
2210,730,73,3,232.32,696.96
2211,730,46,3,404.47,1213.41
2212,730,75,1,139.06,139.06
2213,731,3,1,119.37,119.37
2214,731,60,2,380.33,760.66
2215,731,24,4,48.61,194.44
2216,731,6,1,299.34,299.34
2217,731,54,3,375.04,1125.12
2218,732,76,4,383.36,1533.44
2219,732,58,5,498.69,2493.45
2220,732,34,3,89.7,269.1
2221,733,28,2,44.08,88.16
2222,733,11,5,277.02,1385.1
2223,734,14,4,381.82,1527.28
2224,734,69,1,344.04,344.04
2225,734,1,4,323.32,1293.28
2226,735,2,2,373.36,746.72
2227,736,59,4,259.67,1038.68
2228,736,78,4,316.4,1265.6
2229,736,39,5,367.27,1836.35
2230,736,79,3,323.09,969.27
2231,737,39,1,367.27,367.27
2232,737,17,2,479.03,958.06
2233,737,2,2,373.36,746.72
2234,737,15,1,352.09,352.09
2235,738,4,2,60.22,120.44
2236,738,62,2,88.39,176.78
2237,739,56,5,219.93,1099.65
2238,739,25,1,416.41,416.41
2239,740,60,2,380.33,760.66
2240,740,61,4,63.73,254.92
2241,740,3,1,119.37,119.37
2242,741,20,4,178.54,714.16
2243,741,63,4,216.86,867.44
2244,742,58,5,498.69,2493.45
2245,743,26,3,443.87,1331.61
2246,743,73,4,232.32,929.28
2247,744,43,1,345.46,345.46
2248,745,56,4,219.93,879.72
2249,746,75,5,139.06,695.3
2250,746,71,3,324.07,972.21
2251,746,5,4,447.17,1788.68
2252,746,52,4,325.0,1300.0
2253,747,76,5,383.36,1916.8
2254,747,63,2,216.86,433.72
2255,747,8,5,124.0,620.0
2256,747,3,4,119.37,477.48
2257,747,74,3,363.83,1091.49
2258,748,9,3,23.0,69.0
2259,748,54,4,375.04,1500.16
2260,748,15,4,352.09,1408.36
2261,748,80,3,107.47,322.41
2262,748,58,4,498.69,1994.76
2263,749,21,3,405.49,1216.47
2264,750,61,3,63.73,191.19
2265,750,57,2,205.71,411.42
2266,751,29,5,121.67,608.35
2267,751,44,5,386.47,1932.35
2268,751,60,2,380.33,760.66
2269,751,38,4,321.14,1284.56
2270,751,54,3,375.04,1125.12
2271,752,21,5,405.49,2027.45
2272,752,27,3,292.9,878.7
2273,752,12,4,230.11,920.44
2274,752,17,2,479.03,958.06
2275,753,21,5,405.49,2027.45
2276,753,63,1,216.86,216.86
2277,754,64,3,198.54,595.62
2278,754,31,2,124.07,248.14
2279,754,72,1,153.82,153.82
2280,754,3,3,119.37,358.11
2281,755,46,2,404.47,808.94
2282,755,23,5,486.83,2434.15
2283,755,5,1,447.17,447.17
2284,756,56,1,219.93,219.93
2285,756,80,2,107.47,214.94
2286,756,16,5,146.16,730.8
2287,757,63,3,216.86,650.58
2288,757,44,3,386.47,1159.41
2289,758,72,3,153.82,461.46
2290,759,66,5,133.19,665.95
2291,759,14,1,381.82,381.82
2292,760,59,1,259.67,259.67
2293,760,14,5,381.82,1909.1
2294,760,79,1,323.09,323.09
2295,760,72,1,153.82,153.82
2296,761,14,2,381.82,763.64
2297,761,16,2,146.16,292.32
2298,761,47,2,141.19,282.38
2299,761,38,4,321.14,1284.56
2300,761,65,4,498.1,1992.4
2301,762,20,3,178.54,535.62
2302,763,18,1,60.08,60.08
2303,763,26,4,443.87,1775.48
2304,763,54,1,375.04,375.04
2305,764,61,3,63.73,191.19
2306,764,37,5,327.54,1637.7
2307,765,11,3,277.02,831.06
2308,765,48,4,457.44,1829.76
2309,766,32,2,196.26,392.52
2310,766,68,4,343.34,1373.36
2311,766,30,2,492.76,985.52
2312,767,53,4,139.79,559.16
2313,767,59,5,259.67,1298.35
2314,767,47,1,141.19,141.19
2315,767,57,2,205.71,411.42
2316,768,67,1,431.78,431.78
2317,769,44,3,386.47,1159.41
2318,770,22,4,235.12,940.48
2319,770,8,4,124.0,496.0
2320,770,5,2,447.17,894.34
2321,770,74,1,363.83,363.83
2322,771,38,4,321.14,1284.56
2323,771,52,5,325.0,1625.0
2324,771,39,3,367.27,1101.81
2325,771,45,1,122.23,122.23
2326,771,36,5,353.89,1769.45
2327,772,19,4,57.39,229.56
2328,772,58,2,498.69,997.38
2329,772,70,5,377.93,1889.65
2330,772,80,4,107.47,429.88
2331,772,45,4,122.23,488.92
2332,773,39,1,367.27,367.27
2333,773,5,5,447.17,2235.85
2334,774,50,2,114.19,228.38
2335,774,67,5,431.78,2158.9
2336,774,37,2,327.54,655.08
2337,775,66,5,133.19,665.95
2338,776,67,3,431.78,1295.34
2339,776,21,1,405.49,405.49
2340,776,4,5,60.22,301.1
2341,777,34,2,89.7,179.4
2342,777,39,4,367.27,1469.08
2343,777,65,1,498.1,498.1
2344,777,8,3,124.0,372.0
2345,777,34,5,89.7,448.5
2346,778,16,1,146.16,146.16
2347,778,16,4,146.16,584.64
2348,778,39,5,367.27,1836.35
2349,779,59,3,259.67,779.01
2350,780,75,5,139.06,695.3
2351,780,69,5,344.04,1720.2
2352,781,45,3,122.23,366.69
2353,781,37,5,327.54,1637.7
2354,782,49,5,439.42,2197.1
2355,782,32,1,196.26,196.26
2356,783,67,5,431.78,2158.9
2357,783,25,3,416.41,1249.23
2358,783,59,1,259.67,259.67
2359,784,55,4,138.74,554.96
2360,784,11,1,277.02,277.02
2361,785,55,2,138.74,277.48
2362,786,28,4,44.08,176.32
2363,786,10,3,360.85,1082.55
2364,786,68,4,343.34,1373.36
2365,786,76,5,383.36,1916.8
2366,787,51,3,203.86,611.58
2367,787,75,4,139.06,556.24
2368,787,55,4,138.74,554.96
2369,787,63,4,216.86,867.44
2370,787,21,2,405.49,810.98
2371,788,17,4,479.03,1916.12
2372,788,59,2,259.67,519.34
2373,788,66,5,133.19,665.95
2374,788,16,2,146.16,292.32
2375,788,59,4,259.67,1038.68
2376,789,21,5,405.49,2027.45
2377,790,16,5,146.16,730.8
2378,790,53,1,139.79,139.79
2379,790,16,3,146.16,438.48
2380,791,38,1,321.14,321.14
2381,791,67,2,431.78,863.56
2382,791,16,3,146.16,438.48
2383,791,40,3,236.51,709.53
2384,791,39,3,367.27,1101.81
2385,792,4,2,60.22,120.44
2386,792,19,5,57.39,286.95
2387,792,54,1,375.04,375.04
2388,792,40,3,236.51,709.53
2389,793,24,4,48.61,194.44
2390,793,1,1,323.32,323.32
2391,794,45,1,122.23,122.23
2392,794,6,4,299.34,1197.36
2393,794,62,5,88.39,441.95
2394,794,40,5,236.51,1182.55
2395,794,58,3,498.69,1496.07
2396,795,61,5,63.73,318.65
2397,795,17,2,479.03,958.06
2398,795,65,4,498.1,1992.4
2399,795,58,4,498.69,1994.76
2400,796,42,1,347.2,347.2
2401,796,80,5,107.47,537.35
2402,797,50,2,114.19,228.38
2403,797,51,3,203.86,611.58
2404,797,70,1,377.93,377.93
2405,797,57,3,205.71,617.13
2406,798,22,1,235.12,235.12
2407,799,40,5,236.51,1182.55
2408,799,16,5,146.16,730.8
2409,799,11,2,277.02,554.04
2410,799,80,5,107.47,537.35
2411,799,74,1,363.83,363.83
2412,800,67,2,431.78,863.56
2413,800,61,5,63.73,318.65
2414,800,3,1,119.37,119.37
2415,800,69,2,344.04,688.08
2416,800,3,3,119.37,358.11
2417,801,32,5,196.26,981.3
2418,801,57,1,205.71,205.71
2419,802,78,3,316.4,949.2
2420,802,52,5,325.0,1625.0
2421,802,6,4,299.34,1197.36
2422,802,3,3,119.37,358.11
2423,802,56,2,219.93,439.86
2424,803,4,5,60.22,301.1
2425,803,41,4,494.87,1979.48
2426,803,33,1,321.49,321.49
2427,803,15,1,352.09,352.09
2428,804,22,3,235.12,705.36
2429,804,19,2,57.39,114.78
2430,804,33,1,321.49,321.49
2431,804,20,3,178.54,535.62
2432,804,53,2,139.79,279.58
2433,805,79,3,323.09,969.27
2434,806,4,1,60.22,60.22
2435,806,39,4,367.27,1469.08
2436,807,41,2,494.87,989.74
2437,808,42,3,347.2,1041.6
2438,808,49,1,439.42,439.42
2439,808,7,2,24.6,49.2
2440,808,31,5,124.07,620.35
2441,809,31,4,124.07,496.28
2442,809,66,5,133.19,665.95
2443,809,50,1,114.19,114.19
2444,809,35,1,112.66,112.66
2445,809,41,4,494.87,1979.48
2446,810,53,1,139.79,139.79
2447,810,62,1,88.39,88.39
2448,810,53,2,139.79,279.58
2449,810,3,3,119.37,358.11
2450,810,71,5,324.07,1620.35
2451,811,32,5,196.26,981.3
2452,812,39,5,367.27,1836.35
2453,812,53,4,139.79,559.16
2454,813,65,2,498.1,996.2
2455,814,48,5,457.44,2287.2
2456,814,22,2,235.12,470.24
2457,815,55,5,138.74,693.7
2458,815,58,1,498.69,498.69
2459,815,1,4,323.32,1293.28
2460,815,80,3,107.47,322.41
2461,815,22,1,235.12,235.12
2462,816,62,3,88.39,265.17
2463,817,33,4,321.49,1285.96
2464,817,45,2,122.23,244.46
2465,817,75,5,139.06,695.3
2466,817,37,1,327.54,327.54
2467,817,21,5,405.49,2027.45
2468,818,9,3,23.0,69.0
2469,818,12,4,230.11,920.44
2470,818,16,2,146.16,292.32
2471,818,72,3,153.82,461.46
2472,818,56,2,219.93,439.86
2473,819,65,3,498.1,1494.3
2474,819,44,3,386.47,1159.41
2475,819,58,3,498.69,1496.07
2476,819,32,3,196.26,588.78
2477,819,44,2,386.47,772.94
2478,820,77,3,457.19,1371.57
2479,820,3,2,119.37,238.74
2480,820,1,5,323.32,1616.6
2481,820,61,1,63.73,63.73
2482,821,23,4,486.83,1947.32
2483,822,63,4,216.86,867.44
2484,822,69,1,344.04,344.04
2485,822,10,5,360.85,1804.25
2486,822,4,4,60.22,240.88
2487,822,16,3,146.16,438.48
2488,823,77,3,457.19,1371.57
2489,823,50,2,114.19,228.38
2490,823,2,1,373.36,373.36
2491,823,60,3,380.33,1140.99
2492,824,57,1,205.71,205.71
2493,824,29,1,121.67,121.67
2494,825,46,2,404.47,808.94
2495,825,12,5,230.11,1150.55
2496,825,39,2,367.27,734.54
2497,826,64,3,198.54,595.62
2498,826,5,3,447.17,1341.51
2499,827,78,2,316.4,632.8
2500,827,1,2,323.32,646.64
2501,827,51,1,203.86,203.86
2502,827,36,5,353.89,1769.45
2503,828,64,2,198.54,397.08
2504,828,71,2,324.07,648.14
2505,828,73,5,232.32,1161.6
2506,828,73,2,232.32,464.64
2507,828,9,5,23.0,115.0
2508,829,9,2,23.0,46.0
2509,829,34,5,89.7,448.5
2510,830,67,3,431.78,1295.34
2511,830,25,1,416.41,416.41
2512,831,79,3,323.09,969.27
2513,831,72,4,153.82,615.28
2514,831,1,4,323.32,1293.28
2515,831,7,3,24.6,73.8
2516,831,56,4,219.93,879.72
2517,832,16,5,146.16,730.8
2518,832,60,4,380.33,1521.32
2519,832,47,5,141.19,705.95
2520,833,29,1,121.67,121.67
2521,834,54,5,375.04,1875.2
2522,834,58,3,498.69,1496.07
2523,834,1,4,323.32,1293.28
2524,835,43,1,345.46,345.46
2525,835,74,1,363.83,363.83
2526,836,55,1,138.74,138.74
2527,836,32,2,196.26,392.52
2528,837,43,3,345.46,1036.38
2529,837,9,1,23.0,23.0
2530,838,62,4,88.39,353.56
2531,839,76,3,383.36,1150.08
2532,840,32,1,196.26,196.26
2533,840,61,2,63.73,127.46
2534,840,44,1,386.47,386.47
2535,841,67,2,431.78,863.56
2536,841,10,5,360.85,1804.25
2537,841,80,4,107.47,429.88
2538,842,58,5,498.69,2493.45
2539,843,11,1,277.02,277.02
2540,844,49,3,439.42,1318.26
2541,845,17,1,479.03,479.03
2542,846,8,3,124.0,372.0
2543,846,79,4,323.09,1292.36
2544,846,9,1,23.0,23.0
2545,846,8,5,124.0,620.0
2546,847,38,4,321.14,1284.56
2547,848,13,5,406.62,2033.1
2548,848,53,2,139.79,279.58
2549,848,77,5,457.19,2285.95
2550,848,2,4,373.36,1493.44
2551,849,60,4,380.33,1521.32
2552,849,80,5,107.47,537.35
2553,849,13,3,406.62,1219.86
2554,849,4,4,60.22,240.88
2555,850,43,5,345.46,1727.3
2556,850,25,1,416.41,416.41
2557,850,14,1,381.82,381.82
2558,850,77,1,457.19,457.19
2559,850,76,2,383.36,766.72
2560,851,17,5,479.03,2395.15
2561,851,33,3,321.49,964.47
2562,851,54,4,375.04,1500.16
2563,851,80,4,107.47,429.88
2564,851,24,2,48.61,97.22
2565,852,6,1,299.34,299.34
2566,852,17,3,479.03,1437.09
2567,853,56,5,219.93,1099.65
2568,853,46,3,404.47,1213.41
2569,853,75,5,139.06,695.3
2570,853,19,2,57.39,114.78
2571,853,61,3,63.73,191.19
2572,854,44,3,386.47,1159.41
2573,854,48,1,457.44,457.44
2574,854,67,5,431.78,2158.9
2575,854,19,1,57.39,57.39
2576,854,31,5,124.07,620.35
2577,855,7,4,24.6,98.4
2578,855,45,2,122.23,244.46
2579,855,26,2,443.87,887.74
2580,855,9,3,23.0,69.0
2581,855,25,4,416.41,1665.64
2582,856,77,3,457.19,1371.57
2583,856,75,5,139.06,695.3
2584,856,43,5,345.46,1727.3
2585,856,39,4,367.27,1469.08
2586,857,21,1,405.49,405.49
2587,857,59,1,259.67,259.67
2588,857,64,2,198.54,397.08
2589,858,29,2,121.67,243.34
2590,859,80,2,107.47,214.94
2591,859,31,4,124.07,496.28
2592,859,43,4,345.46,1381.84
2593,859,27,4,292.9,1171.6
2594,860,1,3,323.32,969.96
2595,860,2,1,373.36,373.36
2596,861,4,5,60.22,301.1
2597,861,15,2,352.09,704.18
2598,861,38,4,321.14,1284.56
2599,862,75,3,139.06,417.18
2600,862,6,1,299.34,299.34
2601,863,26,3,443.87,1331.61
2602,863,23,2,486.83,973.66
2603,864,23,3,486.83,1460.49
2604,864,71,2,324.07,648.14
2605,864,23,2,486.83,973.66
2606,865,23,3,486.83,1460.49
2607,866,3,2,119.37,238.74
2608,867,15,3,352.09,1056.27
2609,867,27,3,292.9,878.7
2610,867,59,2,259.67,519.34
2611,867,48,3,457.44,1372.32
2612,868,68,5,343.34,1716.7
2613,868,56,1,219.93,219.93
2614,869,19,2,57.39,114.78
2615,870,25,5,416.41,2082.05
2616,870,49,3,439.42,1318.26
2617,871,77,4,457.19,1828.76
2618,871,32,1,196.26,196.26
2619,871,79,5,323.09,1615.45
2620,872,69,3,344.04,1032.12
2621,872,20,3,178.54,535.62
2622,873,7,3,24.6,73.8
2623,873,17,5,479.03,2395.15
2624,874,63,2,216.86,433.72
2625,874,11,4,277.02,1108.08
2626,874,79,1,323.09,323.09
2627,874,22,5,235.12,1175.6
2628,874,50,5,114.19,570.95
2629,875,64,5,198.54,992.7
2630,875,60,2,380.33,760.66
2631,875,42,3,347.2,1041.6
2632,876,62,4,88.39,353.56
2633,876,61,3,63.73,191.19
2634,876,75,4,139.06,556.24
2635,876,75,1,139.06,139.06
2636,876,27,2,292.9,585.8
2637,877,58,2,498.69,997.38
2638,877,51,2,203.86,407.72
2639,878,55,4,138.74,554.96
2640,878,74,2,363.83,727.66
2641,878,48,3,457.44,1372.32
2642,879,11,2,277.02,554.04
2643,879,11,3,277.02,831.06
2644,879,57,5,205.71,1028.55
2645,879,46,2,404.47,808.94
2646,879,75,1,139.06,139.06
2647,880,66,5,133.19,665.95
2648,880,44,4,386.47,1545.88
2649,880,58,4,498.69,1994.76
2650,880,56,4,219.93,879.72
2651,881,64,3,198.54,595.62
2652,881,35,4,112.66,450.64
2653,881,4,2,60.22,120.44
2654,882,30,3,492.76,1478.28
2655,882,10,3,360.85,1082.55
2656,882,11,3,277.02,831.06
2657,882,65,5,498.1,2490.5
2658,883,11,3,277.02,831.06
2659,883,30,1,492.76,492.76
2660,883,16,1,146.16,146.16
2661,883,47,1,141.19,141.19
2662,883,70,2,377.93,755.86
2663,884,26,3,443.87,1331.61
2664,884,33,3,321.49,964.47
2665,884,36,2,353.89,707.78
2666,885,18,5,60.08,300.4
2667,885,34,1,89.7,89.7
2668,885,39,3,367.27,1101.81
2669,885,45,4,122.23,488.92
2670,885,52,5,325.0,1625.0
2671,886,61,5,63.73,318.65
2672,887,51,2,203.86,407.72
2673,887,30,2,492.76,985.52
2674,888,30,5,492.76,2463.8
2675,888,76,5,383.36,1916.8
2676,888,60,4,380.33,1521.32
2677,888,44,1,386.47,386.47
2678,889,25,4,416.41,1665.64
2679,889,54,2,375.04,750.08
2680,889,57,4,205.71,822.84
2681,890,4,3,60.22,180.66
2682,890,18,5,60.08,300.4
2683,890,17,3,479.03,1437.09
2684,890,2,4,373.36,1493.44
2685,890,46,3,404.47,1213.41
2686,891,54,4,375.04,1500.16
2687,891,52,5,325.0,1625.0
2688,892,42,5,347.2,1736.0
2689,892,3,5,119.37,596.85
2690,892,5,2,447.17,894.34
2691,893,43,5,345.46,1727.3
2692,893,78,5,316.4,1582.0
2693,894,51,4,203.86,815.44
2694,894,27,4,292.9,1171.6
2695,894,9,5,23.0,115.0
2696,894,50,2,114.19,228.38
2697,894,61,1,63.73,63.73
2698,895,73,4,232.32,929.28
2699,895,39,1,367.27,367.27
2700,895,22,1,235.12,235.12
2701,896,23,1,486.83,486.83
2702,896,78,4,316.4,1265.6
2703,896,4,2,60.22,120.44
2704,896,26,1,443.87,443.87
2705,896,50,3,114.19,342.57
2706,897,30,3,492.76,1478.28
2707,897,68,1,343.34,343.34
2708,898,8,3,124.0,372.0
2709,898,67,1,431.78,431.78
2710,898,22,3,235.12,705.36
2711,898,53,4,139.79,559.16
2712,899,15,2,352.09,704.18
2713,899,69,4,344.04,1376.16
2714,900,9,4,23.0,92.0
2715,900,27,2,292.9,585.8
2716,900,27,3,292.9,878.7
2717,900,56,4,219.93,879.72
2718,901,78,5,316.4,1582.0
2719,901,40,5,236.51,1182.55
2720,902,65,4,498.1,1992.4
2721,902,36,2,353.89,707.78
2722,903,19,4,57.39,229.56
2723,904,52,5,325.0,1625.0
2724,905,68,3,343.34,1030.02
2725,905,73,4,232.32,929.28
2726,906,60,5,380.33,1901.65
2727,906,6,1,299.34,299.34
2728,906,37,4,327.54,1310.16
2729,906,45,3,122.23,366.69
2730,907,79,2,323.09,646.18
2731,907,54,2,375.04,750.08
2732,907,23,5,486.83,2434.15
2733,907,56,4,219.93,879.72
2734,908,24,5,48.61,243.05
2735,908,13,4,406.62,1626.48
2736,908,6,2,299.34,598.68
2737,908,21,3,405.49,1216.47
2738,909,38,1,321.14,321.14
2739,909,28,4,44.08,176.32
2740,909,53,5,139.79,698.95
2741,909,16,3,146.16,438.48
2742,909,10,1,360.85,360.85
2743,910,42,4,347.2,1388.8
2744,910,58,2,498.69,997.38
2745,910,33,2,321.49,642.98
2746,910,65,1,498.1,498.1
2747,910,60,1,380.33,380.33
2748,911,60,4,380.33,1521.32
2749,912,52,2,325.0,650.0
2750,912,51,1,203.86,203.86
2751,912,2,3,373.36,1120.08
2752,913,18,3,60.08,180.24
2753,914,63,4,216.86,867.44
2754,914,9,1,23.0,23.0
2755,914,71,2,324.07,648.14
2756,914,57,2,205.71,411.42
2757,915,36,2,353.89,707.78
2758,915,22,1,235.12,235.12
2759,915,78,1,316.4,316.4
2760,915,23,3,486.83,1460.49
2761,916,69,4,344.04,1376.16
2762,917,10,1,360.85,360.85
2763,917,35,2,112.66,225.32
2764,918,46,2,404.47,808.94
2765,918,28,1,44.08,44.08
2766,918,69,2,344.04,688.08
2767,918,57,1,205.71,205.71
2768,919,14,4,381.82,1527.28
2769,919,40,4,236.51,946.04
2770,919,7,5,24.6,123.0
2771,919,1,1,323.32,323.32
2772,919,49,2,439.42,878.84
2773,920,48,2,457.44,914.88
2774,920,26,1,443.87,443.87
2775,921,54,1,375.04,375.04
2776,922,44,2,386.47,772.94
2777,923,29,1,121.67,121.67
2778,924,22,1,235.12,235.12
2779,924,54,5,375.04,1875.2
2780,925,42,3,347.2,1041.6
2781,926,25,5,416.41,2082.05
2782,926,27,5,292.9,1464.5
2783,926,51,4,203.86,815.44
2784,926,16,2,146.16,292.32
2785,926,28,1,44.08,44.08
2786,927,42,2,347.2,694.4
2787,927,2,4,373.36,1493.44
2788,927,41,1,494.87,494.87
2789,928,28,4,44.08,176.32
2790,928,29,1,121.67,121.67
2791,928,36,5,353.89,1769.45
2792,928,48,1,457.44,457.44
2793,929,28,4,44.08,176.32
2794,930,77,4,457.19,1828.76
2795,930,14,5,381.82,1909.1
2796,930,73,2,232.32,464.64
2797,931,13,5,406.62,2033.1
2798,931,42,4,347.2,1388.8
2799,931,18,3,60.08,180.24
2800,932,41,4,494.87,1979.48
2801,932,9,3,23.0,69.0
2802,933,78,5,316.4,1582.0
2803,934,49,5,439.42,2197.1
2804,934,30,5,492.76,2463.8
2805,934,76,1,383.36,383.36
2806,934,30,1,492.76,492.76
2807,935,16,3,146.16,438.48
2808,935,31,4,124.07,496.28
2809,935,32,5,196.26,981.3
2810,935,11,1,277.02,277.02
2811,935,18,3,60.08,180.24
2812,936,38,2,321.14,642.28
2813,936,20,4,178.54,714.16
2814,936,27,1,292.9,292.9
2815,936,31,5,124.07,620.35
2816,937,43,2,345.46,690.92
2817,937,36,3,353.89,1061.67
2818,937,6,5,299.34,1496.7
2819,937,54,3,375.04,1125.12
2820,938,30,3,492.76,1478.28
2821,939,32,2,196.26,392.52
2822,939,70,1,377.93,377.93
2823,939,32,2,196.26,392.52
2824,940,49,5,439.42,2197.1
2825,940,42,2,347.2,694.4
2826,940,57,1,205.71,205.71
2827,940,9,4,23.0,92.0
2828,940,9,2,23.0,46.0
2829,941,19,2,57.39,114.78
2830,942,12,2,230.11,460.22
2831,942,76,5,383.36,1916.8
2832,943,31,5,124.07,620.35
2833,943,11,4,277.02,1108.08
2834,944,40,2,236.51,473.02
2835,944,26,2,443.87,887.74
2836,944,55,2,138.74,277.48
2837,944,78,2,316.4,632.8
2838,945,37,5,327.54,1637.7
2839,945,58,2,498.69,997.38
2840,945,35,4,112.66,450.64
2841,946,47,4,141.19,564.76
2842,947,22,4,235.12,940.48
2843,947,57,4,205.71,822.84
2844,947,65,5,498.1,2490.5
2845,947,56,2,219.93,439.86
2846,948,3,4,119.37,477.48
2847,948,55,1,138.74,138.74
2848,948,39,5,367.27,1836.35
2849,948,69,2,344.04,688.08
2850,949,23,3,486.83,1460.49
2851,949,49,4,439.42,1757.68
2852,949,40,4,236.51,946.04
2853,949,37,4,327.54,1310.16
2854,949,72,5,153.82,769.1
2855,950,10,3,360.85,1082.55
2856,950,18,4,60.08,240.32
2857,950,26,2,443.87,887.74
2858,950,25,1,416.41,416.41
2859,951,65,3,498.1,1494.3
2860,952,52,4,325.0,1300.0
2861,952,51,3,203.86,611.58
2862,952,50,4,114.19,456.76
2863,952,40,5,236.51,1182.55
2864,953,53,1,139.79,139.79
2865,954,50,5,114.19,570.95
2866,955,25,4,416.41,1665.64
2867,955,33,3,321.49,964.47
2868,956,63,3,216.86,650.58
2869,956,8,4,124.0,496.0
2870,956,55,2,138.74,277.48
2871,956,32,4,196.26,785.04
2872,956,5,3,447.17,1341.51
2873,957,19,3,57.39,172.17
2874,958,59,2,259.67,519.34
2875,958,33,2,321.49,642.98
2876,958,78,5,316.4,1582.0
2877,958,21,1,405.49,405.49
2878,958,15,1,352.09,352.09
2879,959,51,5,203.86,1019.3
2880,959,11,5,277.02,1385.1
2881,959,25,4,416.41,1665.64
2882,959,22,4,235.12,940.48
2883,960,39,5,367.27,1836.35
2884,960,69,4,344.04,1376.16
2885,960,76,3,383.36,1150.08
2886,961,12,1,230.11,230.11
2887,961,74,3,363.83,1091.49
2888,961,19,3,57.39,172.17
2889,961,27,4,292.9,1171.6
2890,962,1,2,323.32,646.64
2891,962,63,1,216.86,216.86
2892,962,13,1,406.62,406.62
2893,963,68,4,343.34,1373.36
2894,963,37,4,327.54,1310.16
2895,963,22,2,235.12,470.24
2896,963,48,2,457.44,914.88
2897,964,26,4,443.87,1775.48
2898,964,24,5,48.61,243.05
2899,965,58,5,498.69,2493.45
2900,966,24,2,48.61,97.22
2901,966,8,2,124.0,248.0
2902,967,34,4,89.7,358.8
2903,967,57,5,205.71,1028.55
2904,968,22,1,235.12,235.12
2905,969,11,4,277.02,1108.08
2906,969,16,3,146.16,438.48
2907,969,9,3,23.0,69.0
2908,970,75,2,139.06,278.12
2909,971,63,1,216.86,216.86
2910,971,2,1,373.36,373.36
2911,971,35,1,112.66,112.66
2912,971,75,1,139.06,139.06
2913,972,28,5,44.08,220.4
2914,973,49,5,439.42,2197.1
2915,974,35,4,112.66,450.64
2916,974,61,3,63.73,191.19
2917,974,78,4,316.4,1265.6
2918,974,44,3,386.47,1159.41
2919,974,44,3,386.47,1159.41
2920,975,47,4,141.19,564.76
2921,975,49,5,439.42,2197.1
2922,976,46,3,404.47,1213.41
2923,977,1,4,323.32,1293.28
2924,978,18,1,60.08,60.08
2925,978,78,1,316.4,316.4
2926,978,68,3,343.34,1030.02
2927,978,32,3,196.26,588.78
2928,979,80,4,107.47,429.88
2929,979,66,4,133.19,532.76
2930,979,25,1,416.41,416.41
2931,979,42,1,347.2,347.2
2932,980,6,3,299.34,898.02
2933,980,57,2,205.71,411.42
2934,980,78,4,316.4,1265.6
2935,981,79,1,323.09,323.09
2936,981,45,4,122.23,488.92
2937,981,61,1,63.73,63.73
2938,981,50,3,114.19,342.57
2939,982,25,2,416.41,832.82
2940,982,67,5,431.78,2158.9
2941,982,65,1,498.1,498.1
2942,982,17,4,479.03,1916.12
2943,982,12,3,230.11,690.33
2944,983,60,2,380.33,760.66
2945,983,58,1,498.69,498.69
2946,983,62,5,88.39,441.95
2947,983,31,2,124.07,248.14
2948,983,28,2,44.08,88.16
2949,984,14,4,381.82,1527.28
2950,985,21,3,405.49,1216.47
2951,986,36,2,353.89,707.78
2952,986,33,4,321.49,1285.96
2953,986,16,2,146.16,292.32
2954,986,69,4,344.04,1376.16
2955,987,43,2,345.46,690.92
2956,988,77,1,457.19,457.19
2957,988,44,4,386.47,1545.88
2958,988,49,5,439.42,2197.1
2959,988,56,2,219.93,439.86
2960,988,29,3,121.67,365.01
2961,989,38,1,321.14,321.14
2962,990,12,3,230.11,690.33
2963,991,25,1,416.41,416.41
2964,991,74,3,363.83,1091.49
2965,991,17,3,479.03,1437.09
2966,991,49,5,439.42,2197.1
2967,991,1,3,323.32,969.96
2968,992,76,5,383.36,1916.8
2969,993,50,4,114.19,456.76
2970,993,41,3,494.87,1484.61
2971,994,67,5,431.78,2158.9
2972,994,76,2,383.36,766.72
2973,995,51,1,203.86,203.86
2974,996,59,3,259.67,779.01
2975,996,19,3,57.39,172.17
2976,996,29,4,121.67,486.68
2977,996,59,2,259.67,519.34
2978,996,77,3,457.19,1371.57
2979,997,5,5,447.17,2235.85
2980,997,41,3,494.87,1484.61
2981,998,16,3,146.16,438.48
2982,998,74,4,363.83,1455.32
2983,998,28,4,44.08,176.32
2984,998,38,4,321.14,1284.56
2985,998,8,3,124.0,372.0
2986,999,27,2,292.9,585.8
2987,999,7,2,24.6,49.2
2988,1000,51,3,203.86,611.58
2989,1000,21,1,405.49,405.49
2990,1000,71,4,324.07,1296.28
2991,1000,44,4,386.47,1545.88
2992,1001,45,4,122.23,488.92
2993,1001,51,1,203.86,203.86
2994,1001,68,3,343.34,1030.02
2995,1001,37,2,327.54,655.08
2996,1002,51,1,203.86,203.86
2997,1002,17,3,479.03,1437.09
2998,1002,75,1,139.06,139.06
2999,1002,39,4,367.27,1469.08
3000,1002,21,5,405.49,2027.45
3001,1003,57,4,205.71,822.84
3002,1003,38,2,321.14,642.28
3003,1004,28,2,44.08,88.16
3004,1004,2,3,373.36,1120.08
3005,1005,14,2,381.82,763.64
3006,1005,49,4,439.42,1757.68
3007,1005,22,1,235.12,235.12
3008,1005,13,3,406.62,1219.86
3009,1005,61,2,63.73,127.46
3010,1006,16,5,146.16,730.8
3011,1007,76,4,383.36,1533.44
3012,1007,20,4,178.54,714.16
3013,1007,32,1,196.26,196.26
3014,1008,31,4,124.07,496.28
3015,1009,39,5,367.27,1836.35
3016,1009,23,4,486.83,1947.32
3017,1009,12,4,230.11,920.44
3018,1009,49,3,439.42,1318.26
3019,1010,48,1,457.44,457.44
3020,1010,16,1,146.16,146.16
3021,1010,11,1,277.02,277.02
3022,1010,63,5,216.86,1084.3
3023,1011,3,5,119.37,596.85
3024,1011,74,5,363.83,1819.15
3025,1012,36,1,353.89,353.89
3026,1012,76,2,383.36,766.72
3027,1012,50,4,114.19,456.76
3028,1012,56,3,219.93,659.79
3029,1013,17,1,479.03,479.03
3030,1013,42,1,347.2,347.2
3031,1013,69,2,344.04,688.08
3032,1013,52,1,325.0,325.0
3033,1013,51,5,203.86,1019.3
3034,1014,68,4,343.34,1373.36
3035,1014,9,5,23.0,115.0
3036,1014,75,5,139.06,695.3
3037,1014,16,2,146.16,292.32
3038,1014,16,2,146.16,292.32
3039,1015,24,1,48.61,48.61
3040,1015,72,4,153.82,615.28
3041,1015,41,1,494.87,494.87
3042,1015,6,2,299.34,598.68
3043,1015,74,2,363.83,727.66
3044,1016,12,5,230.11,1150.55
3045,1016,33,1,321.49,321.49
3046,1017,16,5,146.16,730.8
3047,1018,47,5,141.19,705.95
3048,1018,22,4,235.12,940.48
3049,1018,1,2,323.32,646.64
3050,1019,6,5,299.34,1496.7
3051,1019,38,5,321.14,1605.7
3052,1019,57,2,205.71,411.42
3053,1020,63,3,216.86,650.58
3054,1020,67,3,431.78,1295.34
3055,1020,78,5,316.4,1582.0
3056,1020,66,2,133.19,266.38
3057,1020,13,1,406.62,406.62
3058,1021,5,2,447.17,894.34
3059,1021,19,3,57.39,172.17
3060,1022,18,5,60.08,300.4
3061,1022,71,2,324.07,648.14
3062,1023,46,3,404.47,1213.41
3063,1023,17,5,479.03,2395.15
3064,1023,55,1,138.74,138.74
3065,1023,71,3,324.07,972.21
3066,1023,34,4,89.7,358.8
3067,1024,52,4,325.0,1300.0
3068,1024,11,3,277.02,831.06
3069,1025,19,5,57.39,286.95
3070,1025,27,1,292.9,292.9
3071,1025,35,2,112.66,225.32
3072,1025,48,5,457.44,2287.2
3073,1026,78,2,316.4,632.8
3074,1026,54,2,375.04,750.08
3075,1026,41,4,494.87,1979.48
3076,1026,49,1,439.42,439.42
3077,1026,78,2,316.4,632.8
3078,1027,35,1,112.66,112.66
3079,1028,15,5,352.09,1760.45
3080,1028,53,1,139.79,139.79
3081,1028,43,1,345.46,345.46
3082,1028,47,3,141.19,423.57
3083,1028,35,2,112.66,225.32
3084,1029,36,1,353.89,353.89
3085,1029,13,4,406.62,1626.48
3086,1030,49,1,439.42,439.42
3087,1030,16,2,146.16,292.32
3088,1031,40,5,236.51,1182.55
3089,1031,63,1,216.86,216.86
3090,1031,68,3,343.34,1030.02
3091,1031,74,3,363.83,1091.49
3092,1031,71,3,324.07,972.21
3093,1032,13,1,406.62,406.62
3094,1032,22,3,235.12,705.36
3095,1032,50,2,114.19,228.38
3096,1032,45,5,122.23,611.15
3097,1032,71,5,324.07,1620.35
3098,1033,62,5,88.39,441.95
3099,1033,17,3,479.03,1437.09
3100,1033,2,5,373.36,1866.8
3101,1033,20,2,178.54,357.08
3102,1034,49,5,439.42,2197.1
3103,1034,35,1,112.66,112.66
3104,1035,32,5,196.26,981.3
3105,1035,54,4,375.04,1500.16
3106,1035,24,4,48.61,194.44
3107,1036,60,5,380.33,1901.65
3108,1036,37,3,327.54,982.62
3109,1036,55,5,138.74,693.7
3110,1037,40,1,236.51,236.51
3111,1037,40,4,236.51,946.04
3112,1038,12,1,230.11,230.11
3113,1038,10,2,360.85,721.7
3114,1038,12,2,230.11,460.22
3115,1039,8,1,124.0,124.0
3116,1039,37,5,327.54,1637.7
3117,1039,64,1,198.54,198.54
3118,1039,55,5,138.74,693.7
3119,1039,18,4,60.08,240.32
3120,1040,66,5,133.19,665.95
3121,1040,16,4,146.16,584.64
3122,1040,2,5,373.36,1866.8
3123,1040,25,1,416.41,416.41
3124,1041,69,3,344.04,1032.12
3125,1041,32,5,196.26,981.3
3126,1041,78,1,316.4,316.4
3127,1041,78,4,316.4,1265.6
3128,1042,68,2,343.34,686.68
3129,1042,23,1,486.83,486.83
3130,1043,18,5,60.08,300.4
3131,1043,46,1,404.47,404.47
3132,1043,55,4,138.74,554.96
3133,1044,22,3,235.12,705.36
3134,1044,15,3,352.09,1056.27
3135,1044,32,5,196.26,981.3
3136,1044,16,3,146.16,438.48
3137,1045,62,3,88.39,265.17
3138,1045,34,2,89.7,179.4
3139,1045,1,5,323.32,1616.6
3140,1046,28,3,44.08,132.24
3141,1046,66,1,133.19,133.19
3142,1046,60,5,380.33,1901.65
3143,1046,63,1,216.86,216.86
3144,1047,1,5,323.32,1616.6
3145,1047,59,3,259.67,779.01
3146,1047,39,3,367.27,1101.81
3147,1048,1,3,323.32,969.96
3148,1049,52,3,325.0,975.0
3149,1049,2,1,373.36,373.36
3150,1050,63,2,216.86,433.72
3151,1050,11,5,277.02,1385.1
3152,1050,66,2,133.19,266.38
3153,1050,53,1,139.79,139.79
3154,1051,1,2,323.32,646.64
3155,1051,33,2,321.49,642.98
3156,1051,61,4,63.73,254.92
3157,1051,48,3,457.44,1372.32
3158,1052,55,2,138.74,277.48
3159,1052,69,3,344.04,1032.12
3160,1052,14,4,381.82,1527.28
3161,1053,21,2,405.49,810.98
3162,1053,46,4,404.47,1617.88
3163,1053,1,3,323.32,969.96
3164,1053,26,1,443.87,443.87
3165,1054,37,1,327.54,327.54
3166,1054,18,4,60.08,240.32
3167,1055,43,1,345.46,345.46
3168,1055,21,2,405.49,810.98
3169,1055,62,3,88.39,265.17
3170,1055,16,4,146.16,584.64
3171,1056,71,4,324.07,1296.28
3172,1056,17,3,479.03,1437.09
3173,1056,52,5,325.0,1625.0
3174,1056,50,2,114.19,228.38
3175,1057,14,1,381.82,381.82
3176,1058,20,3,178.54,535.62
3177,1058,65,1,498.1,498.1
3178,1059,7,3,24.6,73.8
3179,1059,55,5,138.74,693.7
3180,1060,56,4,219.93,879.72
3181,1061,37,4,327.54,1310.16
3182,1061,11,4,277.02,1108.08
3183,1061,32,5,196.26,981.3
3184,1062,66,2,133.19,266.38
3185,1062,32,3,196.26,588.78
3186,1063,34,2,89.7,179.4
3187,1064,26,4,443.87,1775.48
3188,1064,14,5,381.82,1909.1
3189,1064,79,2,323.09,646.18
3190,1064,25,5,416.41,2082.05
3191,1065,30,1,492.76,492.76
3192,1065,17,4,479.03,1916.12
3193,1066,36,2,353.89,707.78
3194,1067,55,1,138.74,138.74
3195,1067,79,2,323.09,646.18
3196,1068,7,4,24.6,98.4
3197,1069,68,3,343.34,1030.02
3198,1069,30,2,492.76,985.52
3199,1069,44,4,386.47,1545.88
3200,1069,62,1,88.39,88.39
3201,1070,55,1,138.74,138.74
3202,1070,39,1,367.27,367.27
3203,1070,35,3,112.66,337.98
3204,1070,36,3,353.89,1061.67
3205,1070,54,2,375.04,750.08
3206,1071,7,2,24.6,49.2
3207,1071,6,1,299.34,299.34
3208,1071,7,3,24.6,73.8
3209,1072,37,4,327.54,1310.16
3210,1072,36,5,353.89,1769.45
3211,1073,56,2,219.93,439.86
3212,1074,63,3,216.86,650.58
3213,1074,43,3,345.46,1036.38
3214,1074,15,1,352.09,352.09
3215,1075,71,2,324.07,648.14
3216,1076,47,3,141.19,423.57
3217,1076,76,5,383.36,1916.8
3218,1076,78,3,316.4,949.2
3219,1077,36,2,353.89,707.78
3220,1077,75,4,139.06,556.24
3221,1078,14,2,381.82,763.64
3222,1079,16,1,146.16,146.16
3223,1079,76,2,383.36,766.72
3224,1079,25,4,416.41,1665.64
3225,1079,13,1,406.62,406.62
3226,1079,70,5,377.93,1889.65
3227,1080,39,4,367.27,1469.08
3228,1080,26,5,443.87,2219.35
3229,1080,20,1,178.54,178.54
3230,1081,25,4,416.41,1665.64
3231,1081,71,3,324.07,972.21
3232,1082,45,3,122.23,366.69
3233,1082,58,1,498.69,498.69
3234,1082,56,1,219.93,219.93
3235,1082,62,4,88.39,353.56
3236,1082,68,5,343.34,1716.7
3237,1083,22,5,235.12,1175.6
3238,1084,17,3,479.03,1437.09
3239,1084,6,5,299.34,1496.7
3240,1084,8,2,124.0,248.0
3241,1085,64,5,198.54,992.7
3242,1085,66,1,133.19,133.19
3243,1085,22,4,235.12,940.48
3244,1085,66,4,133.19,532.76
3245,1086,50,4,114.19,456.76
3246,1086,78,3,316.4,949.2
3247,1086,27,2,292.9,585.8
3248,1086,1,2,323.32,646.64
3249,1086,74,2,363.83,727.66
3250,1087,2,5,373.36,1866.8
3251,1087,59,5,259.67,1298.35
3252,1087,68,3,343.34,1030.02
3253,1087,39,2,367.27,734.54
3254,1087,38,3,321.14,963.42
3255,1088,16,2,146.16,292.32
3256,1088,29,1,121.67,121.67
3257,1088,69,2,344.04,688.08
3258,1088,38,1,321.14,321.14
3259,1088,19,3,57.39,172.17
3260,1089,35,1,112.66,112.66
3261,1089,32,2,196.26,392.52
3262,1090,15,1,352.09,352.09
3263,1090,45,5,122.23,611.15
3264,1090,48,3,457.44,1372.32
3265,1090,11,5,277.02,1385.1
3266,1090,34,2,89.7,179.4
3267,1091,79,3,323.09,969.27
3268,1091,42,1,347.2,347.2
3269,1091,2,3,373.36,1120.08
3270,1091,29,3,121.67,365.01
3271,1092,33,1,321.49,321.49
3272,1092,69,5,344.04,1720.2
3273,1093,49,3,439.42,1318.26
3274,1094,71,2,324.07,648.14
3275,1094,57,2,205.71,411.42
3276,1094,42,3,347.2,1041.6
3277,1094,27,5,292.9,1464.5
3278,1094,51,2,203.86,407.72
3279,1095,30,4,492.76,1971.04
3280,1095,48,2,457.44,914.88
3281,1095,62,1,88.39,88.39
3282,1095,64,2,198.54,397.08
3283,1096,24,2,48.61,97.22
3284,1096,25,5,416.41,2082.05
3285,1096,63,2,216.86,433.72
3286,1096,37,1,327.54,327.54
3287,1097,21,2,405.49,810.98
3288,1097,51,5,203.86,1019.3
3289,1097,25,1,416.41,416.41
3290,1098,10,4,360.85,1443.4
3291,1098,32,4,196.26,785.04
3292,1099,13,5,406.62,2033.1
3293,1099,18,1,60.08,60.08
3294,1099,78,1,316.4,316.4
3295,1099,49,4,439.42,1757.68
3296,1100,15,1,352.09,352.09
3297,1101,17,2,479.03,958.06
3298,1102,35,2,112.66,225.32
3299,1103,2,1,373.36,373.36
3300,1103,14,5,381.82,1909.1
3301,1103,44,1,386.47,386.47
3302,1103,26,2,443.87,887.74
3303,1103,62,5,88.39,441.95
3304,1104,21,3,405.49,1216.47
3305,1104,43,4,345.46,1381.84
3306,1104,20,2,178.54,357.08
3307,1104,8,5,124.0,620.0
3308,1105,70,1,377.93,377.93
3309,1105,3,1,119.37,119.37
3310,1105,14,5,381.82,1909.1
3311,1106,14,5,381.82,1909.1
3312,1106,54,2,375.04,750.08
3313,1106,1,2,323.32,646.64
3314,1107,30,4,492.76,1971.04
3315,1108,19,3,57.39,172.17
3316,1108,37,2,327.54,655.08
3317,1108,50,1,114.19,114.19
3318,1108,63,2,216.86,433.72
3319,1109,29,1,121.67,121.67
3320,1110,46,1,404.47,404.47
3321,1110,79,3,323.09,969.27
3322,1110,16,3,146.16,438.48
3323,1111,6,5,299.34,1496.7
3324,1112,23,4,486.83,1947.32
3325,1112,68,3,343.34,1030.02
3326,1113,24,4,48.61,194.44
3327,1113,20,3,178.54,535.62
3328,1113,80,3,107.47,322.41
3329,1113,45,1,122.23,122.23
3330,1113,35,4,112.66,450.64
3331,1114,34,1,89.7,89.7
3332,1114,1,2,323.32,646.64
3333,1114,19,3,57.39,172.17
3334,1115,50,4,114.19,456.76
3335,1115,62,1,88.39,88.39
3336,1116,74,4,363.83,1455.32
3337,1117,19,1,57.39,57.39
3338,1117,42,2,347.2,694.4
3339,1117,24,4,48.61,194.44
3340,1118,41,4,494.87,1979.48
3341,1118,55,4,138.74,554.96
3342,1118,53,5,139.79,698.95
3343,1119,18,2,60.08,120.16
3344,1119,50,4,114.19,456.76
3345,1119,71,4,324.07,1296.28
3346,1120,69,4,344.04,1376.16
3347,1120,69,5,344.04,1720.2
3348,1120,30,4,492.76,1971.04
3349,1120,11,5,277.02,1385.1
3350,1120,54,5,375.04,1875.2
3351,1121,29,1,121.67,121.67
3352,1121,31,3,124.07,372.21
3353,1121,1,2,323.32,646.64
3354,1121,3,3,119.37,358.11
3355,1121,72,4,153.82,615.28
3356,1122,15,1,352.09,352.09
3357,1122,45,3,122.23,366.69
3358,1123,38,4,321.14,1284.56
3359,1123,19,5,57.39,286.95
3360,1124,32,2,196.26,392.52
3361,1124,29,1,121.67,121.67
3362,1124,18,1,60.08,60.08
3363,1124,19,4,57.39,229.56
3364,1125,55,3,138.74,416.22
3365,1126,14,5,381.82,1909.1
3366,1127,62,5,88.39,441.95
3367,1128,4,2,60.22,120.44
3368,1128,47,2,141.19,282.38
3369,1129,32,1,196.26,196.26
3370,1130,73,4,232.32,929.28
3371,1131,24,4,48.61,194.44
3372,1131,18,5,60.08,300.4
3373,1132,61,4,63.73,254.92
3374,1132,44,4,386.47,1545.88
3375,1132,2,3,373.36,1120.08
3376,1133,20,1,178.54,178.54
3377,1134,78,2,316.4,632.8
3378,1135,21,1,405.49,405.49
3379,1135,51,4,203.86,815.44
3380,1135,59,5,259.67,1298.35
3381,1135,34,5,89.7,448.5
3382,1135,65,3,498.1,1494.3
3383,1136,55,2,138.74,277.48
3384,1136,35,1,112.66,112.66
3385,1137,49,2,439.42,878.84
3386,1137,28,4,44.08,176.32
3387,1137,80,1,107.47,107.47
3388,1137,29,4,121.67,486.68
3389,1137,24,5,48.61,243.05
3390,1138,10,4,360.85,1443.4
3391,1138,62,3,88.39,265.17
3392,1138,52,4,325.0,1300.0
3393,1138,22,1,235.12,235.12
3394,1138,48,4,457.44,1829.76
3395,1139,35,1,112.66,112.66
3396,1139,14,1,381.82,381.82
3397,1140,78,3,316.4,949.2
3398,1140,4,2,60.22,120.44
3399,1140,37,2,327.54,655.08
3400,1141,14,1,381.82,381.82
3401,1141,28,5,44.08,220.4
3402,1141,2,3,373.36,1120.08
3403,1141,25,5,416.41,2082.05
3404,1141,26,1,443.87,443.87
3405,1142,35,1,112.66,112.66
3406,1142,73,5,232.32,1161.6
3407,1143,73,4,232.32,929.28
3408,1144,7,3,24.6,73.8
3409,1145,40,1,236.51,236.51
3410,1146,37,4,327.54,1310.16
3411,1146,65,2,498.1,996.2
3412,1146,41,4,494.87,1979.48
3413,1147,17,1,479.03,479.03
3414,1147,43,4,345.46,1381.84
3415,1147,65,1,498.1,498.1
3416,1148,20,1,178.54,178.54
3417,1148,76,4,383.36,1533.44
3418,1148,62,5,88.39,441.95
3419,1148,5,3,447.17,1341.51
3420,1148,21,2,405.49,810.98
3421,1149,11,1,277.02,277.02
3422,1149,30,2,492.76,985.52
3423,1149,19,2,57.39,114.78
3424,1149,65,5,498.1,2490.5
3425,1150,67,3,431.78,1295.34
3426,1150,58,2,498.69,997.38
3427,1150,44,3,386.47,1159.41
3428,1150,47,5,141.19,705.95
3429,1150,56,1,219.93,219.93
3430,1151,31,2,124.07,248.14
3431,1151,79,5,323.09,1615.45
3432,1151,10,2,360.85,721.7
3433,1151,73,4,232.32,929.28
3434,1152,2,2,373.36,746.72
3435,1153,71,1,324.07,324.07
3436,1153,64,1,198.54,198.54
3437,1153,59,3,259.67,779.01
3438,1154,38,2,321.14,642.28
3439,1154,9,3,23.0,69.0
3440,1155,47,3,141.19,423.57
3441,1155,12,1,230.11,230.11
3442,1155,23,4,486.83,1947.32
3443,1155,34,4,89.7,358.8
3444,1155,33,4,321.49,1285.96
3445,1156,16,5,146.16,730.8
3446,1156,63,1,216.86,216.86
3447,1157,37,4,327.54,1310.16
3448,1157,53,5,139.79,698.95
3449,1157,17,4,479.03,1916.12
3450,1158,66,5,133.19,665.95
3451,1158,41,3,494.87,1484.61
3452,1158,11,4,277.02,1108.08
3453,1159,58,3,498.69,1496.07
3454,1159,6,5,299.34,1496.7
3455,1159,8,2,124.0,248.0
3456,1159,72,1,153.82,153.82
3457,1159,20,1,178.54,178.54
3458,1160,49,2,439.42,878.84
3459,1160,73,4,232.32,929.28
3460,1160,10,2,360.85,721.7
3461,1161,60,1,380.33,380.33
3462,1161,45,4,122.23,488.92
3463,1161,60,5,380.33,1901.65
3464,1161,60,1,380.33,380.33
3465,1162,24,1,48.61,48.61
3466,1163,56,2,219.93,439.86
3467,1163,52,3,325.0,975.0
3468,1163,9,3,23.0,69.0
3469,1163,44,5,386.47,1932.35
3470,1164,28,4,44.08,176.32
3471,1164,15,3,352.09,1056.27
3472,1164,59,1,259.67,259.67
3473,1164,70,2,377.93,755.86
3474,1165,19,2,57.39,114.78
3475,1165,41,5,494.87,2474.35
3476,1165,5,5,447.17,2235.85
3477,1165,49,1,439.42,439.42
3478,1166,56,4,219.93,879.72
3479,1166,28,1,44.08,44.08
3480,1166,28,1,44.08,44.08
3481,1167,35,3,112.66,337.98
3482,1167,23,1,486.83,486.83
3483,1167,19,1,57.39,57.39
3484,1167,36,4,353.89,1415.56
3485,1168,39,4,367.27,1469.08
3486,1169,68,2,343.34,686.68
3487,1169,34,2,89.7,179.4
3488,1169,7,1,24.6,24.6
3489,1169,55,3,138.74,416.22
3490,1170,22,2,235.12,470.24
3491,1170,45,4,122.23,488.92
3492,1170,62,4,88.39,353.56
3493,1171,21,4,405.49,1621.96
3494,1171,46,5,404.47,2022.35
3495,1171,50,1,114.19,114.19
3496,1171,72,5,153.82,769.1
3497,1171,26,1,443.87,443.87
3498,1172,79,2,323.09,646.18
3499,1172,42,3,347.2,1041.6
3500,1172,2,2,373.36,746.72
3501,1172,59,2,259.67,519.34
3502,1172,64,3,198.54,595.62
3503,1173,53,3,139.79,419.37
3504,1174,1,4,323.32,1293.28
3505,1174,17,4,479.03,1916.12
3506,1174,75,1,139.06,139.06
3507,1174,5,2,447.17,894.34
3508,1174,25,4,416.41,1665.64
3509,1175,22,5,235.12,1175.6
3510,1175,49,2,439.42,878.84
3511,1175,45,2,122.23,244.46
3512,1175,25,5,416.41,2082.05
3513,1175,2,3,373.36,1120.08
3514,1176,3,3,119.37,358.11
3515,1176,40,5,236.51,1182.55
3516,1176,16,4,146.16,584.64
3517,1177,53,4,139.79,559.16
3518,1177,46,3,404.47,1213.41
3519,1177,70,4,377.93,1511.72
3520,1177,67,3,431.78,1295.34
3521,1178,23,4,486.83,1947.32
3522,1179,48,2,457.44,914.88
3523,1179,71,5,324.07,1620.35
3524,1179,21,5,405.49,2027.45
3525,1179,56,4,219.93,879.72
3526,1180,56,3,219.93,659.79
3527,1180,80,1,107.47,107.47
3528,1180,12,1,230.11,230.11
3529,1181,3,5,119.37,596.85
3530,1182,14,4,381.82,1527.28
3531,1182,80,5,107.47,537.35
3532,1182,13,4,406.62,1626.48
3533,1182,65,5,498.1,2490.5
3534,1183,38,4,321.14,1284.56
3535,1184,29,4,121.67,486.68
3536,1184,71,4,324.07,1296.28
3537,1185,26,4,443.87,1775.48
3538,1186,45,4,122.23,488.92
3539,1187,51,1,203.86,203.86
3540,1187,48,2,457.44,914.88
3541,1187,65,3,498.1,1494.3
3542,1187,35,3,112.66,337.98
3543,1188,54,2,375.04,750.08
3544,1188,1,4,323.32,1293.28
3545,1188,5,1,447.17,447.17
3546,1189,20,3,178.54,535.62
3547,1190,77,3,457.19,1371.57
3548,1190,43,2,345.46,690.92
3549,1190,74,4,363.83,1455.32
3550,1190,31,5,124.07,620.35
3551,1190,51,2,203.86,407.72
3552,1191,51,1,203.86,203.86
3553,1191,74,4,363.83,1455.32
3554,1191,17,4,479.03,1916.12
3555,1191,23,4,486.83,1947.32
3556,1191,41,5,494.87,2474.35
3557,1192,56,2,219.93,439.86
3558,1192,13,2,406.62,813.24
3559,1193,16,5,146.16,730.8
3560,1193,51,3,203.86,611.58
3561,1193,71,2,324.07,648.14
3562,1193,42,2,347.2,694.4
3563,1193,12,1,230.11,230.11
3564,1194,56,1,219.93,219.93
3565,1195,20,1,178.54,178.54
3566,1195,80,5,107.47,537.35
3567,1195,11,5,277.02,1385.1
3568,1195,49,1,439.42,439.42
3569,1195,17,4,479.03,1916.12
3570,1196,24,2,48.61,97.22
3571,1196,29,3,121.67,365.01
3572,1196,25,5,416.41,2082.05
3573,1197,49,3,439.42,1318.26
3574,1197,7,3,24.6,73.8
3575,1198,19,1,57.39,57.39
3576,1199,14,1,381.82,381.82
3577,1199,59,5,259.67,1298.35
3578,1199,16,1,146.16,146.16
3579,1199,19,3,57.39,172.17
3580,1199,34,2,89.7,179.4
3581,1200,10,4,360.85,1443.4
3582,1201,27,4,292.9,1171.6
3583,1201,13,4,406.62,1626.48
3584,1201,3,4,119.37,477.48
3585,1202,63,1,216.86,216.86
3586,1203,54,4,375.04,1500.16
3587,1203,41,4,494.87,1979.48
3588,1204,24,3,48.61,145.83
3589,1204,2,2,373.36,746.72
3590,1205,78,1,316.4,316.4
3591,1205,16,3,146.16,438.48
3592,1205,45,4,122.23,488.92
3593,1205,79,5,323.09,1615.45
3594,1205,70,1,377.93,377.93
3595,1206,67,3,431.78,1295.34
3596,1206,16,2,146.16,292.32
3597,1207,4,5,60.22,301.1
3598,1207,3,5,119.37,596.85
3599,1207,66,2,133.19,266.38
3600,1207,28,3,44.08,132.24
3601,1207,15,2,352.09,704.18
3602,1208,42,2,347.2,694.4
3603,1209,11,2,277.02,554.04
3604,1209,35,3,112.66,337.98
3605,1210,26,1,443.87,443.87
3606,1210,45,5,122.23,611.15
3607,1210,38,4,321.14,1284.56
3608,1210,64,4,198.54,794.16
3609,1211,52,2,325.0,650.0
3610,1211,33,2,321.49,642.98
3611,1211,26,3,443.87,1331.61
3612,1211,51,1,203.86,203.86
3613,1211,75,5,139.06,695.3
3614,1212,22,2,235.12,470.24
3615,1212,63,4,216.86,867.44
3616,1212,58,4,498.69,1994.76
3617,1213,35,3,112.66,337.98
3618,1213,80,1,107.47,107.47
3619,1213,78,4,316.4,1265.6
3620,1213,55,2,138.74,277.48
3621,1213,73,3,232.32,696.96
3622,1214,9,4,23.0,92.0
3623,1214,22,1,235.12,235.12
3624,1214,66,3,133.19,399.57
3625,1215,53,3,139.79,419.37
3626,1215,78,5,316.4,1582.0
3627,1215,46,4,404.47,1617.88
3628,1215,4,1,60.22,60.22
3629,1215,24,3,48.61,145.83
3630,1216,24,3,48.61,145.83
3631,1216,32,1,196.26,196.26
3632,1216,28,3,44.08,132.24
3633,1216,48,2,457.44,914.88
3634,1217,16,1,146.16,146.16
3635,1217,41,1,494.87,494.87
3636,1217,43,2,345.46,690.92
3637,1218,73,3,232.32,696.96
3638,1218,30,5,492.76,2463.8
3639,1218,9,4,23.0,92.0
3640,1218,37,5,327.54,1637.7
3641,1219,68,2,343.34,686.68
3642,1219,14,5,381.82,1909.1
3643,1220,78,1,316.4,316.4
3644,1220,74,4,363.83,1455.32
3645,1220,56,3,219.93,659.79
3646,1221,26,2,443.87,887.74
3647,1221,7,4,24.6,98.4
3648,1221,64,1,198.54,198.54
3649,1222,54,1,375.04,375.04
3650,1222,16,4,146.16,584.64
3651,1222,22,5,235.12,1175.6
3652,1223,76,4,383.36,1533.44
3653,1223,31,5,124.07,620.35
3654,1223,3,3,119.37,358.11
3655,1224,74,1,363.83,363.83
3656,1225,37,2,327.54,655.08
3657,1225,52,1,325.0,325.0
3658,1225,69,5,344.04,1720.2
3659,1225,6,3,299.34,898.02
3660,1226,9,4,23.0,92.0
3661,1227,54,3,375.04,1125.12
3662,1228,41,3,494.87,1484.61
3663,1228,52,1,325.0,325.0
3664,1228,72,3,153.82,461.46
3665,1229,79,1,323.09,323.09
3666,1229,51,3,203.86,611.58
3667,1229,59,4,259.67,1038.68
3668,1229,16,3,146.16,438.48
3669,1230,14,1,381.82,381.82
3670,1230,29,1,121.67,121.67
3671,1230,2,2,373.36,746.72
3672,1230,14,3,381.82,1145.46
3673,1230,56,2,219.93,439.86
3674,1231,12,2,230.11,460.22
3675,1231,48,5,457.44,2287.2
3676,1232,7,3,24.6,73.8
3677,1233,15,1,352.09,352.09
3678,1234,10,3,360.85,1082.55
3679,1234,43,5,345.46,1727.3
3680,1234,49,3,439.42,1318.26
3681,1235,18,5,60.08,300.4
3682,1235,59,1,259.67,259.67
3683,1236,41,2,494.87,989.74
3684,1236,75,4,139.06,556.24
3685,1237,16,5,146.16,730.8
3686,1237,68,2,343.34,686.68
3687,1237,74,4,363.83,1455.32
3688,1237,63,3,216.86,650.58
3689,1238,62,2,88.39,176.78
3690,1238,12,3,230.11,690.33
3691,1238,38,1,321.14,321.14
3692,1239,72,2,153.82,307.64
3693,1239,27,1,292.9,292.9
3694,1239,10,4,360.85,1443.4
3695,1240,28,1,44.08,44.08
3696,1241,60,4,380.33,1521.32
3697,1241,25,4,416.41,1665.64
3698,1242,44,2,386.47,772.94
3699,1243,68,5,343.34,1716.7
3700,1243,41,3,494.87,1484.61
3701,1243,59,2,259.67,519.34
3702,1243,65,1,498.1,498.1
3703,1243,17,2,479.03,958.06
3704,1244,50,4,114.19,456.76
3705,1244,80,5,107.47,537.35
3706,1244,26,4,443.87,1775.48
3707,1245,9,3,23.0,69.0
3708,1245,55,2,138.74,277.48
3709,1246,74,1,363.83,363.83
3710,1246,19,4,57.39,229.56
3711,1246,14,1,381.82,381.82
3712,1247,3,4,119.37,477.48
3713,1247,24,3,48.61,145.83
3714,1248,61,5,63.73,318.65
3715,1249,46,3,404.47,1213.41
3716,1249,16,5,146.16,730.8
3717,1249,11,3,277.02,831.06
3718,1249,56,2,219.93,439.86
3719,1250,51,5,203.86,1019.3
3720,1250,56,5,219.93,1099.65
3721,1251,7,4,24.6,98.4
3722,1251,35,3,112.66,337.98
3723,1251,13,1,406.62,406.62
3724,1252,55,2,138.74,277.48
3725,1252,38,2,321.14,642.28
3726,1252,52,2,325.0,650.0
3727,1252,77,3,457.19,1371.57
3728,1253,78,4,316.4,1265.6
3729,1253,67,4,431.78,1727.12
3730,1253,14,1,381.82,381.82
3731,1253,32,1,196.26,196.26
3732,1253,29,1,121.67,121.67
3733,1254,5,5,447.17,2235.85
3734,1255,31,1,124.07,124.07
3735,1255,69,1,344.04,344.04
3736,1255,36,2,353.89,707.78
3737,1256,52,4,325.0,1300.0
3738,1256,51,1,203.86,203.86
3739,1256,29,3,121.67,365.01
3740,1256,64,2,198.54,397.08
3741,1256,22,2,235.12,470.24
3742,1257,37,5,327.54,1637.7
3743,1257,37,1,327.54,327.54
3744,1257,13,2,406.62,813.24
3745,1258,80,4,107.47,429.88
3746,1258,40,2,236.51,473.02
3747,1258,22,3,235.12,705.36
3748,1258,9,2,23.0,46.0
3749,1258,24,3,48.61,145.83
3750,1259,19,1,57.39,57.39
3751,1259,61,4,63.73,254.92
3752,1259,43,1,345.46,345.46
3753,1259,23,3,486.83,1460.49
3754,1260,22,1,235.12,235.12
3755,1261,46,4,404.47,1617.88
3756,1261,75,1,139.06,139.06
3757,1261,63,2,216.86,433.72
3758,1261,61,1,63.73,63.73
3759,1261,6,1,299.34,299.34
3760,1262,38,2,321.14,642.28
3761,1262,68,5,343.34,1716.7
3762,1262,22,2,235.12,470.24
3763,1262,13,1,406.62,406.62
3764,1262,39,3,367.27,1101.81
3765,1263,63,3,216.86,650.58
3766,1263,70,3,377.93,1133.79
3767,1263,63,3,216.86,650.58
3768,1263,47,4,141.19,564.76
3769,1264,46,3,404.47,1213.41
3770,1265,67,5,431.78,2158.9
3771,1265,62,1,88.39,88.39
3772,1265,35,5,112.66,563.3
3773,1266,19,4,57.39,229.56
3774,1267,19,3,57.39,172.17
3775,1267,64,1,198.54,198.54
3776,1268,74,4,363.83,1455.32
3777,1268,47,2,141.19,282.38
3778,1269,25,4,416.41,1665.64
3779,1270,36,5,353.89,1769.45
3780,1271,68,2,343.34,686.68
3781,1271,34,3,89.7,269.1
3782,1271,43,4,345.46,1381.84
3783,1271,76,4,383.36,1533.44
3784,1272,40,2,236.51,473.02
3785,1272,6,5,299.34,1496.7
3786,1272,67,3,431.78,1295.34
3787,1273,16,4,146.16,584.64
3788,1273,59,5,259.67,1298.35
3789,1273,45,3,122.23,366.69
3790,1273,15,1,352.09,352.09
3791,1273,64,2,198.54,397.08
3792,1274,20,5,178.54,892.7
3793,1274,38,5,321.14,1605.7
3794,1274,72,2,153.82,307.64
3795,1274,39,4,367.27,1469.08
3796,1275,9,3,23.0,69.0
3797,1275,2,4,373.36,1493.44
3798,1275,6,2,299.34,598.68
3799,1276,76,1,383.36,383.36
3800,1276,7,4,24.6,98.4
3801,1276,40,1,236.51,236.51
3802,1277,46,1,404.47,404.47
3803,1277,7,3,24.6,73.8
3804,1277,18,3,60.08,180.24
3805,1277,37,5,327.54,1637.7
3806,1278,20,1,178.54,178.54
3807,1278,35,2,112.66,225.32
3808,1278,26,4,443.87,1775.48
3809,1278,75,1,139.06,139.06
3810,1278,38,2,321.14,642.28
3811,1279,61,3,63.73,191.19
3812,1280,50,4,114.19,456.76
3813,1280,52,1,325.0,325.0
3814,1281,39,5,367.27,1836.35
3815,1281,40,2,236.51,473.02
3816,1281,73,4,232.32,929.28
3817,1282,75,2,139.06,278.12
3818,1282,26,3,443.87,1331.61
3819,1282,18,4,60.08,240.32
3820,1283,26,3,443.87,1331.61
3821,1283,40,1,236.51,236.51
3822,1283,39,5,367.27,1836.35
3823,1283,60,5,380.33,1901.65
3824,1283,24,4,48.61,194.44
3825,1284,13,2,406.62,813.24
3826,1284,68,4,343.34,1373.36
3827,1284,41,5,494.87,2474.35
3828,1284,46,4,404.47,1617.88
3829,1285,55,4,138.74,554.96
3830,1285,54,4,375.04,1500.16
3831,1285,60,1,380.33,380.33
3832,1286,4,4,60.22,240.88
3833,1286,12,2,230.11,460.22
3834,1286,79,3,323.09,969.27
3835,1286,32,5,196.26,981.3
3836,1286,66,3,133.19,399.57
3837,1287,80,5,107.47,537.35
3838,1287,73,3,232.32,696.96
3839,1288,51,2,203.86,407.72
3840,1289,1,4,323.32,1293.28
3841,1289,67,4,431.78,1727.12
3842,1289,7,1,24.6,24.6
3843,1289,8,3,124.0,372.0
3844,1290,43,5,345.46,1727.3
3845,1291,38,5,321.14,1605.7
3846,1292,43,1,345.46,345.46
3847,1292,16,5,146.16,730.8
3848,1292,66,1,133.19,133.19
3849,1292,27,5,292.9,1464.5
3850,1293,72,4,153.82,615.28
3851,1293,18,2,60.08,120.16
3852,1294,39,3,367.27,1101.81
3853,1294,1,4,323.32,1293.28
3854,1295,26,1,443.87,443.87
3855,1295,9,1,23.0,23.0
3856,1295,20,5,178.54,892.7
3857,1295,16,5,146.16,730.8
3858,1295,13,2,406.62,813.24
3859,1296,14,4,381.82,1527.28
3860,1296,4,5,60.22,301.1
3861,1297,51,1,203.86,203.86
3862,1297,16,3,146.16,438.48
3863,1297,52,4,325.0,1300.0
3864,1297,24,2,48.61,97.22
3865,1298,34,5,89.7,448.5
3866,1298,57,5,205.71,1028.55
3867,1298,16,4,146.16,584.64
3868,1298,19,1,57.39,57.39
3869,1298,24,2,48.61,97.22
3870,1299,22,5,235.12,1175.6
3871,1299,70,2,377.93,755.86
3872,1300,62,3,88.39,265.17
3873,1300,38,1,321.14,321.14
3874,1300,76,4,383.36,1533.44
3875,1300,48,3,457.44,1372.32
3876,1301,50,1,114.19,114.19
3877,1301,60,4,380.33,1521.32
3878,1301,55,2,138.74,277.48
3879,1301,4,3,60.22,180.66
3880,1302,16,5,146.16,730.8
3881,1302,50,1,114.19,114.19
3882,1302,75,3,139.06,417.18
3883,1302,5,5,447.17,2235.85
3884,1303,6,3,299.34,898.02
3885,1303,18,4,60.08,240.32
3886,1303,59,3,259.67,779.01
3887,1303,2,2,373.36,746.72
3888,1304,65,5,498.1,2490.5
3889,1304,27,3,292.9,878.7
3890,1304,68,4,343.34,1373.36
3891,1305,9,2,23.0,46.0
3892,1305,20,3,178.54,535.62
3893,1305,73,3,232.32,696.96
3894,1305,59,2,259.67,519.34
3895,1305,36,3,353.89,1061.67
3896,1306,9,4,23.0,92.0
3897,1306,49,4,439.42,1757.68
3898,1306,78,2,316.4,632.8
3899,1306,74,5,363.83,1819.15
3900,1307,34,2,89.7,179.4
3901,1307,42,5,347.2,1736.0
3902,1307,75,3,139.06,417.18
3903,1307,75,5,139.06,695.3
3904,1307,52,1,325.0,325.0
3905,1308,4,2,60.22,120.44
3906,1309,13,1,406.62,406.62
3907,1309,64,4,198.54,794.16
3908,1310,30,2,492.76,985.52
3909,1310,14,2,381.82,763.64
3910,1310,50,4,114.19,456.76
3911,1311,8,5,124.0,620.0
3912,1312,15,1,352.09,352.09
3913,1312,10,4,360.85,1443.4
3914,1312,48,5,457.44,2287.2
3915,1313,23,3,486.83,1460.49
3916,1314,58,4,498.69,1994.76
3917,1315,74,5,363.83,1819.15
3918,1315,26,2,443.87,887.74
3919,1316,63,4,216.86,867.44
3920,1316,37,2,327.54,655.08
3921,1316,26,2,443.87,887.74
3922,1317,68,2,343.34,686.68
3923,1317,12,5,230.11,1150.55
3924,1317,4,1,60.22,60.22
3925,1317,27,1,292.9,292.9
3926,1318,1,3,323.32,969.96
3927,1318,53,5,139.79,698.95
3928,1319,10,3,360.85,1082.55
3929,1319,24,5,48.61,243.05
3930,1319,64,2,198.54,397.08
3931,1319,27,5,292.9,1464.5
3932,1319,61,5,63.73,318.65
3933,1320,46,5,404.47,2022.35
3934,1320,72,2,153.82,307.64
3935,1320,9,4,23.0,92.0
3936,1321,49,1,439.42,439.42
3937,1321,73,1,232.32,232.32
3938,1321,17,5,479.03,2395.15
3939,1321,39,1,367.27,367.27
3940,1322,64,2,198.54,397.08
3941,1323,77,5,457.19,2285.95
3942,1324,3,2,119.37,238.74
3943,1324,38,3,321.14,963.42
3944,1324,50,3,114.19,342.57
3945,1325,21,3,405.49,1216.47
3946,1326,69,5,344.04,1720.2
3947,1327,67,5,431.78,2158.9
3948,1327,65,3,498.1,1494.3
3949,1328,80,1,107.47,107.47
3950,1328,70,1,377.93,377.93
3951,1328,75,4,139.06,556.24
3952,1328,34,1,89.7,89.7
3953,1329,44,4,386.47,1545.88
3954,1330,26,3,443.87,1331.61
3955,1330,8,2,124.0,248.0
3956,1330,27,5,292.9,1464.5
3957,1331,8,2,124.0,248.0
3958,1331,64,1,198.54,198.54
3959,1331,73,5,232.32,1161.6
3960,1332,45,1,122.23,122.23
3961,1333,77,5,457.19,2285.95
3962,1333,11,5,277.02,1385.1
3963,1333,62,2,88.39,176.78
3964,1333,35,1,112.66,112.66
3965,1334,5,4,447.17,1788.68
3966,1335,29,3,121.67,365.01
3967,1335,56,4,219.93,879.72
3968,1335,39,2,367.27,734.54
3969,1335,3,1,119.37,119.37
3970,1335,4,2,60.22,120.44
3971,1336,78,4,316.4,1265.6
3972,1336,3,5,119.37,596.85
3973,1336,62,1,88.39,88.39
3974,1336,50,4,114.19,456.76
3975,1336,17,4,479.03,1916.12
3976,1337,71,2,324.07,648.14
3977,1337,15,4,352.09,1408.36
3978,1337,16,5,146.16,730.8
3979,1337,48,3,457.44,1372.32
3980,1338,44,4,386.47,1545.88
3981,1338,8,2,124.0,248.0
3982,1339,12,5,230.11,1150.55
3983,1339,2,2,373.36,746.72
3984,1340,69,5,344.04,1720.2
3985,1340,6,1,299.34,299.34
3986,1340,32,1,196.26,196.26
3987,1340,10,1,360.85,360.85
3988,1341,57,2,205.71,411.42
3989,1341,37,1,327.54,327.54
3990,1342,45,5,122.23,611.15
3991,1342,32,3,196.26,588.78
3992,1342,17,5,479.03,2395.15
3993,1343,62,1,88.39,88.39
3994,1343,10,1,360.85,360.85
3995,1343,33,5,321.49,1607.45
3996,1343,27,4,292.9,1171.6
3997,1344,29,4,121.67,486.68
3998,1344,39,3,367.27,1101.81
3999,1344,71,3,324.07,972.21
4000,1345,68,3,343.34,1030.02
4001,1345,41,5,494.87,2474.35
4002,1346,14,1,381.82,381.82
4003,1346,45,4,122.23,488.92
4004,1346,80,4,107.47,429.88
4005,1346,36,1,353.89,353.89
4006,1346,27,2,292.9,585.8
4007,1347,30,3,492.76,1478.28
4008,1347,71,2,324.07,648.14
4009,1347,16,3,146.16,438.48
4010,1347,19,1,57.39,57.39
4011,1347,31,4,124.07,496.28
4012,1348,15,1,352.09,352.09
4013,1348,64,1,198.54,198.54
4014,1348,35,3,112.66,337.98
4015,1348,76,4,383.36,1533.44
4016,1349,11,1,277.02,277.02
4017,1349,36,5,353.89,1769.45
4018,1349,50,4,114.19,456.76
4019,1350,49,4,439.42,1757.68
4020,1351,6,2,299.34,598.68
4021,1351,27,4,292.9,1171.6
4022,1351,24,4,48.61,194.44
4023,1351,69,1,344.04,344.04
4024,1352,5,5,447.17,2235.85
4025,1352,45,1,122.23,122.23
4026,1352,78,3,316.4,949.2
4027,1353,76,2,383.36,766.72
4028,1353,4,3,60.22,180.66
4029,1353,80,4,107.47,429.88
4030,1354,8,1,124.0,124.0
4031,1354,71,4,324.07,1296.28
4032,1354,37,5,327.54,1637.7
4033,1354,60,4,380.33,1521.32
4034,1355,73,5,232.32,1161.6
4035,1355,34,2,89.7,179.4
4036,1355,49,4,439.42,1757.68
4037,1355,31,2,124.07,248.14
4038,1355,2,3,373.36,1120.08
4039,1356,11,2,277.02,554.04
4040,1356,70,3,377.93,1133.79
4041,1356,44,5,386.47,1932.35
4042,1357,5,5,447.17,2235.85
4043,1357,36,3,353.89,1061.67
4044,1357,35,3,112.66,337.98
4045,1357,78,1,316.4,316.4
4046,1358,40,5,236.51,1182.55
4047,1359,34,2,89.7,179.4
4048,1359,57,4,205.71,822.84
4049,1359,3,4,119.37,477.48
4050,1360,60,1,380.33,380.33
4051,1361,62,5,88.39,441.95
4052,1361,28,4,44.08,176.32
4053,1361,8,5,124.0,620.0
4054,1362,36,5,353.89,1769.45
4055,1363,41,1,494.87,494.87
4056,1363,57,2,205.71,411.42
4057,1363,34,3,89.7,269.1
4058,1363,34,4,89.7,358.8
4059,1363,17,2,479.03,958.06
4060,1364,19,5,57.39,286.95
4061,1364,7,2,24.6,49.2
4062,1365,5,2,447.17,894.34
4063,1366,57,5,205.71,1028.55
4064,1366,41,1,494.87,494.87
4065,1366,71,2,324.07,648.14
4066,1366,8,3,124.0,372.0
4067,1366,33,1,321.49,321.49
4068,1367,70,1,377.93,377.93
4069,1367,77,2,457.19,914.38
4070,1367,45,1,122.23,122.23
4071,1368,65,4,498.1,1992.4
4072,1369,66,1,133.19,133.19
4073,1370,27,3,292.9,878.7
4074,1370,74,3,363.83,1091.49
4075,1371,10,4,360.85,1443.4
4076,1371,37,2,327.54,655.08
4077,1371,4,3,60.22,180.66
4078,1371,78,3,316.4,949.2
4079,1372,53,3,139.79,419.37
4080,1372,61,3,63.73,191.19
4081,1372,80,1,107.47,107.47
4082,1373,48,1,457.44,457.44
4083,1373,38,2,321.14,642.28
4084,1374,4,1,60.22,60.22
4085,1374,78,2,316.4,632.8
4086,1374,41,5,494.87,2474.35
4087,1374,66,5,133.19,665.95
4088,1374,45,2,122.23,244.46
4089,1375,75,1,139.06,139.06
4090,1375,20,4,178.54,714.16
4091,1375,11,1,277.02,277.02
4092,1375,29,5,121.67,608.35
4093,1376,74,5,363.83,1819.15
4094,1376,54,5,375.04,1875.2
4095,1376,16,5,146.16,730.8
4096,1376,7,5,24.6,123.0
4097,1376,61,5,63.73,318.65
4098,1377,57,3,205.71,617.13
4099,1377,35,2,112.66,225.32
4100,1377,74,3,363.83,1091.49
4101,1377,32,3,196.26,588.78
4102,1377,32,3,196.26,588.78
4103,1378,59,3,259.67,779.01
4104,1378,15,2,352.09,704.18
4105,1379,53,3,139.79,419.37
4106,1379,11,3,277.02,831.06
4107,1379,72,5,153.82,769.1
4108,1379,10,3,360.85,1082.55
4109,1380,78,2,316.4,632.8
4110,1380,58,4,498.69,1994.76
4111,1380,30,5,492.76,2463.8
4112,1380,17,5,479.03,2395.15
4113,1381,53,5,139.79,698.95
4114,1381,18,5,60.08,300.4
4115,1382,37,3,327.54,982.62
4116,1382,41,1,494.87,494.87
4117,1382,11,4,277.02,1108.08
4118,1383,65,2,498.1,996.2
4119,1383,74,4,363.83,1455.32
4120,1383,26,2,443.87,887.74
4121,1383,59,1,259.67,259.67
4122,1384,16,4,146.16,584.64
4123,1384,34,5,89.7,448.5
4124,1385,13,2,406.62,813.24
4125,1385,5,4,447.17,1788.68
4126,1385,4,2,60.22,120.44
4127,1385,10,2,360.85,721.7
4128,1386,68,4,343.34,1373.36
4129,1386,55,3,138.74,416.22
4130,1386,17,4,479.03,1916.12
4131,1386,72,2,153.82,307.64
4132,1386,38,1,321.14,321.14
4133,1387,44,5,386.47,1932.35
4134,1387,78,5,316.4,1582.0
4135,1387,14,1,381.82,381.82
4136,1388,46,4,404.47,1617.88
4137,1389,58,4,498.69,1994.76
4138,1389,38,4,321.14,1284.56
4139,1389,18,2,60.08,120.16
4140,1389,76,5,383.36,1916.8
4141,1390,20,1,178.54,178.54
4142,1391,76,3,383.36,1150.08
4143,1391,59,4,259.67,1038.68
4144,1391,42,4,347.2,1388.8
4145,1391,23,5,486.83,2434.15
4146,1391,76,3,383.36,1150.08
4147,1392,30,3,492.76,1478.28
4148,1393,44,1,386.47,386.47
4149,1393,73,5,232.32,1161.6
4150,1393,68,5,343.34,1716.7
4151,1393,66,4,133.19,532.76
4152,1394,42,4,347.2,1388.8
4153,1394,41,2,494.87,989.74
4154,1394,19,1,57.39,57.39
4155,1395,56,5,219.93,1099.65
4156,1395,36,5,353.89,1769.45
4157,1396,41,1,494.87,494.87
4158,1396,45,3,122.23,366.69
4159,1396,22,1,235.12,235.12
4160,1396,37,3,327.54,982.62
4161,1396,63,4,216.86,867.44
4162,1397,22,3,235.12,705.36
4163,1397,34,5,89.7,448.5
4164,1398,30,3,492.76,1478.28
4165,1399,13,2,406.62,813.24
4166,1399,71,5,324.07,1620.35
4167,1400,4,5,60.22,301.1
4168,1400,6,5,299.34,1496.7
4169,1401,25,1,416.41,416.41
4170,1401,63,1,216.86,216.86
4171,1401,48,2,457.44,914.88
4172,1401,37,5,327.54,1637.7
4173,1401,55,4,138.74,554.96
4174,1402,17,4,479.03,1916.12
4175,1402,38,1,321.14,321.14
4176,1402,16,4,146.16,584.64
4177,1402,56,4,219.93,879.72
4178,1402,34,1,89.7,89.7
4179,1403,36,1,353.89,353.89
4180,1403,46,1,404.47,404.47
4181,1404,10,3,360.85,1082.55
4182,1404,21,5,405.49,2027.45
4183,1405,36,4,353.89,1415.56
4184,1405,66,1,133.19,133.19
4185,1405,41,1,494.87,494.87
4186,1406,13,5,406.62,2033.1
4187,1406,41,2,494.87,989.74
4188,1406,72,1,153.82,153.82
4189,1406,2,2,373.36,746.72
4190,1407,76,4,383.36,1533.44
4191,1407,29,2,121.67,243.34
4192,1408,61,2,63.73,127.46
4193,1408,63,2,216.86,433.72
4194,1408,64,3,198.54,595.62
4195,1409,26,1,443.87,443.87
4196,1409,67,2,431.78,863.56
4197,1410,56,1,219.93,219.93
4198,1411,72,5,153.82,769.1
4199,1411,27,2,292.9,585.8
4200,1411,5,4,447.17,1788.68
4201,1411,34,5,89.7,448.5
4202,1412,75,2,139.06,278.12
4203,1412,45,4,122.23,488.92
4204,1412,68,2,343.34,686.68
4205,1412,39,2,367.27,734.54
4206,1413,63,4,216.86,867.44
4207,1413,51,5,203.86,1019.3
4208,1413,46,5,404.47,2022.35
4209,1414,38,1,321.14,321.14
4210,1414,29,1,121.67,121.67
4211,1414,37,4,327.54,1310.16
4212,1414,58,3,498.69,1496.07
4213,1415,55,1,138.74,138.74
4214,1415,23,4,486.83,1947.32
4215,1416,15,3,352.09,1056.27
4216,1416,51,2,203.86,407.72
4217,1416,62,4,88.39,353.56
4218,1417,53,2,139.79,279.58
4219,1417,4,3,60.22,180.66
4220,1417,35,5,112.66,563.3
4221,1417,28,4,44.08,176.32
4222,1417,8,5,124.0,620.0
4223,1418,34,3,89.7,269.1
4224,1418,53,4,139.79,559.16
4225,1418,57,4,205.71,822.84
4226,1419,34,1,89.7,89.7
4227,1419,35,4,112.66,450.64
4228,1419,29,3,121.67,365.01
4229,1419,6,3,299.34,898.02
4230,1420,53,2,139.79,279.58
4231,1420,74,2,363.83,727.66
4232,1420,69,2,344.04,688.08
4233,1420,15,5,352.09,1760.45
4234,1421,43,2,345.46,690.92
4235,1421,78,5,316.4,1582.0
4236,1421,3,1,119.37,119.37
4237,1421,49,1,439.42,439.42
4238,1421,43,3,345.46,1036.38
4239,1422,9,1,23.0,23.0
4240,1422,67,2,431.78,863.56
4241,1422,47,5,141.19,705.95
4242,1422,26,2,443.87,887.74
4243,1422,69,4,344.04,1376.16
4244,1423,38,2,321.14,642.28
4245,1423,48,3,457.44,1372.32
4246,1424,28,5,44.08,220.4
4247,1424,32,1,196.26,196.26
4248,1424,5,1,447.17,447.17
4249,1424,68,1,343.34,343.34
4250,1425,51,4,203.86,815.44
4251,1425,6,2,299.34,598.68
4252,1425,37,3,327.54,982.62
4253,1425,4,2,60.22,120.44
4254,1425,32,1,196.26,196.26
4255,1426,16,4,146.16,584.64
4256,1426,52,2,325.0,650.0
4257,1426,35,1,112.66,112.66
4258,1427,10,5,360.85,1804.25
4259,1428,3,1,119.37,119.37
4260,1428,70,5,377.93,1889.65
4261,1428,20,1,178.54,178.54
4262,1428,76,4,383.36,1533.44
4263,1429,78,3,316.4,949.2
4264,1429,42,4,347.2,1388.8
4265,1430,3,3,119.37,358.11
4266,1430,36,4,353.89,1415.56
4267,1430,26,1,443.87,443.87
4268,1430,34,5,89.7,448.5
4269,1430,61,4,63.73,254.92
4270,1431,55,1,138.74,138.74
4271,1431,29,4,121.67,486.68
4272,1431,72,3,153.82,461.46
4273,1432,37,5,327.54,1637.7
4274,1432,65,2,498.1,996.2
4275,1432,49,1,439.42,439.42
4276,1432,64,4,198.54,794.16
4277,1433,70,1,377.93,377.93
4278,1433,58,2,498.69,997.38
4279,1433,74,1,363.83,363.83
4280,1434,30,4,492.76,1971.04
4281,1434,48,4,457.44,1829.76
4282,1434,73,1,232.32,232.32
4283,1434,40,3,236.51,709.53
4284,1435,11,1,277.02,277.02
4285,1435,72,2,153.82,307.64
4286,1436,63,5,216.86,1084.3
4287,1436,32,1,196.26,196.26
4288,1437,52,5,325.0,1625.0
4289,1437,61,5,63.73,318.65
4290,1438,30,1,492.76,492.76
4291,1438,64,3,198.54,595.62
4292,1438,53,3,139.79,419.37
4293,1438,44,2,386.47,772.94
4294,1438,5,3,447.17,1341.51
4295,1439,77,4,457.19,1828.76
4296,1439,1,3,323.32,969.96
4297,1439,27,5,292.9,1464.5
4298,1439,63,5,216.86,1084.3
4299,1439,64,3,198.54,595.62
4300,1440,42,4,347.2,1388.8
4301,1440,62,5,88.39,441.95
4302,1441,11,1,277.02,277.02
4303,1441,55,1,138.74,138.74
4304,1441,49,2,439.42,878.84
4305,1441,2,2,373.36,746.72
4306,1441,67,1,431.78,431.78
4307,1442,26,4,443.87,1775.48
4308,1442,15,1,352.09,352.09
4309,1443,64,2,198.54,397.08
4310,1443,68,4,343.34,1373.36
4311,1443,18,5,60.08,300.4
4312,1443,54,4,375.04,1500.16
4313,1444,38,1,321.14,321.14
4314,1445,38,3,321.14,963.42
4315,1445,67,3,431.78,1295.34
4316,1445,79,3,323.09,969.27
4317,1445,73,2,232.32,464.64
4318,1446,38,5,321.14,1605.7
4319,1446,27,5,292.9,1464.5
4320,1447,67,5,431.78,2158.9
4321,1447,33,4,321.49,1285.96
4322,1447,60,2,380.33,760.66
4323,1448,18,2,60.08,120.16
4324,1448,68,4,343.34,1373.36
4325,1448,2,3,373.36,1120.08
4326,1449,23,2,486.83,973.66
4327,1449,61,1,63.73,63.73
4328,1449,1,3,323.32,969.96
4329,1449,25,2,416.41,832.82
4330,1450,69,4,344.04,1376.16
4331,1451,13,1,406.62,406.62
4332,1451,80,4,107.47,429.88
4333,1451,77,2,457.19,914.38
4334,1452,45,5,122.23,611.15
4335,1453,45,1,122.23,122.23
4336,1453,25,3,416.41,1249.23
4337,1454,55,5,138.74,693.7
4338,1454,40,3,236.51,709.53
4339,1454,80,4,107.47,429.88
4340,1455,72,5,153.82,769.1
4341,1455,26,1,443.87,443.87
4342,1455,76,2,383.36,766.72
4343,1456,28,3,44.08,132.24
4344,1457,34,5,89.7,448.5
4345,1457,14,2,381.82,763.64
4346,1458,76,4,383.36,1533.44
4347,1458,43,5,345.46,1727.3
4348,1458,76,5,383.36,1916.8
4349,1458,36,5,353.89,1769.45
4350,1458,61,2,63.73,127.46
4351,1459,1,2,323.32,646.64
4352,1459,28,1,44.08,44.08
4353,1460,19,2,57.39,114.78
4354,1460,22,4,235.12,940.48
4355,1460,1,3,323.32,969.96
4356,1460,10,1,360.85,360.85
4357,1460,18,5,60.08,300.4
4358,1461,55,4,138.74,554.96
4359,1461,42,3,347.2,1041.6
4360,1461,65,1,498.1,498.1
4361,1461,31,5,124.07,620.35
4362,1462,49,4,439.42,1757.68
4363,1462,61,3,63.73,191.19
4364,1462,40,5,236.51,1182.55
4365,1462,41,5,494.87,2474.35
4366,1463,78,2,316.4,632.8
4367,1464,36,2,353.89,707.78
4368,1464,56,5,219.93,1099.65
4369,1465,63,3,216.86,650.58
4370,1465,16,5,146.16,730.8
4371,1465,56,3,219.93,659.79
4372,1465,23,1,486.83,486.83
4373,1466,60,3,380.33,1140.99
4374,1466,55,2,138.74,277.48
4375,1466,79,5,323.09,1615.45
4376,1467,49,3,439.42,1318.26
4377,1467,23,1,486.83,486.83
4378,1468,57,3,205.71,617.13
4379,1468,68,2,343.34,686.68
4380,1469,76,3,383.36,1150.08
4381,1470,13,3,406.62,1219.86
4382,1470,33,5,321.49,1607.45
4383,1470,2,5,373.36,1866.8
4384,1471,5,3,447.17,1341.51
4385,1471,62,4,88.39,353.56
4386,1471,6,3,299.34,898.02
4387,1472,8,5,124.0,620.0
4388,1472,4,4,60.22,240.88
4389,1472,78,4,316.4,1265.6
4390,1473,23,4,486.83,1947.32
4391,1473,70,1,377.93,377.93
4392,1473,5,3,447.17,1341.51
4393,1473,4,5,60.22,301.1
4394,1474,23,2,486.83,973.66
4395,1474,11,4,277.02,1108.08
4396,1475,8,4,124.0,496.0
4397,1476,41,1,494.87,494.87
4398,1477,36,2,353.89,707.78
4399,1477,79,1,323.09,323.09
4400,1477,43,3,345.46,1036.38
4401,1477,22,5,235.12,1175.6
4402,1477,47,5,141.19,705.95
4403,1478,52,4,325.0,1300.0
4404,1479,9,2,23.0,46.0
4405,1480,19,3,57.39,172.17
4406,1480,11,2,277.02,554.04
4407,1480,57,1,205.71,205.71
4408,1480,36,5,353.89,1769.45
4409,1480,26,5,443.87,2219.35
4410,1481,23,1,486.83,486.83
4411,1481,40,3,236.51,709.53
4412,1481,72,3,153.82,461.46
4413,1481,16,3,146.16,438.48
4414,1482,73,1,232.32,232.32
4415,1482,73,4,232.32,929.28
4416,1482,12,1,230.11,230.11
4417,1482,12,2,230.11,460.22
4418,1483,24,3,48.61,145.83
4419,1484,3,2,119.37,238.74
4420,1484,2,2,373.36,746.72
4421,1484,48,4,457.44,1829.76
4422,1484,11,2,277.02,554.04
4423,1484,40,2,236.51,473.02
4424,1485,40,1,236.51,236.51
4425,1485,49,3,439.42,1318.26
4426,1486,36,2,353.89,707.78
4427,1486,73,3,232.32,696.96
4428,1487,29,2,121.67,243.34
4429,1487,35,2,112.66,225.32
4430,1487,23,3,486.83,1460.49
4431,1487,34,4,89.7,358.8
4432,1488,12,4,230.11,920.44
4433,1488,46,5,404.47,2022.35
4434,1488,47,3,141.19,423.57
4435,1489,58,2,498.69,997.38
4436,1489,5,5,447.17,2235.85
4437,1489,50,2,114.19,228.38
4438,1489,69,5,344.04,1720.2
4439,1489,27,4,292.9,1171.6
4440,1490,37,2,327.54,655.08
4441,1490,44,5,386.47,1932.35
4442,1490,71,3,324.07,972.21
4443,1491,66,2,133.19,266.38
4444,1492,28,4,44.08,176.32
4445,1492,34,1,89.7,89.7
4446,1492,15,5,352.09,1760.45
4447,1493,61,2,63.73,127.46
4448,1493,60,5,380.33,1901.65
4449,1494,48,5,457.44,2287.2
4450,1494,49,5,439.42,2197.1
4451,1494,5,3,447.17,1341.51
4452,1495,46,1,404.47,404.47
4453,1496,54,4,375.04,1500.16
4454,1496,43,3,345.46,1036.38
4455,1497,24,3,48.61,145.83
4456,1498,21,4,405.49,1621.96
4457,1498,70,2,377.93,755.86
4458,1498,3,4,119.37,477.48
4459,1499,59,5,259.67,1298.35
4460,1499,74,4,363.83,1455.32
4461,1499,52,4,325.0,1300.0
4462,1499,32,3,196.26,588.78
4463,1499,48,5,457.44,2287.2
4464,1500,62,4,88.39,353.56
4465,1500,39,1,367.27,367.27
4466,1500,30,5,492.76,2463.8
4467,1501,54,4,375.04,1500.16
4468,1502,74,4,363.83,1455.32
4469,1502,76,1,383.36,383.36
4470,1502,21,5,405.49,2027.45
4471,1503,39,5,367.27,1836.35
4472,1503,68,2,343.34,686.68
4473,1504,18,2,60.08,120.16
4474,1504,43,1,345.46,345.46
4475,1504,12,3,230.11,690.33
4476,1504,19,3,57.39,172.17
4477,1504,59,4,259.67,1038.68
4478,1505,59,1,259.67,259.67
4479,1505,19,2,57.39,114.78
4480,1506,39,3,367.27,1101.81
4481,1506,11,2,277.02,554.04
4482,1507,27,4,292.9,1171.6
4483,1507,12,2,230.11,460.22
4484,1508,72,3,153.82,461.46
4485,1508,1,4,323.32,1293.28
4486,1509,45,1,122.23,122.23
4487,1509,61,5,63.73,318.65
4488,1510,28,4,44.08,176.32
4489,1510,49,4,439.42,1757.68
4490,1510,32,1,196.26,196.26
4491,1510,50,2,114.19,228.38
4492,1511,18,4,60.08,240.32
4493,1511,42,3,347.2,1041.6
4494,1511,55,5,138.74,693.7
4495,1512,69,1,344.04,344.04
4496,1512,45,4,122.23,488.92
4497,1512,76,1,383.36,383.36
4498,1512,29,5,121.67,608.35
4499,1513,31,3,124.07,372.21
4500,1513,47,3,141.19,423.57
4501,1514,1,5,323.32,1616.6
4502,1514,77,4,457.19,1828.76
4503,1514,10,2,360.85,721.7
4504,1514,18,4,60.08,240.32
4505,1514,25,1,416.41,416.41
4506,1515,39,4,367.27,1469.08
4507,1515,12,3,230.11,690.33
4508,1516,24,4,48.61,194.44
4509,1516,20,3,178.54,535.62
4510,1516,40,4,236.51,946.04
4511,1516,62,1,88.39,88.39
4512,1517,54,2,375.04,750.08
4513,1517,21,4,405.49,1621.96
4514,1517,67,1,431.78,431.78
4515,1518,11,3,277.02,831.06
4516,1518,13,4,406.62,1626.48
4517,1518,2,2,373.36,746.72
4518,1518,41,2,494.87,989.74
4519,1519,65,4,498.1,1992.4
4520,1519,59,1,259.67,259.67
4521,1519,63,4,216.86,867.44
4522,1519,55,1,138.74,138.74
4523,1519,39,4,367.27,1469.08
4524,1520,15,5,352.09,1760.45
4525,1520,58,5,498.69,2493.45
4526,1520,48,4,457.44,1829.76
4527,1521,69,3,344.04,1032.12
4528,1521,15,2,352.09,704.18
4529,1521,55,5,138.74,693.7
4530,1522,11,2,277.02,554.04
4531,1522,1,3,323.32,969.96
4532,1522,76,3,383.36,1150.08
4533,1522,26,5,443.87,2219.35
4534,1523,59,4,259.67,1038.68
4535,1523,7,4,24.6,98.4
4536,1523,37,1,327.54,327.54
4537,1523,16,4,146.16,584.64
4538,1523,59,3,259.67,779.01
4539,1524,77,3,457.19,1371.57
4540,1525,55,3,138.74,416.22
4541,1525,38,1,321.14,321.14
4542,1525,70,3,377.93,1133.79
4543,1526,38,3,321.14,963.42
4544,1526,54,1,375.04,375.04
4545,1527,42,3,347.2,1041.6
4546,1527,5,5,447.17,2235.85
4547,1527,15,3,352.09,1056.27
4548,1527,5,5,447.17,2235.85
4549,1528,32,2,196.26,392.52
4550,1528,11,5,277.02,1385.1
4551,1528,13,2,406.62,813.24
4552,1528,19,4,57.39,229.56
4553,1529,36,3,353.89,1061.67
4554,1529,59,5,259.67,1298.35
4555,1529,32,5,196.26,981.3
4556,1529,73,4,232.32,929.28
4557,1530,10,3,360.85,1082.55
4558,1531,5,2,447.17,894.34
4559,1531,78,1,316.4,316.4
4560,1531,49,5,439.42,2197.1
4561,1532,44,3,386.47,1159.41
4562,1533,52,1,325.0,325.0
4563,1533,24,3,48.61,145.83
4564,1533,11,4,277.02,1108.08
4565,1533,15,2,352.09,704.18
4566,1534,34,3,89.7,269.1
4567,1534,79,5,323.09,1615.45
4568,1534,70,2,377.93,755.86
4569,1534,7,3,24.6,73.8
4570,1534,74,4,363.83,1455.32
4571,1535,56,3,219.93,659.79
4572,1535,24,3,48.61,145.83
4573,1536,6,5,299.34,1496.7
4574,1536,52,2,325.0,650.0
4575,1536,37,3,327.54,982.62
4576,1536,1,4,323.32,1293.28
4577,1536,27,1,292.9,292.9
4578,1537,17,3,479.03,1437.09
4579,1537,35,4,112.66,450.64
4580,1537,77,3,457.19,1371.57
4581,1537,13,2,406.62,813.24
4582,1538,3,3,119.37,358.11
4583,1538,29,1,121.67,121.67
4584,1539,37,5,327.54,1637.7
4585,1539,59,5,259.67,1298.35
4586,1539,54,5,375.04,1875.2
4587,1539,43,5,345.46,1727.3
4588,1539,50,4,114.19,456.76
4589,1540,2,3,373.36,1120.08
4590,1540,44,3,386.47,1159.41
4591,1540,45,4,122.23,488.92
4592,1540,20,4,178.54,714.16
4593,1540,64,2,198.54,397.08
4594,1541,22,4,235.12,940.48
4595,1541,33,4,321.49,1285.96
4596,1541,5,5,447.17,2235.85
4597,1541,11,4,277.02,1108.08
4598,1541,72,3,153.82,461.46
4599,1542,27,5,292.9,1464.5
4600,1543,39,3,367.27,1101.81
4601,1543,41,4,494.87,1979.48
4602,1543,60,1,380.33,380.33
4603,1544,80,5,107.47,537.35
4604,1544,22,5,235.12,1175.6
4605,1545,73,4,232.32,929.28
4606,1545,54,1,375.04,375.04
4607,1545,37,5,327.54,1637.7
4608,1546,31,4,124.07,496.28
4609,1546,69,2,344.04,688.08
4610,1546,49,5,439.42,2197.1
4611,1546,16,1,146.16,146.16
4612,1547,28,2,44.08,88.16
4613,1547,15,5,352.09,1760.45
4614,1547,38,2,321.14,642.28
4615,1547,21,4,405.49,1621.96
4616,1548,53,3,139.79,419.37
4617,1548,28,4,44.08,176.32
4618,1548,77,3,457.19,1371.57
4619,1548,41,3,494.87,1484.61
4620,1548,14,3,381.82,1145.46
4621,1549,69,5,344.04,1720.2
4622,1549,51,2,203.86,407.72
4623,1549,52,4,325.0,1300.0
4624,1549,60,3,380.33,1140.99
4625,1549,58,2,498.69,997.38
4626,1550,52,3,325.0,975.0
4627,1550,1,5,323.32,1616.6
4628,1551,60,2,380.33,760.66
4629,1551,13,4,406.62,1626.48
4630,1551,75,4,139.06,556.24
4631,1552,53,2,139.79,279.58
4632,1552,4,5,60.22,301.1
4633,1552,29,2,121.67,243.34
4634,1552,79,5,323.09,1615.45
4635,1553,11,5,277.02,1385.1
4636,1553,74,4,363.83,1455.32
4637,1553,3,3,119.37,358.11
4638,1553,79,2,323.09,646.18
4639,1553,22,5,235.12,1175.6
4640,1554,12,3,230.11,690.33
4641,1554,3,5,119.37,596.85
4642,1554,50,5,114.19,570.95
4643,1554,66,2,133.19,266.38
4644,1555,59,3,259.67,779.01
4645,1555,31,2,124.07,248.14
4646,1556,26,3,443.87,1331.61
4647,1556,17,3,479.03,1437.09
4648,1556,9,1,23.0,23.0
4649,1556,27,5,292.9,1464.5
4650,1557,59,2,259.67,519.34
4651,1557,78,4,316.4,1265.6
4652,1557,31,2,124.07,248.14
4653,1557,60,5,380.33,1901.65
4654,1558,78,3,316.4,949.2
4655,1559,32,4,196.26,785.04
4656,1559,9,1,23.0,23.0
4657,1560,53,5,139.79,698.95
4658,1561,50,1,114.19,114.19
4659,1561,54,3,375.04,1125.12
4660,1561,69,1,344.04,344.04
4661,1561,78,5,316.4,1582.0
4662,1562,57,4,205.71,822.84
4663,1563,38,4,321.14,1284.56
4664,1564,47,4,141.19,564.76
4665,1565,57,4,205.71,822.84
4666,1565,16,1,146.16,146.16
4667,1565,19,3,57.39,172.17
4668,1565,75,1,139.06,139.06
4669,1565,22,3,235.12,705.36
4670,1566,44,2,386.47,772.94
4671,1566,32,4,196.26,785.04
4672,1566,27,3,292.9,878.7
4673,1566,13,3,406.62,1219.86
4674,1567,59,4,259.67,1038.68
4675,1568,34,3,89.7,269.1
4676,1568,38,4,321.14,1284.56
4677,1569,58,3,498.69,1496.07
4678,1569,73,3,232.32,696.96
4679,1569,77,1,457.19,457.19
4680,1570,19,5,57.39,286.95
4681,1570,37,1,327.54,327.54
4682,1571,48,5,457.44,2287.2
4683,1571,47,3,141.19,423.57
4684,1572,21,5,405.49,2027.45
4685,1572,40,4,236.51,946.04
4686,1572,57,3,205.71,617.13
4687,1573,17,2,479.03,958.06
4688,1573,78,3,316.4,949.2
4689,1574,33,2,321.49,642.98
4690,1574,4,2,60.22,120.44
4691,1574,75,3,139.06,417.18
4692,1574,19,5,57.39,286.95
4693,1575,34,3,89.7,269.1
4694,1576,67,4,431.78,1727.12
4695,1576,62,5,88.39,441.95
4696,1576,22,3,235.12,705.36
4697,1576,20,5,178.54,892.7
4698,1576,65,3,498.1,1494.3
4699,1577,48,4,457.44,1829.76
4700,1577,63,2,216.86,433.72
4701,1577,68,4,343.34,1373.36
4702,1577,23,4,486.83,1947.32
4703,1577,49,1,439.42,439.42
4704,1578,44,2,386.47,772.94
4705,1579,27,2,292.9,585.8
4706,1579,20,3,178.54,535.62
4707,1579,78,1,316.4,316.4
4708,1580,46,4,404.47,1617.88
4709,1580,59,5,259.67,1298.35
4710,1581,68,2,343.34,686.68
4711,1582,47,1,141.19,141.19
4712,1582,52,1,325.0,325.0
4713,1583,65,1,498.1,498.1
4714,1583,35,5,112.66,563.3
4715,1583,69,5,344.04,1720.2
4716,1584,8,4,124.0,496.0
4717,1585,67,2,431.78,863.56
4718,1585,32,3,196.26,588.78
4719,1585,24,2,48.61,97.22
4720,1585,30,4,492.76,1971.04
4721,1585,23,1,486.83,486.83
4722,1586,35,5,112.66,563.3
4723,1586,36,1,353.89,353.89
4724,1586,25,1,416.41,416.41
4725,1586,17,5,479.03,2395.15
4726,1586,39,1,367.27,367.27
4727,1587,30,2,492.76,985.52
4728,1587,75,5,139.06,695.3
4729,1588,60,1,380.33,380.33
4730,1588,69,1,344.04,344.04
4731,1588,41,1,494.87,494.87
4732,1588,26,4,443.87,1775.48
4733,1589,57,1,205.71,205.71
4734,1590,26,1,443.87,443.87
4735,1590,70,5,377.93,1889.65
4736,1590,28,5,44.08,220.4
4737,1590,63,3,216.86,650.58
4738,1591,2,5,373.36,1866.8
4739,1591,56,1,219.93,219.93
4740,1591,57,2,205.71,411.42
4741,1591,76,5,383.36,1916.8
4742,1591,59,1,259.67,259.67
4743,1592,53,5,139.79,698.95
4744,1592,35,4,112.66,450.64
4745,1592,23,3,486.83,1460.49
4746,1593,62,5,88.39,441.95
4747,1593,37,3,327.54,982.62
4748,1593,34,5,89.7,448.5
4749,1593,32,3,196.26,588.78
4750,1593,36,5,353.89,1769.45
4751,1594,40,4,236.51,946.04
4752,1594,15,2,352.09,704.18
4753,1594,63,1,216.86,216.86
4754,1594,41,5,494.87,2474.35
4755,1594,61,4,63.73,254.92
4756,1595,23,1,486.83,486.83
4757,1595,56,3,219.93,659.79
4758,1596,57,3,205.71,617.13
4759,1597,24,2,48.61,97.22
4760,1597,14,2,381.82,763.64
4761,1597,28,3,44.08,132.24
4762,1597,65,3,498.1,1494.3
4763,1597,41,5,494.87,2474.35
4764,1598,14,3,381.82,1145.46
4765,1598,79,2,323.09,646.18
4766,1598,74,2,363.83,727.66
4767,1598,42,2,347.2,694.4
4768,1599,51,2,203.86,407.72
4769,1599,21,5,405.49,2027.45
4770,1600,42,5,347.2,1736.0
4771,1600,61,5,63.73,318.65
4772,1601,35,2,112.66,225.32
4773,1601,34,4,89.7,358.8
4774,1601,39,3,367.27,1101.81
4775,1601,19,3,57.39,172.17
4776,1602,46,3,404.47,1213.41
4777,1602,58,3,498.69,1496.07
4778,1602,55,5,138.74,693.7
4779,1603,54,1,375.04,375.04
4780,1603,52,1,325.0,325.0
4781,1603,53,3,139.79,419.37
4782,1603,18,4,60.08,240.32
4783,1604,3,2,119.37,238.74
4784,1604,27,3,292.9,878.7
4785,1604,38,3,321.14,963.42
4786,1605,42,4,347.2,1388.8
4787,1606,42,5,347.2,1736.0
4788,1606,72,2,153.82,307.64
4789,1606,28,5,44.08,220.4
4790,1606,65,4,498.1,1992.4
4791,1607,14,1,381.82,381.82
4792,1607,32,2,196.26,392.52
4793,1607,42,4,347.2,1388.8
4794,1608,61,1,63.73,63.73
4795,1608,50,4,114.19,456.76
4796,1608,32,3,196.26,588.78
4797,1608,78,5,316.4,1582.0
4798,1608,49,1,439.42,439.42
4799,1609,8,3,124.0,372.0
4800,1610,69,3,344.04,1032.12
4801,1610,57,3,205.71,617.13
4802,1610,15,4,352.09,1408.36
4803,1611,10,3,360.85,1082.55
4804,1611,53,2,139.79,279.58
4805,1612,76,3,383.36,1150.08
4806,1612,74,2,363.83,727.66
4807,1613,12,4,230.11,920.44
4808,1613,32,3,196.26,588.78
4809,1613,74,5,363.83,1819.15
4810,1613,34,5,89.7,448.5
4811,1613,68,3,343.34,1030.02
4812,1614,18,1,60.08,60.08
4813,1615,47,4,141.19,564.76
4814,1615,28,2,44.08,88.16
4815,1615,42,4,347.2,1388.8
4816,1616,59,3,259.67,779.01
4817,1616,43,2,345.46,690.92
4818,1617,33,5,321.49,1607.45
4819,1617,3,2,119.37,238.74
4820,1617,16,4,146.16,584.64
4821,1618,51,4,203.86,815.44
4822,1618,7,5,24.6,123.0
4823,1618,8,5,124.0,620.0
4824,1618,48,1,457.44,457.44
4825,1619,56,1,219.93,219.93
4826,1619,65,3,498.1,1494.3
4827,1619,69,4,344.04,1376.16
4828,1619,37,5,327.54,1637.7
4829,1619,43,1,345.46,345.46
4830,1620,73,1,232.32,232.32
4831,1621,15,5,352.09,1760.45
4832,1621,21,5,405.49,2027.45
4833,1621,12,5,230.11,1150.55
4834,1621,60,5,380.33,1901.65
4835,1621,25,1,416.41,416.41
4836,1622,36,4,353.89,1415.56
4837,1622,58,2,498.69,997.38
4838,1622,43,1,345.46,345.46
4839,1622,24,5,48.61,243.05
4840,1623,59,5,259.67,1298.35
4841,1623,56,1,219.93,219.93
4842,1623,52,5,325.0,1625.0
4843,1624,1,5,323.32,1616.6
4844,1624,50,1,114.19,114.19
4845,1624,2,2,373.36,746.72
4846,1625,55,2,138.74,277.48
4847,1625,34,2,89.7,179.4
4848,1625,75,3,139.06,417.18
4849,1626,59,2,259.67,519.34
4850,1626,74,3,363.83,1091.49
4851,1626,74,2,363.83,727.66
4852,1626,25,2,416.41,832.82
4853,1626,27,3,292.9,878.7
4854,1627,13,1,406.62,406.62
4855,1627,69,5,344.04,1720.2
4856,1628,17,5,479.03,2395.15
4857,1629,9,3,23.0,69.0
4858,1629,41,2,494.87,989.74
4859,1629,27,2,292.9,585.8
4860,1630,21,4,405.49,1621.96
4861,1630,35,2,112.66,225.32
4862,1630,28,3,44.08,132.24
4863,1631,18,4,60.08,240.32
4864,1632,49,1,439.42,439.42
4865,1633,27,4,292.9,1171.6
4866,1633,7,4,24.6,98.4
4867,1633,57,4,205.71,822.84
4868,1633,26,2,443.87,887.74
4869,1634,76,1,383.36,383.36
4870,1634,12,2,230.11,460.22
4871,1634,65,5,498.1,2490.5
4872,1634,67,1,431.78,431.78
4873,1635,27,1,292.9,292.9
4874,1635,63,5,216.86,1084.3
4875,1636,41,4,494.87,1979.48
4876,1636,25,2,416.41,832.82
4877,1636,12,5,230.11,1150.55
4878,1637,62,3,88.39,265.17
4879,1637,66,1,133.19,133.19
4880,1637,59,1,259.67,259.67
4881,1638,49,4,439.42,1757.68
4882,1639,13,3,406.62,1219.86
4883,1639,47,3,141.19,423.57
4884,1639,9,4,23.0,92.0
4885,1639,39,2,367.27,734.54
4886,1640,50,4,114.19,456.76
4887,1641,36,3,353.89,1061.67
4888,1642,19,2,57.39,114.78
4889,1643,73,1,232.32,232.32
4890,1643,17,5,479.03,2395.15
4891,1644,18,4,60.08,240.32
4892,1644,5,1,447.17,447.17
4893,1645,27,3,292.9,878.7
4894,1645,48,5,457.44,2287.2
4895,1645,54,2,375.04,750.08
4896,1645,54,2,375.04,750.08
4897,1645,23,5,486.83,2434.15
4898,1646,24,3,48.61,145.83
4899,1646,15,2,352.09,704.18
4900,1647,64,2,198.54,397.08
4901,1648,52,3,325.0,975.0
4902,1648,34,5,89.7,448.5
4903,1648,42,1,347.2,347.2
4904,1649,43,1,345.46,345.46
4905,1650,5,2,447.17,894.34
4906,1650,53,1,139.79,139.79
4907,1650,70,4,377.93,1511.72
4908,1650,77,5,457.19,2285.95
4909,1651,21,1,405.49,405.49
4910,1651,2,3,373.36,1120.08
4911,1652,12,4,230.11,920.44
4912,1652,9,1,23.0,23.0
4913,1653,60,4,380.33,1521.32
4914,1653,69,4,344.04,1376.16
4915,1653,18,5,60.08,300.4
4916,1653,1,3,323.32,969.96
4917,1654,61,3,63.73,191.19
4918,1654,17,3,479.03,1437.09
4919,1654,70,3,377.93,1133.79
4920,1654,79,1,323.09,323.09
4921,1655,64,5,198.54,992.7
4922,1655,26,2,443.87,887.74
4923,1655,29,5,121.67,608.35
4924,1655,17,2,479.03,958.06
4925,1656,11,1,277.02,277.02
4926,1656,52,3,325.0,975.0
4927,1657,14,2,381.82,763.64
4928,1657,29,3,121.67,365.01
4929,1657,24,3,48.61,145.83
4930,1657,43,4,345.46,1381.84
4931,1657,76,5,383.36,1916.8
4932,1658,74,3,363.83,1091.49
4933,1658,17,3,479.03,1437.09
4934,1658,55,3,138.74,416.22
4935,1658,19,5,57.39,286.95
4936,1658,5,4,447.17,1788.68
4937,1659,26,2,443.87,887.74
4938,1660,19,1,57.39,57.39
4939,1661,21,4,405.49,1621.96
4940,1661,42,1,347.2,347.2
4941,1662,62,4,88.39,353.56
4942,1662,45,2,122.23,244.46
4943,1662,74,4,363.83,1455.32
4944,1662,58,2,498.69,997.38
4945,1662,59,5,259.67,1298.35
4946,1663,70,4,377.93,1511.72
4947,1663,16,3,146.16,438.48
4948,1663,66,3,133.19,399.57
4949,1664,24,3,48.61,145.83
4950,1664,44,4,386.47,1545.88
4951,1664,71,4,324.07,1296.28
4952,1665,44,5,386.47,1932.35
4953,1666,9,3,23.0,69.0
4954,1666,55,1,138.74,138.74
4955,1666,70,2,377.93,755.86
4956,1667,30,4,492.76,1971.04
4957,1668,16,5,146.16,730.8
4958,1669,17,3,479.03,1437.09
4959,1669,40,4,236.51,946.04
4960,1669,56,5,219.93,1099.65
4961,1670,65,2,498.1,996.2
4962,1671,66,2,133.19,266.38
4963,1671,19,2,57.39,114.78
4964,1671,3,2,119.37,238.74
4965,1671,46,5,404.47,2022.35
4966,1672,20,5,178.54,892.7
4967,1672,68,5,343.34,1716.7
4968,1672,7,5,24.6,123.0
4969,1672,47,5,141.19,705.95
4970,1672,30,5,492.76,2463.8
4971,1673,48,2,457.44,914.88
4972,1673,13,2,406.62,813.24
4973,1674,29,2,121.67,243.34
4974,1674,70,5,377.93,1889.65
4975,1674,55,2,138.74,277.48
4976,1674,36,1,353.89,353.89
4977,1674,52,3,325.0,975.0
4978,1675,67,4,431.78,1727.12
4979,1675,61,4,63.73,254.92
4980,1675,42,2,347.2,694.4
4981,1675,39,1,367.27,367.27
4982,1676,33,5,321.49,1607.45
4983,1677,27,5,292.9,1464.5
4984,1677,77,1,457.19,457.19
4985,1677,8,4,124.0,496.0
4986,1678,19,4,57.39,229.56
4987,1678,21,2,405.49,810.98
4988,1679,21,4,405.49,1621.96
4989,1679,51,5,203.86,1019.3
4990,1679,25,2,416.41,832.82
4991,1679,45,1,122.23,122.23
4992,1680,36,2,353.89,707.78
4993,1680,52,1,325.0,325.0
4994,1681,20,2,178.54,357.08
4995,1681,57,2,205.71,411.42
4996,1681,36,3,353.89,1061.67
4997,1681,2,1,373.36,373.36
4998,1681,67,3,431.78,1295.34
4999,1682,14,5,381.82,1909.1
5000,1682,61,2,63.73,127.46
5001,1682,57,3,205.71,617.13
5002,1682,16,5,146.16,730.8
5003,1682,79,4,323.09,1292.36
5004,1683,10,3,360.85,1082.55
5005,1683,35,1,112.66,112.66
5006,1684,33,1,321.49,321.49
5007,1684,60,4,380.33,1521.32
5008,1684,75,2,139.06,278.12
5009,1684,63,3,216.86,650.58
5010,1685,67,1,431.78,431.78
5011,1685,12,5,230.11,1150.55
5012,1686,47,2,141.19,282.38
5013,1686,64,4,198.54,794.16
5014,1686,54,1,375.04,375.04
5015,1686,14,3,381.82,1145.46
5016,1686,36,3,353.89,1061.67
5017,1687,43,4,345.46,1381.84
5018,1687,33,3,321.49,964.47
5019,1687,11,1,277.02,277.02
5020,1687,13,4,406.62,1626.48
5021,1687,32,5,196.26,981.3
5022,1688,29,5,121.67,608.35
5023,1688,56,3,219.93,659.79
5024,1688,14,4,381.82,1527.28
5025,1688,72,5,153.82,769.1
5026,1689,49,5,439.42,2197.1
5027,1689,67,4,431.78,1727.12
5028,1689,6,5,299.34,1496.7
5029,1689,14,5,381.82,1909.1
5030,1689,13,5,406.62,2033.1
5031,1690,16,2,146.16,292.32
5032,1691,75,5,139.06,695.3
5033,1691,54,4,375.04,1500.16
5034,1691,6,3,299.34,898.02
5035,1692,59,5,259.67,1298.35
5036,1692,67,1,431.78,431.78
5037,1692,52,4,325.0,1300.0
5038,1692,4,2,60.22,120.44
5039,1693,24,1,48.61,48.61
5040,1693,43,1,345.46,345.46
5041,1693,38,4,321.14,1284.56
5042,1693,4,4,60.22,240.88
5043,1693,33,3,321.49,964.47
5044,1694,46,2,404.47,808.94
5045,1694,36,4,353.89,1415.56
5046,1694,7,3,24.6,73.8
5047,1695,34,2,89.7,179.4
5048,1695,27,5,292.9,1464.5
5049,1695,71,3,324.07,972.21
5050,1695,52,3,325.0,975.0
5051,1696,64,1,198.54,198.54
5052,1696,43,3,345.46,1036.38
5053,1697,69,2,344.04,688.08
5054,1697,41,3,494.87,1484.61
5055,1697,13,1,406.62,406.62
5056,1697,52,3,325.0,975.0
5057,1697,80,4,107.47,429.88
5058,1698,49,2,439.42,878.84
5059,1698,34,4,89.7,358.8
5060,1699,44,4,386.47,1545.88
5061,1699,47,2,141.19,282.38
5062,1699,22,3,235.12,705.36
5063,1700,15,2,352.09,704.18
5064,1701,40,5,236.51,1182.55
5065,1701,72,3,153.82,461.46
5066,1701,72,5,153.82,769.1
5067,1701,23,4,486.83,1947.32
5068,1701,80,1,107.47,107.47
5069,1702,12,1,230.11,230.11
5070,1702,77,4,457.19,1828.76
5071,1703,19,3,57.39,172.17
5072,1703,69,3,344.04,1032.12
5073,1703,51,2,203.86,407.72
5074,1704,14,3,381.82,1145.46
5075,1704,79,5,323.09,1615.45
5076,1704,11,3,277.02,831.06
5077,1704,29,4,121.67,486.68
5078,1705,32,5,196.26,981.3
5079,1706,36,1,353.89,353.89
5080,1706,64,2,198.54,397.08
5081,1707,32,2,196.26,392.52
5082,1707,57,2,205.71,411.42
5083,1708,2,3,373.36,1120.08
5084,1708,32,1,196.26,196.26
5085,1709,62,4,88.39,353.56
5086,1709,54,5,375.04,1875.2
5087,1709,71,5,324.07,1620.35
5088,1709,25,4,416.41,1665.64
5089,1709,24,5,48.61,243.05
5090,1710,52,5,325.0,1625.0
5091,1710,50,3,114.19,342.57
5092,1710,47,3,141.19,423.57
5093,1710,56,3,219.93,659.79
5094,1710,47,2,141.19,282.38
5095,1711,70,3,377.93,1133.79
5096,1711,10,2,360.85,721.7
5097,1711,42,2,347.2,694.4
5098,1712,75,2,139.06,278.12
5099,1712,13,5,406.62,2033.1
5100,1712,61,5,63.73,318.65
5101,1712,41,1,494.87,494.87
5102,1712,78,2,316.4,632.8
5103,1713,71,2,324.07,648.14
5104,1713,60,3,380.33,1140.99
5105,1713,74,1,363.83,363.83
5106,1714,80,4,107.47,429.88
5107,1714,64,5,198.54,992.7
5108,1714,56,1,219.93,219.93
5109,1714,22,1,235.12,235.12
5110,1715,58,5,498.69,2493.45
5111,1715,8,3,124.0,372.0
5112,1715,62,2,88.39,176.78
5113,1715,9,3,23.0,69.0
5114,1715,9,3,23.0,69.0
5115,1716,33,1,321.49,321.49
5116,1716,77,4,457.19,1828.76
5117,1716,56,2,219.93,439.86
5118,1716,51,2,203.86,407.72
5119,1716,58,3,498.69,1496.07
5120,1717,39,3,367.27,1101.81
5121,1717,30,5,492.76,2463.8
5122,1717,66,4,133.19,532.76
5123,1717,19,5,57.39,286.95
5124,1717,76,3,383.36,1150.08
5125,1718,79,1,323.09,323.09
5126,1719,76,1,383.36,383.36
5127,1719,10,5,360.85,1804.25
5128,1719,9,5,23.0,115.0
5129,1720,21,2,405.49,810.98
5130,1720,32,5,196.26,981.3
5131,1720,23,2,486.83,973.66
5132,1720,4,4,60.22,240.88
5133,1721,43,1,345.46,345.46
5134,1722,52,5,325.0,1625.0
5135,1723,53,4,139.79,559.16
5136,1723,61,2,63.73,127.46
5137,1723,44,2,386.47,772.94
5138,1723,13,3,406.62,1219.86
5139,1724,23,4,486.83,1947.32
5140,1724,33,4,321.49,1285.96
5141,1724,12,2,230.11,460.22
5142,1725,52,2,325.0,650.0
5143,1725,30,3,492.76,1478.28
5144,1725,11,3,277.02,831.06
5145,1726,13,5,406.62,2033.1
5146,1726,33,1,321.49,321.49
5147,1726,78,1,316.4,316.4
5148,1726,72,1,153.82,153.82
5149,1727,13,2,406.62,813.24
5150,1727,1,5,323.32,1616.6
5151,1727,2,1,373.36,373.36
5152,1728,50,3,114.19,342.57
5153,1728,4,5,60.22,301.1
5154,1728,73,3,232.32,696.96
5155,1729,23,2,486.83,973.66
5156,1730,64,2,198.54,397.08
5157,1730,69,2,344.04,688.08
5158,1730,45,1,122.23,122.23
5159,1730,20,5,178.54,892.7
5160,1730,48,5,457.44,2287.2
5161,1731,57,2,205.71,411.42
5162,1731,65,2,498.1,996.2
5163,1732,4,5,60.22,301.1
5164,1732,5,5,447.17,2235.85
5165,1732,16,3,146.16,438.48
5166,1732,38,1,321.14,321.14
5167,1733,24,5,48.61,243.05
5168,1733,67,2,431.78,863.56
5169,1733,13,4,406.62,1626.48
5170,1734,78,2,316.4,632.8
5171,1734,79,3,323.09,969.27
5172,1735,71,4,324.07,1296.28
5173,1735,58,1,498.69,498.69
5174,1735,71,1,324.07,324.07
5175,1735,44,2,386.47,772.94
5176,1736,19,2,57.39,114.78
5177,1736,63,2,216.86,433.72
5178,1736,52,1,325.0,325.0
5179,1737,8,4,124.0,496.0
5180,1737,76,1,383.36,383.36
5181,1737,67,1,431.78,431.78
5182,1738,68,5,343.34,1716.7
5183,1738,74,5,363.83,1819.15
5184,1738,67,4,431.78,1727.12
5185,1739,26,3,443.87,1331.61
5186,1739,42,2,347.2,694.4
5187,1739,58,2,498.69,997.38
5188,1739,38,4,321.14,1284.56
5189,1739,52,4,325.0,1300.0
5190,1740,11,4,277.02,1108.08
5191,1740,4,4,60.22,240.88
5192,1740,14,3,381.82,1145.46
5193,1740,72,4,153.82,615.28
5194,1741,50,3,114.19,342.57
5195,1741,64,3,198.54,595.62
5196,1741,8,5,124.0,620.0
5197,1741,6,2,299.34,598.68
5198,1741,12,3,230.11,690.33
5199,1742,74,5,363.83,1819.15
5200,1742,23,3,486.83,1460.49
5201,1742,7,5,24.6,123.0
5202,1742,4,1,60.22,60.22
5203,1742,39,4,367.27,1469.08
5204,1743,46,5,404.47,2022.35
5205,1743,7,4,24.6,98.4
5206,1744,68,2,343.34,686.68
5207,1744,66,3,133.19,399.57
5208,1744,6,2,299.34,598.68
5209,1744,13,4,406.62,1626.48
5210,1744,24,2,48.61,97.22
5211,1745,10,2,360.85,721.7
5212,1745,64,2,198.54,397.08
5213,1745,74,5,363.83,1819.15
5214,1746,6,4,299.34,1197.36
5215,1747,15,3,352.09,1056.27
5216,1747,1,2,323.32,646.64
5217,1748,23,4,486.83,1947.32
5218,1748,30,3,492.76,1478.28
5219,1748,52,1,325.0,325.0
5220,1749,19,5,57.39,286.95
5221,1749,32,5,196.26,981.3
5222,1750,55,5,138.74,693.7
5223,1750,40,2,236.51,473.02
5224,1750,35,4,112.66,450.64
5225,1751,54,4,375.04,1500.16
5226,1752,36,2,353.89,707.78
5227,1752,63,3,216.86,650.58
5228,1752,77,1,457.19,457.19
5229,1752,51,1,203.86,203.86
5230,1753,17,2,479.03,958.06
5231,1753,10,1,360.85,360.85
5232,1753,15,2,352.09,704.18
5233,1753,63,1,216.86,216.86
5234,1754,69,3,344.04,1032.12
5235,1754,22,3,235.12,705.36
5236,1755,37,5,327.54,1637.7
5237,1755,37,3,327.54,982.62
5238,1755,73,3,232.32,696.96
5239,1755,14,1,381.82,381.82
5240,1756,26,1,443.87,443.87
5241,1756,72,4,153.82,615.28
5242,1756,26,2,443.87,887.74
5243,1756,67,1,431.78,431.78
5244,1757,62,1,88.39,88.39
5245,1757,15,2,352.09,704.18
5246,1757,5,4,447.17,1788.68
5247,1757,24,1,48.61,48.61
5248,1758,31,4,124.07,496.28
5249,1759,48,4,457.44,1829.76
5250,1759,19,4,57.39,229.56
5251,1759,77,1,457.19,457.19
5252,1759,65,2,498.1,996.2
5253,1759,27,3,292.9,878.7
5254,1760,73,1,232.32,232.32
5255,1761,44,3,386.47,1159.41
5256,1761,23,3,486.83,1460.49
5257,1762,26,1,443.87,443.87
5258,1762,51,4,203.86,815.44
5259,1762,20,3,178.54,535.62
5260,1762,65,1,498.1,498.1
5261,1763,24,2,48.61,97.22
5262,1763,43,4,345.46,1381.84
5263,1764,57,1,205.71,205.71
5264,1765,78,5,316.4,1582.0
5265,1765,37,5,327.54,1637.7
5266,1766,19,5,57.39,286.95
5267,1766,41,1,494.87,494.87
5268,1767,9,4,23.0,92.0
5269,1768,69,1,344.04,344.04
5270,1768,80,2,107.47,214.94
5271,1768,42,3,347.2,1041.6
5272,1768,5,2,447.17,894.34
5273,1768,14,2,381.82,763.64
5274,1769,49,1,439.42,439.42
5275,1770,8,4,124.0,496.0
5276,1770,73,1,232.32,232.32
5277,1770,29,1,121.67,121.67
5278,1770,73,5,232.32,1161.6
5279,1770,10,1,360.85,360.85
5280,1771,74,4,363.83,1455.32
5281,1771,37,5,327.54,1637.7
5282,1771,50,4,114.19,456.76
5283,1771,31,4,124.07,496.28
5284,1772,33,3,321.49,964.47
5285,1772,59,4,259.67,1038.68
5286,1772,20,4,178.54,714.16
5287,1772,69,3,344.04,1032.12
5288,1772,29,2,121.67,243.34
5289,1773,23,4,486.83,1947.32
5290,1773,33,2,321.49,642.98
5291,1773,48,1,457.44,457.44
5292,1774,39,2,367.27,734.54
5293,1774,6,4,299.34,1197.36
5294,1774,53,5,139.79,698.95
5295,1774,30,4,492.76,1971.04
5296,1775,46,2,404.47,808.94
5297,1775,52,4,325.0,1300.0
5298,1776,59,4,259.67,1038.68
5299,1776,57,4,205.71,822.84
5300,1776,60,3,380.33,1140.99
5301,1776,44,3,386.47,1159.41
5302,1777,18,5,60.08,300.4
5303,1777,27,2,292.9,585.8
5304,1777,28,2,44.08,88.16
5305,1777,73,2,232.32,464.64
5306,1778,47,4,141.19,564.76
5307,1778,71,4,324.07,1296.28
5308,1778,48,3,457.44,1372.32
5309,1778,28,4,44.08,176.32
5310,1778,19,4,57.39,229.56
5311,1779,70,4,377.93,1511.72
5312,1780,80,4,107.47,429.88
5313,1780,7,2,24.6,49.2
5314,1780,28,3,44.08,132.24
5315,1781,21,4,405.49,1621.96
5316,1781,67,4,431.78,1727.12
5317,1781,24,4,48.61,194.44
5318,1781,4,2,60.22,120.44
5319,1781,50,5,114.19,570.95
5320,1782,35,5,112.66,563.3
5321,1782,20,4,178.54,714.16
5322,1783,26,2,443.87,887.74
5323,1783,53,3,139.79,419.37
5324,1783,60,2,380.33,760.66
5325,1783,17,4,479.03,1916.12
5326,1783,41,5,494.87,2474.35
5327,1784,68,1,343.34,343.34
5328,1784,13,1,406.62,406.62
5329,1784,11,1,277.02,277.02
5330,1784,2,1,373.36,373.36
5331,1784,43,1,345.46,345.46
5332,1785,46,2,404.47,808.94
5333,1785,20,2,178.54,357.08
5334,1785,40,1,236.51,236.51
5335,1786,80,3,107.47,322.41
5336,1786,75,4,139.06,556.24
5337,1786,61,3,63.73,191.19
5338,1787,38,3,321.14,963.42
5339,1787,13,5,406.62,2033.1
5340,1788,20,2,178.54,357.08
5341,1788,54,1,375.04,375.04
5342,1789,80,4,107.47,429.88
5343,1789,21,5,405.49,2027.45
5344,1789,71,4,324.07,1296.28
5345,1789,36,2,353.89,707.78
5346,1789,15,2,352.09,704.18
5347,1790,13,1,406.62,406.62
5348,1790,18,4,60.08,240.32
5349,1790,61,4,63.73,254.92
5350,1790,62,2,88.39,176.78
5351,1791,76,3,383.36,1150.08
5352,1792,75,5,139.06,695.3
5353,1792,24,4,48.61,194.44
5354,1792,3,4,119.37,477.48
5355,1792,73,3,232.32,696.96
5356,1793,11,3,277.02,831.06
5357,1793,9,2,23.0,46.0
5358,1793,18,5,60.08,300.4
5359,1794,51,2,203.86,407.72
5360,1794,15,2,352.09,704.18
5361,1794,42,3,347.2,1041.6
5362,1795,46,5,404.47,2022.35
5363,1796,3,5,119.37,596.85
5364,1796,76,4,383.36,1533.44
5365,1796,22,3,235.12,705.36
5366,1796,33,2,321.49,642.98
5367,1797,36,5,353.89,1769.45
5368,1797,4,4,60.22,240.88
5369,1797,41,2,494.87,989.74
5370,1797,7,2,24.6,49.2
5371,1797,40,3,236.51,709.53
5372,1798,56,3,219.93,659.79
5373,1798,6,3,299.34,898.02
5374,1798,59,1,259.67,259.67
5375,1798,43,5,345.46,1727.3
5376,1799,17,5,479.03,2395.15
5377,1800,74,1,363.83,363.83
5378,1801,49,2,439.42,878.84
5379,1801,61,4,63.73,254.92
5380,1801,50,1,114.19,114.19
5381,1802,49,3,439.42,1318.26
5382,1802,47,5,141.19,705.95
5383,1802,55,4,138.74,554.96
5384,1803,17,3,479.03,1437.09
5385,1803,34,5,89.7,448.5
5386,1803,25,4,416.41,1665.64
5387,1804,35,1,112.66,112.66
5388,1804,58,1,498.69,498.69
5389,1804,41,5,494.87,2474.35
5390,1805,3,2,119.37,238.74
5391,1806,32,1,196.26,196.26
5392,1807,48,1,457.44,457.44
5393,1807,20,5,178.54,892.7
5394,1808,12,1,230.11,230.11
5395,1808,2,1,373.36,373.36
5396,1809,80,1,107.47,107.47
5397,1809,20,5,178.54,892.7
5398,1809,59,3,259.67,779.01
5399,1810,79,1,323.09,323.09
5400,1811,18,2,60.08,120.16
5401,1812,24,1,48.61,48.61
5402,1813,1,4,323.32,1293.28
5403,1814,27,1,292.9,292.9
5404,1814,11,4,277.02,1108.08
5405,1815,68,2,343.34,686.68
5406,1815,61,2,63.73,127.46
5407,1815,64,5,198.54,992.7
5408,1816,61,3,63.73,191.19
5409,1816,76,1,383.36,383.36
5410,1817,24,5,48.61,243.05
5411,1817,1,1,323.32,323.32
5412,1817,23,2,486.83,973.66
5413,1817,34,2,89.7,179.4
5414,1818,74,2,363.83,727.66
5415,1818,16,1,146.16,146.16
5416,1818,25,2,416.41,832.82
5417,1818,42,2,347.2,694.4
5418,1818,21,4,405.49,1621.96
5419,1819,38,5,321.14,1605.7
5420,1819,53,5,139.79,698.95
5421,1819,37,2,327.54,655.08
5422,1819,55,3,138.74,416.22
5423,1819,45,2,122.23,244.46
5424,1820,1,3,323.32,969.96
5425,1820,37,2,327.54,655.08
5426,1820,9,1,23.0,23.0
5427,1820,9,4,23.0,92.0
5428,1820,45,1,122.23,122.23
5429,1821,56,1,219.93,219.93
5430,1821,58,1,498.69,498.69
5431,1821,12,3,230.11,690.33
5432,1821,76,3,383.36,1150.08
5433,1821,78,1,316.4,316.4
5434,1822,34,3,89.7,269.1
5435,1822,58,3,498.69,1496.07
5436,1822,62,3,88.39,265.17
5437,1822,64,3,198.54,595.62
5438,1822,63,3,216.86,650.58
5439,1823,25,2,416.41,832.82
5440,1823,76,2,383.36,766.72
5441,1823,6,3,299.34,898.02
5442,1823,53,4,139.79,559.16
5443,1823,60,3,380.33,1140.99
5444,1824,60,4,380.33,1521.32
5445,1824,58,2,498.69,997.38
5446,1824,19,4,57.39,229.56
5447,1824,54,1,375.04,375.04
5448,1825,41,4,494.87,1979.48
5449,1825,20,4,178.54,714.16
5450,1826,2,4,373.36,1493.44
5451,1826,23,2,486.83,973.66
5452,1826,76,2,383.36,766.72
5453,1827,13,1,406.62,406.62
5454,1827,51,4,203.86,815.44
5455,1828,35,3,112.66,337.98
5456,1828,26,1,443.87,443.87
5457,1829,51,2,203.86,407.72
5458,1829,39,5,367.27,1836.35
5459,1829,36,2,353.89,707.78
5460,1829,25,4,416.41,1665.64
5461,1830,64,4,198.54,794.16
5462,1830,56,2,219.93,439.86
5463,1830,63,1,216.86,216.86
5464,1830,46,1,404.47,404.47
5465,1830,9,3,23.0,69.0
5466,1831,78,3,316.4,949.2
5467,1831,19,2,57.39,114.78
5468,1831,67,4,431.78,1727.12
5469,1831,28,4,44.08,176.32
5470,1832,2,3,373.36,1120.08
5471,1832,21,3,405.49,1216.47
5472,1832,40,5,236.51,1182.55
5473,1832,55,5,138.74,693.7
5474,1833,77,2,457.19,914.38
5475,1834,37,3,327.54,982.62
5476,1834,48,2,457.44,914.88
5477,1834,48,5,457.44,2287.2
5478,1834,61,1,63.73,63.73
5479,1834,3,4,119.37,477.48
5480,1835,54,2,375.04,750.08
5481,1835,27,3,292.9,878.7
5482,1835,30,3,492.76,1478.28
5483,1836,36,5,353.89,1769.45
5484,1836,44,5,386.47,1932.35
5485,1836,43,2,345.46,690.92
5486,1836,17,3,479.03,1437.09
5487,1837,30,5,492.76,2463.8
5488,1837,79,2,323.09,646.18
5489,1837,32,4,196.26,785.04
5490,1837,73,4,232.32,929.28
5491,1837,3,3,119.37,358.11
5492,1838,13,4,406.62,1626.48
5493,1838,19,5,57.39,286.95
5494,1838,42,1,347.2,347.2
5495,1838,68,4,343.34,1373.36
5496,1838,60,5,380.33,1901.65
5497,1839,9,4,23.0,92.0
5498,1839,50,2,114.19,228.38
5499,1839,36,2,353.89,707.78
5500,1840,8,4,124.0,496.0
5501,1840,32,2,196.26,392.52
5502,1840,1,3,323.32,969.96
5503,1841,80,4,107.47,429.88
5504,1841,72,2,153.82,307.64
5505,1841,35,3,112.66,337.98
5506,1842,41,5,494.87,2474.35
5507,1842,69,2,344.04,688.08
5508,1842,25,5,416.41,2082.05
5509,1842,78,1,316.4,316.4
5510,1843,8,2,124.0,248.0
5511,1843,68,5,343.34,1716.7
5512,1843,37,2,327.54,655.08
5513,1844,55,1,138.74,138.74
5514,1844,39,3,367.27,1101.81
5515,1844,27,2,292.9,585.8
5516,1844,38,1,321.14,321.14
5517,1845,54,1,375.04,375.04
5518,1846,60,2,380.33,760.66
5519,1846,58,4,498.69,1994.76
5520,1846,72,2,153.82,307.64
5521,1847,57,3,205.71,617.13
5522,1847,14,3,381.82,1145.46
5523,1847,59,3,259.67,779.01
5524,1847,26,5,443.87,2219.35
5525,1847,59,3,259.67,779.01
5526,1848,76,2,383.36,766.72
5527,1848,42,1,347.2,347.2
5528,1849,7,3,24.6,73.8
5529,1850,62,3,88.39,265.17
5530,1850,19,3,57.39,172.17
5531,1850,49,5,439.42,2197.1
5532,1850,4,4,60.22,240.88
5533,1850,42,4,347.2,1388.8
5534,1851,42,5,347.2,1736.0
5535,1851,5,3,447.17,1341.51
5536,1852,73,5,232.32,1161.6
5537,1852,6,5,299.34,1496.7
5538,1852,8,2,124.0,248.0
5539,1853,9,1,23.0,23.0
5540,1853,18,2,60.08,120.16
5541,1853,14,5,381.82,1909.1
5542,1853,21,2,405.49,810.98
5543,1854,47,3,141.19,423.57
5544,1855,11,4,277.02,1108.08
5545,1855,44,1,386.47,386.47
5546,1855,64,4,198.54,794.16
5547,1856,8,5,124.0,620.0
5548,1856,54,4,375.04,1500.16
5549,1856,20,5,178.54,892.7
5550,1856,12,2,230.11,460.22
5551,1856,58,2,498.69,997.38
5552,1857,34,2,89.7,179.4
5553,1858,8,5,124.0,620.0
5554,1858,4,1,60.22,60.22
5555,1859,62,1,88.39,88.39
5556,1859,6,2,299.34,598.68
5557,1860,20,2,178.54,357.08
5558,1860,65,3,498.1,1494.3
5559,1861,50,4,114.19,456.76
5560,1861,3,5,119.37,596.85
5561,1861,38,4,321.14,1284.56
5562,1862,54,5,375.04,1875.2
5563,1863,6,2,299.34,598.68
5564,1864,5,2,447.17,894.34
5565,1864,30,5,492.76,2463.8
5566,1864,63,1,216.86,216.86
5567,1864,45,1,122.23,122.23
5568,1864,75,3,139.06,417.18
5569,1865,22,4,235.12,940.48
5570,1865,28,2,44.08,88.16
5571,1865,69,1,344.04,344.04
5572,1865,80,3,107.47,322.41
5573,1865,35,5,112.66,563.3
5574,1866,66,4,133.19,532.76
5575,1866,21,2,405.49,810.98
5576,1866,78,3,316.4,949.2
5577,1867,26,3,443.87,1331.61
5578,1867,34,4,89.7,358.8
5579,1867,16,3,146.16,438.48
5580,1868,4,4,60.22,240.88
5581,1868,78,5,316.4,1582.0
5582,1868,52,2,325.0,650.0
5583,1868,24,1,48.61,48.61
5584,1869,50,1,114.19,114.19
5585,1870,26,5,443.87,2219.35
5586,1870,39,2,367.27,734.54
5587,1871,39,3,367.27,1101.81
5588,1871,60,1,380.33,380.33
5589,1871,30,5,492.76,2463.8
5590,1871,33,2,321.49,642.98
5591,1871,66,1,133.19,133.19
5592,1872,2,2,373.36,746.72
5593,1872,24,3,48.61,145.83
5594,1872,27,4,292.9,1171.6
5595,1873,42,4,347.2,1388.8
5596,1873,51,5,203.86,1019.3
5597,1873,22,4,235.12,940.48
5598,1873,62,5,88.39,441.95
5599,1874,37,2,327.54,655.08
5600,1874,10,5,360.85,1804.25
5601,1874,14,1,381.82,381.82
5602,1874,4,5,60.22,301.1
5603,1874,7,1,24.6,24.6
5604,1875,1,3,323.32,969.96
5605,1875,57,4,205.71,822.84
5606,1875,73,2,232.32,464.64
5607,1876,7,3,24.6,73.8
5608,1877,25,4,416.41,1665.64
5609,1877,48,1,457.44,457.44
5610,1878,54,1,375.04,375.04
5611,1878,39,1,367.27,367.27
5612,1878,16,3,146.16,438.48
5613,1879,34,4,89.7,358.8
5614,1879,27,1,292.9,292.9
5615,1880,61,2,63.73,127.46
5616,1881,15,1,352.09,352.09
5617,1882,59,5,259.67,1298.35
5618,1882,72,3,153.82,461.46
5619,1883,3,5,119.37,596.85
5620,1883,62,1,88.39,88.39
5621,1883,20,2,178.54,357.08
5622,1884,51,4,203.86,815.44
5623,1885,5,4,447.17,1788.68
5624,1886,60,4,380.33,1521.32
5625,1886,23,1,486.83,486.83
5626,1886,74,1,363.83,363.83
5627,1886,9,3,23.0,69.0
5628,1887,62,2,88.39,176.78
5629,1887,35,1,112.66,112.66
5630,1887,35,2,112.66,225.32
5631,1888,58,1,498.69,498.69
5632,1888,6,5,299.34,1496.7
5633,1889,72,4,153.82,615.28
5634,1889,30,1,492.76,492.76
5635,1889,37,3,327.54,982.62
5636,1889,12,5,230.11,1150.55
5637,1890,59,4,259.67,1038.68
5638,1890,70,2,377.93,755.86
5639,1890,48,3,457.44,1372.32
5640,1891,70,2,377.93,755.86
5641,1891,42,3,347.2,1041.6
5642,1891,53,2,139.79,279.58
5643,1891,75,4,139.06,556.24
5644,1891,48,4,457.44,1829.76
5645,1892,38,2,321.14,642.28
5646,1892,64,5,198.54,992.7
5647,1892,53,3,139.79,419.37
5648,1893,12,5,230.11,1150.55
5649,1893,33,2,321.49,642.98
5650,1893,43,3,345.46,1036.38
5651,1893,60,4,380.33,1521.32
5652,1894,22,1,235.12,235.12
5653,1894,44,5,386.47,1932.35
5654,1894,19,5,57.39,286.95
5655,1894,44,5,386.47,1932.35
5656,1894,21,5,405.49,2027.45
5657,1895,27,4,292.9,1171.6
5658,1895,11,4,277.02,1108.08
5659,1896,65,5,498.1,2490.5
5660,1897,67,1,431.78,431.78
5661,1898,1,3,323.32,969.96
5662,1898,71,2,324.07,648.14
5663,1898,30,3,492.76,1478.28
5664,1898,63,1,216.86,216.86
5665,1898,42,3,347.2,1041.6
5666,1899,51,5,203.86,1019.3
5667,1899,51,2,203.86,407.72
5668,1899,74,3,363.83,1091.49
5669,1899,53,1,139.79,139.79
5670,1899,29,4,121.67,486.68
5671,1900,25,1,416.41,416.41
5672,1900,65,1,498.1,498.1
5673,1901,19,1,57.39,57.39
5674,1901,40,2,236.51,473.02
5675,1901,52,3,325.0,975.0
5676,1901,27,5,292.9,1464.5
5677,1902,25,1,416.41,416.41
5678,1903,4,3,60.22,180.66
5679,1904,27,2,292.9,585.8
5680,1905,9,3,23.0,69.0
5681,1906,16,4,146.16,584.64
5682,1906,46,4,404.47,1617.88
5683,1906,2,5,373.36,1866.8
5684,1906,39,3,367.27,1101.81
5685,1907,48,2,457.44,914.88
5686,1907,39,4,367.27,1469.08
5687,1907,80,5,107.47,537.35
5688,1907,62,5,88.39,441.95
5689,1908,6,4,299.34,1197.36
5690,1908,5,4,447.17,1788.68
5691,1908,41,3,494.87,1484.61
5692,1908,4,3,60.22,180.66
5693,1908,61,4,63.73,254.92
5694,1909,13,4,406.62,1626.48
5695,1909,76,5,383.36,1916.8
5696,1909,45,4,122.23,488.92
5697,1909,4,4,60.22,240.88
5698,1909,5,4,447.17,1788.68
5699,1910,61,3,63.73,191.19
5700,1911,12,1,230.11,230.11
5701,1911,32,1,196.26,196.26
5702,1911,59,4,259.67,1038.68
5703,1911,44,2,386.47,772.94
5704,1911,78,4,316.4,1265.6
5705,1912,42,3,347.2,1041.6
5706,1913,58,2,498.69,997.38
5707,1913,79,4,323.09,1292.36
5708,1913,13,1,406.62,406.62
5709,1913,17,5,479.03,2395.15
5710,1913,4,5,60.22,301.1
5711,1914,9,5,23.0,115.0
5712,1914,24,4,48.61,194.44
5713,1914,36,5,353.89,1769.45
5714,1914,50,5,114.19,570.95
5715,1915,33,5,321.49,1607.45
5716,1916,67,4,431.78,1727.12
5717,1917,58,3,498.69,1496.07
5718,1917,21,1,405.49,405.49
5719,1918,77,3,457.19,1371.57
5720,1918,55,1,138.74,138.74
5721,1918,20,1,178.54,178.54
5722,1919,62,4,88.39,353.56
5723,1919,32,1,196.26,196.26
5724,1920,23,4,486.83,1947.32
5725,1920,6,3,299.34,898.02
5726,1920,24,2,48.61,97.22
5727,1920,44,5,386.47,1932.35
5728,1921,30,4,492.76,1971.04
5729,1921,15,1,352.09,352.09
5730,1921,22,2,235.12,470.24
5731,1921,17,5,479.03,2395.15
5732,1922,4,4,60.22,240.88
5733,1922,64,3,198.54,595.62
5734,1922,56,1,219.93,219.93
5735,1922,68,3,343.34,1030.02
5736,1922,70,1,377.93,377.93
5737,1923,61,1,63.73,63.73
5738,1923,36,4,353.89,1415.56
5739,1923,72,4,153.82,615.28
5740,1923,9,1,23.0,23.0
5741,1924,34,3,89.7,269.1
5742,1925,52,5,325.0,1625.0
5743,1925,32,2,196.26,392.52
5744,1925,16,1,146.16,146.16
5745,1925,21,1,405.49,405.49
5746,1926,24,2,48.61,97.22
5747,1926,58,5,498.69,2493.45
5748,1926,48,5,457.44,2287.2
5749,1926,34,4,89.7,358.8
5750,1926,9,2,23.0,46.0
5751,1927,53,1,139.79,139.79
5752,1927,72,1,153.82,153.82
5753,1927,30,2,492.76,985.52
5754,1927,19,3,57.39,172.17
5755,1927,18,4,60.08,240.32
5756,1928,48,1,457.44,457.44
5757,1929,2,1,373.36,373.36
5758,1929,68,3,343.34,1030.02
5759,1929,75,5,139.06,695.3
5760,1929,2,3,373.36,1120.08
5761,1929,18,3,60.08,180.24
5762,1930,62,2,88.39,176.78
5763,1930,25,4,416.41,1665.64
5764,1931,62,2,88.39,176.78
5765,1931,13,2,406.62,813.24
5766,1931,50,5,114.19,570.95
5767,1931,70,1,377.93,377.93
5768,1932,17,5,479.03,2395.15
5769,1932,19,1,57.39,57.39
5770,1933,66,1,133.19,133.19
5771,1933,73,2,232.32,464.64
5772,1933,32,4,196.26,785.04
5773,1933,47,2,141.19,282.38
5774,1934,53,1,139.79,139.79
5775,1934,56,1,219.93,219.93
5776,1934,42,4,347.2,1388.8
5777,1935,25,3,416.41,1249.23
5778,1936,58,5,498.69,2493.45
5779,1936,29,2,121.67,243.34
5780,1936,62,5,88.39,441.95
5781,1936,66,4,133.19,532.76
5782,1937,31,5,124.07,620.35
5783,1937,67,3,431.78,1295.34
5784,1938,10,4,360.85,1443.4
5785,1938,77,1,457.19,457.19
5786,1938,54,1,375.04,375.04
5787,1938,72,1,153.82,153.82
5788,1939,6,3,299.34,898.02
5789,1939,36,4,353.89,1415.56
5790,1940,60,3,380.33,1140.99
5791,1940,39,5,367.27,1836.35
5792,1940,78,3,316.4,949.2
5793,1941,61,5,63.73,318.65
5794,1941,63,4,216.86,867.44
5795,1941,76,5,383.36,1916.8
5796,1942,77,5,457.19,2285.95
5797,1942,18,4,60.08,240.32
5798,1942,44,1,386.47,386.47
5799,1942,63,3,216.86,650.58
5800,1942,69,5,344.04,1720.2
5801,1943,9,3,23.0,69.0
5802,1943,35,3,112.66,337.98
5803,1943,37,5,327.54,1637.7
5804,1943,66,2,133.19,266.38
5805,1943,41,3,494.87,1484.61
5806,1944,73,2,232.32,464.64
5807,1944,45,3,122.23,366.69
5808,1945,43,5,345.46,1727.3
5809,1945,53,3,139.79,419.37
5810,1946,77,4,457.19,1828.76
5811,1946,25,5,416.41,2082.05
5812,1946,18,3,60.08,180.24
5813,1947,47,5,141.19,705.95
5814,1947,71,3,324.07,972.21
5815,1948,60,5,380.33,1901.65
5816,1948,67,2,431.78,863.56
5817,1949,38,2,321.14,642.28
5818,1950,77,3,457.19,1371.57
5819,1950,24,4,48.61,194.44
5820,1951,32,4,196.26,785.04
5821,1951,62,3,88.39,265.17
5822,1951,73,4,232.32,929.28
5823,1952,44,2,386.47,772.94
5824,1952,33,5,321.49,1607.45
5825,1952,10,3,360.85,1082.55
5826,1952,16,4,146.16,584.64
5827,1952,71,4,324.07,1296.28
5828,1953,9,2,23.0,46.0
5829,1954,64,4,198.54,794.16
5830,1954,71,5,324.07,1620.35
5831,1954,36,5,353.89,1769.45
5832,1955,54,2,375.04,750.08
5833,1955,35,1,112.66,112.66
5834,1955,55,4,138.74,554.96
5835,1955,77,1,457.19,457.19
5836,1955,61,4,63.73,254.92
5837,1956,41,1,494.87,494.87
5838,1956,18,2,60.08,120.16
5839,1956,16,3,146.16,438.48
5840,1956,7,1,24.6,24.6
5841,1957,36,1,353.89,353.89
5842,1958,69,3,344.04,1032.12
5843,1958,17,1,479.03,479.03
5844,1958,55,2,138.74,277.48
5845,1958,6,5,299.34,1496.7
5846,1958,8,1,124.0,124.0
5847,1959,44,5,386.47,1932.35
5848,1960,37,4,327.54,1310.16
5849,1960,31,2,124.07,248.14
5850,1960,29,5,121.67,608.35
5851,1961,74,3,363.83,1091.49
5852,1961,71,3,324.07,972.21
5853,1961,31,2,124.07,248.14
5854,1961,3,5,119.37,596.85
5855,1961,75,3,139.06,417.18
5856,1962,22,4,235.12,940.48
5857,1962,27,5,292.9,1464.5
5858,1963,3,2,119.37,238.74
5859,1963,12,5,230.11,1150.55
5860,1963,79,3,323.09,969.27
5861,1963,63,1,216.86,216.86
5862,1963,13,2,406.62,813.24
5863,1964,29,2,121.67,243.34
5864,1964,59,5,259.67,1298.35
5865,1964,22,2,235.12,470.24
5866,1964,29,3,121.67,365.01
5867,1965,1,2,323.32,646.64
5868,1966,56,5,219.93,1099.65
5869,1966,77,4,457.19,1828.76
5870,1966,58,2,498.69,997.38
5871,1967,13,1,406.62,406.62
5872,1967,53,4,139.79,559.16
5873,1968,20,4,178.54,714.16
5874,1968,79,4,323.09,1292.36
5875,1968,3,5,119.37,596.85
5876,1968,35,2,112.66,225.32
5877,1969,56,5,219.93,1099.65
5878,1969,44,3,386.47,1159.41
5879,1969,3,4,119.37,477.48
5880,1969,65,5,498.1,2490.5
5881,1970,57,5,205.71,1028.55
5882,1970,27,3,292.9,878.7
5883,1970,19,1,57.39,57.39
5884,1970,77,4,457.19,1828.76
5885,1971,52,2,325.0,650.0
5886,1971,28,3,44.08,132.24
5887,1972,52,3,325.0,975.0
5888,1972,32,3,196.26,588.78
5889,1972,30,4,492.76,1971.04
5890,1973,61,1,63.73,63.73
5891,1973,73,2,232.32,464.64
5892,1973,9,4,23.0,92.0
5893,1973,3,4,119.37,477.48
5894,1973,74,3,363.83,1091.49
5895,1974,49,1,439.42,439.42
5896,1974,63,4,216.86,867.44
5897,1974,58,4,498.69,1994.76
5898,1975,56,3,219.93,659.79
5899,1976,30,3,492.76,1478.28
5900,1976,47,3,141.19,423.57
5901,1976,62,2,88.39,176.78
5902,1977,29,5,121.67,608.35
5903,1977,67,5,431.78,2158.9
5904,1978,26,1,443.87,443.87
5905,1978,49,3,439.42,1318.26
5906,1978,7,2,24.6,49.2
5907,1978,12,2,230.11,460.22
5908,1978,12,5,230.11,1150.55
5909,1979,7,3,24.6,73.8
5910,1979,11,5,277.02,1385.1
5911,1979,33,4,321.49,1285.96
5912,1979,20,3,178.54,535.62
5913,1979,19,4,57.39,229.56
5914,1980,24,2,48.61,97.22
5915,1980,53,3,139.79,419.37
5916,1980,22,5,235.12,1175.6
5917,1981,30,1,492.76,492.76
5918,1982,7,5,24.6,123.0
5919,1982,23,3,486.83,1460.49
5920,1982,71,4,324.07,1296.28
5921,1982,55,2,138.74,277.48
5922,1982,31,1,124.07,124.07
5923,1983,78,1,316.4,316.4
5924,1983,9,1,23.0,23.0
5925,1984,23,5,486.83,2434.15
5926,1984,16,4,146.16,584.64
5927,1984,71,3,324.07,972.21
5928,1985,20,5,178.54,892.7
5929,1985,24,2,48.61,97.22
5930,1986,42,2,347.2,694.4
5931,1987,66,1,133.19,133.19
5932,1987,65,5,498.1,2490.5
5933,1987,8,4,124.0,496.0
5934,1988,22,1,235.12,235.12
5935,1988,61,2,63.73,127.46
5936,1989,31,5,124.07,620.35
5937,1989,48,5,457.44,2287.2
5938,1990,60,2,380.33,760.66
5939,1990,59,2,259.67,519.34
5940,1990,15,2,352.09,704.18
5941,1991,78,1,316.4,316.4
5942,1991,9,4,23.0,92.0
5943,1992,1,3,323.32,969.96
5944,1992,59,5,259.67,1298.35
5945,1993,51,5,203.86,1019.3
5946,1993,70,4,377.93,1511.72
5947,1993,68,4,343.34,1373.36
5948,1993,67,3,431.78,1295.34
5949,1994,74,4,363.83,1455.32
5950,1994,33,5,321.49,1607.45
5951,1994,53,2,139.79,279.58
5952,1994,65,4,498.1,1992.4
5953,1994,17,1,479.03,479.03
5954,1995,10,5,360.85,1804.25
5955,1995,48,3,457.44,1372.32
5956,1996,78,4,316.4,1265.6
5957,1997,49,3,439.42,1318.26
5958,1997,48,1,457.44,457.44
5959,1997,41,4,494.87,1979.48
5960,1997,26,1,443.87,443.87
5961,1998,56,2,219.93,439.86
5962,1998,58,5,498.69,2493.45
5963,1999,39,4,367.27,1469.08
5964,1999,32,2,196.26,392.52
5965,2000,30,4,492.76,1971.04
5966,2001,63,4,216.86,867.44
5967,2001,60,4,380.33,1521.32
5968,2001,48,2,457.44,914.88
5969,2002,17,4,479.03,1916.12
5970,2002,7,2,24.6,49.2
5971,2002,19,1,57.39,57.39
5972,2002,38,3,321.14,963.42
5973,2003,45,4,122.23,488.92
5974,2004,56,1,219.93,219.93
5975,2004,77,3,457.19,1371.57
5976,2004,46,5,404.47,2022.35
5977,2004,71,4,324.07,1296.28
5978,2005,62,1,88.39,88.39
5979,2006,43,2,345.46,690.92
5980,2006,40,5,236.51,1182.55
5981,2006,22,1,235.12,235.12
5982,2007,19,5,57.39,286.95
5983,2008,8,1,124.0,124.0
5984,2008,66,2,133.19,266.38
5985,2008,67,3,431.78,1295.34
5986,2009,58,4,498.69,1994.76
5987,2010,79,4,323.09,1292.36
5988,2010,45,5,122.23,611.15
5989,2010,42,3,347.2,1041.6
5990,2011,7,5,24.6,123.0
5991,2011,75,1,139.06,139.06
5992,2011,57,4,205.71,822.84
5993,2012,66,1,133.19,133.19
5994,2012,71,5,324.07,1620.35
5995,2012,65,1,498.1,498.1
5996,2012,20,4,178.54,714.16
5997,2013,57,3,205.71,617.13
5998,2013,19,2,57.39,114.78
5999,2013,26,1,443.87,443.87
6000,2014,50,3,114.19,342.57
6001,2014,51,2,203.86,407.72
6002,2014,6,1,299.34,299.34
6003,2014,39,1,367.27,367.27
6004,2014,18,2,60.08,120.16
6005,2015,73,2,232.32,464.64
6006,2015,54,2,375.04,750.08
6007,2015,55,5,138.74,693.7
6008,2015,73,3,232.32,696.96
6009,2016,1,1,323.32,323.32
6010,2016,21,1,405.49,405.49
6011,2017,62,1,88.39,88.39
6012,2017,29,4,121.67,486.68
6013,2017,22,4,235.12,940.48
6014,2018,11,4,277.02,1108.08
6015,2019,79,3,323.09,969.27
6016,2019,61,3,63.73,191.19
6017,2019,74,5,363.83,1819.15
6018,2020,43,3,345.46,1036.38
6019,2020,68,2,343.34,686.68
6020,2020,76,5,383.36,1916.8
6021,2020,36,5,353.89,1769.45
6022,2020,32,2,196.26,392.52
6023,2021,56,4,219.93,879.72
6024,2022,43,5,345.46,1727.3
6025,2022,39,4,367.27,1469.08
6026,2022,52,1,325.0,325.0
6027,2023,39,3,367.27,1101.81
6028,2023,14,2,381.82,763.64
6029,2023,72,2,153.82,307.64
6030,2023,29,2,121.67,243.34
6031,2023,60,2,380.33,760.66
6032,2024,70,5,377.93,1889.65
6033,2025,53,4,139.79,559.16
6034,2025,54,5,375.04,1875.2
6035,2025,43,3,345.46,1036.38
6036,2026,32,2,196.26,392.52
6037,2027,62,1,88.39,88.39
6038,2027,41,1,494.87,494.87
6039,2027,56,4,219.93,879.72
6040,2027,56,2,219.93,439.86
6041,2027,54,4,375.04,1500.16
6042,2028,43,3,345.46,1036.38
6043,2029,40,2,236.51,473.02
6044,2030,63,4,216.86,867.44
6045,2030,76,2,383.36,766.72
6046,2030,52,4,325.0,1300.0
6047,2030,31,3,124.07,372.21
6048,2031,79,2,323.09,646.18
6049,2031,44,2,386.47,772.94
6050,2032,42,5,347.2,1736.0
6051,2032,49,1,439.42,439.42
6052,2032,13,1,406.62,406.62
6053,2032,11,1,277.02,277.02
6054,2032,20,5,178.54,892.7
6055,2033,64,1,198.54,198.54
6056,2033,20,1,178.54,178.54
6057,2033,1,4,323.32,1293.28
6058,2033,23,1,486.83,486.83
6059,2034,38,3,321.14,963.42
6060,2034,46,5,404.47,2022.35
6061,2035,6,2,299.34,598.68
6062,2036,43,1,345.46,345.46
6063,2036,5,5,447.17,2235.85
6064,2036,11,1,277.02,277.02
6065,2037,1,2,323.32,646.64
6066,2037,22,4,235.12,940.48
6067,2037,63,1,216.86,216.86
6068,2037,35,5,112.66,563.3
6069,2037,38,5,321.14,1605.7
6070,2038,10,5,360.85,1804.25
6071,2038,37,2,327.54,655.08
6072,2038,9,4,23.0,92.0
6073,2038,78,3,316.4,949.2
6074,2038,21,5,405.49,2027.45
6075,2039,64,5,198.54,992.7
6076,2040,37,1,327.54,327.54
6077,2040,51,3,203.86,611.58
6078,2041,61,4,63.73,254.92
6079,2041,46,5,404.47,2022.35
6080,2042,38,4,321.14,1284.56
6081,2042,54,2,375.04,750.08
6082,2042,40,3,236.51,709.53
6083,2043,31,4,124.07,496.28
6084,2043,20,2,178.54,357.08
6085,2044,11,1,277.02,277.02
6086,2045,16,2,146.16,292.32
6087,2045,14,4,381.82,1527.28
6088,2045,17,2,479.03,958.06
6089,2045,10,3,360.85,1082.55
6090,2045,43,3,345.46,1036.38
6091,2046,31,4,124.07,496.28
6092,2046,56,4,219.93,879.72
6093,2046,16,5,146.16,730.8
6094,2046,76,3,383.36,1150.08
6095,2046,27,4,292.9,1171.6
6096,2047,47,2,141.19,282.38
6097,2048,25,3,416.41,1249.23
6098,2048,9,1,23.0,23.0
6099,2048,5,3,447.17,1341.51
6100,2048,50,2,114.19,228.38
6101,2049,60,4,380.33,1521.32
6102,2049,42,4,347.2,1388.8
6103,2049,18,3,60.08,180.24
6104,2049,55,3,138.74,416.22
6105,2050,24,1,48.61,48.61
6106,2050,22,3,235.12,705.36
6107,2050,54,1,375.04,375.04
6108,2050,63,3,216.86,650.58
6109,2050,19,1,57.39,57.39
6110,2051,31,5,124.07,620.35
6111,2051,78,4,316.4,1265.6
6112,2052,26,2,443.87,887.74
6113,2052,54,1,375.04,375.04
6114,2052,2,3,373.36,1120.08
6115,2053,79,3,323.09,969.27
6116,2053,44,1,386.47,386.47
6117,2053,14,4,381.82,1527.28
6118,2054,26,2,443.87,887.74
6119,2054,19,3,57.39,172.17
6120,2054,65,3,498.1,1494.3
6121,2054,68,4,343.34,1373.36
6122,2054,68,5,343.34,1716.7
6123,2055,79,2,323.09,646.18
6124,2055,56,1,219.93,219.93
6125,2055,59,5,259.67,1298.35
6126,2055,71,3,324.07,972.21
6127,2055,69,4,344.04,1376.16
6128,2056,37,3,327.54,982.62
6129,2057,53,5,139.79,698.95
6130,2058,61,4,63.73,254.92
6131,2059,78,5,316.4,1582.0
6132,2059,30,3,492.76,1478.28
6133,2059,76,2,383.36,766.72
6134,2059,58,3,498.69,1496.07
6135,2060,5,2,447.17,894.34
6136,2060,75,3,139.06,417.18
6137,2060,51,3,203.86,611.58
6138,2061,68,2,343.34,686.68
6139,2062,29,4,121.67,486.68
6140,2063,51,1,203.86,203.86
6141,2063,56,1,219.93,219.93
6142,2064,36,5,353.89,1769.45
6143,2065,54,1,375.04,375.04
6144,2065,65,3,498.1,1494.3
6145,2065,77,1,457.19,457.19
6146,2065,64,5,198.54,992.7
6147,2065,28,5,44.08,220.4
6148,2066,37,1,327.54,327.54
6149,2066,31,4,124.07,496.28
6150,2066,72,3,153.82,461.46
6151,2066,23,5,486.83,2434.15
6152,2066,26,1,443.87,443.87
6153,2067,11,3,277.02,831.06
6154,2067,32,4,196.26,785.04
6155,2067,3,1,119.37,119.37
6156,2067,17,3,479.03,1437.09
6157,2068,38,3,321.14,963.42
6158,2068,54,2,375.04,750.08
6159,2069,27,2,292.9,585.8
6160,2069,47,1,141.19,141.19
6161,2069,37,3,327.54,982.62
6162,2069,70,5,377.93,1889.65
6163,2070,10,2,360.85,721.7
6164,2071,1,2,323.32,646.64
6165,2072,35,2,112.66,225.32
6166,2073,58,3,498.69,1496.07
6167,2074,65,5,498.1,2490.5
6168,2075,66,1,133.19,133.19
6169,2075,62,5,88.39,441.95
6170,2075,36,1,353.89,353.89
6171,2075,46,1,404.47,404.47
6172,2076,23,4,486.83,1947.32
6173,2076,25,5,416.41,2082.05
6174,2076,33,1,321.49,321.49
6175,2077,12,1,230.11,230.11
6176,2077,21,2,405.49,810.98
6177,2077,44,2,386.47,772.94
6178,2077,67,5,431.78,2158.9
6179,2077,25,4,416.41,1665.64
6180,2078,4,3,60.22,180.66
6181,2078,50,4,114.19,456.76
6182,2078,14,5,381.82,1909.1
6183,2079,28,2,44.08,88.16
6184,2079,25,5,416.41,2082.05
6185,2079,62,5,88.39,441.95
6186,2079,9,2,23.0,46.0
6187,2080,72,4,153.82,615.28
6188,2080,50,3,114.19,342.57
6189,2080,48,2,457.44,914.88
6190,2080,6,1,299.34,299.34
6191,2081,25,1,416.41,416.41
6192,2081,74,3,363.83,1091.49
6193,2081,3,3,119.37,358.11
6194,2081,44,4,386.47,1545.88
6195,2082,41,4,494.87,1979.48
6196,2083,18,1,60.08,60.08
6197,2084,67,5,431.78,2158.9
6198,2084,15,5,352.09,1760.45
6199,2084,18,4,60.08,240.32
6200,2084,64,5,198.54,992.7
6201,2084,71,3,324.07,972.21
6202,2085,80,1,107.47,107.47
6203,2086,32,3,196.26,588.78
6204,2086,69,4,344.04,1376.16
6205,2086,38,1,321.14,321.14
6206,2087,8,3,124.0,372.0
6207,2088,34,4,89.7,358.8
6208,2088,20,3,178.54,535.62
6209,2089,53,1,139.79,139.79
6210,2089,68,3,343.34,1030.02
6211,2089,10,4,360.85,1443.4
6212,2090,39,4,367.27,1469.08
6213,2090,3,1,119.37,119.37
6214,2090,37,3,327.54,982.62
6215,2091,12,2,230.11,460.22
6216,2091,68,5,343.34,1716.7
6217,2092,13,3,406.62,1219.86
6218,2092,15,1,352.09,352.09
6219,2092,34,3,89.7,269.1
6220,2092,41,1,494.87,494.87
6221,2092,24,5,48.61,243.05
6222,2093,75,1,139.06,139.06
6223,2093,30,1,492.76,492.76
6224,2094,40,5,236.51,1182.55
6225,2094,70,1,377.93,377.93
6226,2094,71,5,324.07,1620.35
6227,2095,39,5,367.27,1836.35
6228,2095,39,1,367.27,367.27
6229,2095,52,1,325.0,325.0
6230,2095,40,4,236.51,946.04
6231,2095,12,3,230.11,690.33
6232,2096,7,2,24.6,49.2
6233,2096,9,1,23.0,23.0
6234,2096,76,1,383.36,383.36
6235,2097,62,1,88.39,88.39
6236,2098,47,4,141.19,564.76
6237,2098,70,1,377.93,377.93
6238,2098,34,2,89.7,179.4
6239,2098,76,5,383.36,1916.8
6240,2099,11,3,277.02,831.06
6241,2099,22,2,235.12,470.24
6242,2100,14,1,381.82,381.82
6243,2100,61,2,63.73,127.46
6244,2100,17,2,479.03,958.06
6245,2100,66,2,133.19,266.38
6246,2100,53,1,139.79,139.79
6247,2101,35,5,112.66,563.3
6248,2101,25,4,416.41,1665.64
6249,2101,71,2,324.07,648.14
6250,2101,8,4,124.0,496.0
6251,2101,28,5,44.08,220.4
6252,2102,25,5,416.41,2082.05
6253,2102,38,3,321.14,963.42
6254,2102,18,4,60.08,240.32
6255,2102,76,4,383.36,1533.44
6256,2103,37,3,327.54,982.62
6257,2103,32,5,196.26,981.3
6258,2103,16,4,146.16,584.64
6259,2103,33,5,321.49,1607.45
6260,2103,64,1,198.54,198.54
6261,2104,52,5,325.0,1625.0
6262,2105,33,2,321.49,642.98
6263,2105,74,2,363.83,727.66
6264,2106,16,2,146.16,292.32
6265,2106,17,1,479.03,479.03
6266,2106,30,2,492.76,985.52
6267,2106,6,1,299.34,299.34
6268,2106,51,2,203.86,407.72
6269,2107,36,1,353.89,353.89
6270,2107,74,1,363.83,363.83
6271,2108,15,1,352.09,352.09
6272,2108,53,1,139.79,139.79
6273,2109,27,4,292.9,1171.6
6274,2109,19,2,57.39,114.78
6275,2109,16,3,146.16,438.48
6276,2110,53,4,139.79,559.16
6277,2110,67,3,431.78,1295.34
6278,2110,57,2,205.71,411.42
6279,2111,27,4,292.9,1171.6
6280,2111,46,2,404.47,808.94
6281,2112,63,4,216.86,867.44
6282,2112,36,4,353.89,1415.56
6283,2113,33,1,321.49,321.49
6284,2114,60,2,380.33,760.66
6285,2114,8,1,124.0,124.0
6286,2114,59,5,259.67,1298.35
6287,2114,38,2,321.14,642.28
6288,2115,15,3,352.09,1056.27
6289,2115,19,3,57.39,172.17
6290,2115,36,2,353.89,707.78
6291,2115,55,1,138.74,138.74
6292,2116,68,1,343.34,343.34
6293,2116,76,4,383.36,1533.44
6294,2116,45,3,122.23,366.69
6295,2116,29,4,121.67,486.68
6296,2117,36,4,353.89,1415.56
6297,2117,50,3,114.19,342.57
6298,2118,62,2,88.39,176.78
6299,2118,57,2,205.71,411.42
6300,2119,31,4,124.07,496.28
6301,2120,29,5,121.67,608.35
6302,2120,66,2,133.19,266.38
6303,2120,15,3,352.09,1056.27
6304,2120,48,5,457.44,2287.2
6305,2121,13,3,406.62,1219.86
6306,2121,67,3,431.78,1295.34
6307,2121,52,1,325.0,325.0
6308,2122,73,1,232.32,232.32
6309,2123,37,3,327.54,982.62
6310,2123,32,5,196.26,981.3
6311,2124,74,5,363.83,1819.15
6312,2124,24,4,48.61,194.44
6313,2124,68,1,343.34,343.34
6314,2124,20,1,178.54,178.54
6315,2124,42,5,347.2,1736.0
6316,2125,73,3,232.32,696.96
6317,2125,1,4,323.32,1293.28
6318,2125,25,2,416.41,832.82
6319,2125,14,3,381.82,1145.46
6320,2126,33,3,321.49,964.47
6321,2126,76,2,383.36,766.72
6322,2126,52,5,325.0,1625.0
6323,2126,73,5,232.32,1161.6
6324,2127,13,4,406.62,1626.48
6325,2127,61,5,63.73,318.65
6326,2127,26,2,443.87,887.74
6327,2128,6,3,299.34,898.02
6328,2128,46,4,404.47,1617.88
6329,2128,31,5,124.07,620.35
6330,2129,64,2,198.54,397.08
6331,2129,56,5,219.93,1099.65
6332,2129,3,1,119.37,119.37
6333,2130,73,2,232.32,464.64
6334,2131,53,1,139.79,139.79
6335,2131,27,4,292.9,1171.6
6336,2132,69,1,344.04,344.04
6337,2132,14,5,381.82,1909.1
6338,2132,57,2,205.71,411.42
6339,2132,29,2,121.67,243.34
6340,2133,48,1,457.44,457.44
6341,2133,5,3,447.17,1341.51
6342,2134,76,4,383.36,1533.44
6343,2135,36,5,353.89,1769.45
6344,2136,27,1,292.9,292.9
6345,2136,44,2,386.47,772.94
6346,2136,79,1,323.09,323.09
6347,2136,12,3,230.11,690.33
6348,2137,69,2,344.04,688.08
6349,2137,6,4,299.34,1197.36
6350,2137,36,5,353.89,1769.45
6351,2137,22,1,235.12,235.12
6352,2137,63,2,216.86,433.72
6353,2138,43,1,345.46,345.46
6354,2138,12,5,230.11,1150.55
6355,2138,75,2,139.06,278.12
6356,2138,74,3,363.83,1091.49
6357,2139,55,3,138.74,416.22
6358,2140,58,5,498.69,2493.45
6359,2140,22,1,235.12,235.12
6360,2140,13,5,406.62,2033.1
6361,2141,36,2,353.89,707.78
6362,2142,21,2,405.49,810.98
6363,2142,6,2,299.34,598.68
6364,2143,27,2,292.9,585.8
6365,2143,17,3,479.03,1437.09
6366,2144,8,4,124.0,496.0
6367,2144,29,5,121.67,608.35
6368,2144,18,1,60.08,60.08
6369,2144,16,2,146.16,292.32
6370,2145,39,4,367.27,1469.08
6371,2145,20,1,178.54,178.54
6372,2145,21,4,405.49,1621.96
6373,2146,1,2,323.32,646.64
6374,2146,48,1,457.44,457.44
6375,2146,69,2,344.04,688.08
6376,2146,54,1,375.04,375.04
6377,2147,21,2,405.49,810.98
6378,2148,20,4,178.54,714.16
6379,2149,56,2,219.93,439.86
6380,2150,35,5,112.66,563.3
6381,2150,72,5,153.82,769.1
6382,2151,75,3,139.06,417.18
6383,2151,58,2,498.69,997.38
6384,2151,77,5,457.19,2285.95
6385,2151,73,2,232.32,464.64
6386,2151,58,4,498.69,1994.76
6387,2152,79,4,323.09,1292.36
6388,2152,36,3,353.89,1061.67
6389,2153,78,2,316.4,632.8
6390,2153,3,2,119.37,238.74
6391,2153,52,3,325.0,975.0
6392,2154,69,4,344.04,1376.16
6393,2154,12,5,230.11,1150.55
6394,2154,15,2,352.09,704.18
6395,2154,7,2,24.6,49.2
6396,2155,15,5,352.09,1760.45
6397,2155,62,4,88.39,353.56
6398,2155,75,2,139.06,278.12
6399,2155,7,5,24.6,123.0
6400,2155,24,5,48.61,243.05
6401,2156,17,2,479.03,958.06
6402,2156,7,5,24.6,123.0
6403,2157,70,1,377.93,377.93
6404,2157,31,5,124.07,620.35
6405,2157,71,1,324.07,324.07
6406,2157,44,5,386.47,1932.35
6407,2157,69,1,344.04,344.04
6408,2158,34,3,89.7,269.1
6409,2158,71,2,324.07,648.14
6410,2158,23,1,486.83,486.83
6411,2159,63,2,216.86,433.72
6412,2159,18,2,60.08,120.16
6413,2159,12,5,230.11,1150.55
6414,2159,19,5,57.39,286.95
6415,2160,10,4,360.85,1443.4
6416,2160,70,1,377.93,377.93
6417,2160,42,4,347.2,1388.8
6418,2160,22,3,235.12,705.36
6419,2161,4,1,60.22,60.22
6420,2161,2,1,373.36,373.36
6421,2161,4,1,60.22,60.22
6422,2162,42,2,347.2,694.4
6423,2163,11,1,277.02,277.02
6424,2163,25,4,416.41,1665.64
6425,2163,13,4,406.62,1626.48
6426,2163,69,3,344.04,1032.12
6427,2163,8,5,124.0,620.0
6428,2164,20,3,178.54,535.62
6429,2165,49,1,439.42,439.42
6430,2165,65,3,498.1,1494.3
6431,2165,38,3,321.14,963.42
6432,2166,11,5,277.02,1385.1
6433,2166,19,5,57.39,286.95
6434,2167,70,4,377.93,1511.72
6435,2167,37,4,327.54,1310.16
6436,2167,67,1,431.78,431.78
6437,2167,20,2,178.54,357.08
6438,2167,37,5,327.54,1637.7
6439,2168,6,3,299.34,898.02
6440,2168,49,4,439.42,1757.68
6441,2168,6,5,299.34,1496.7
6442,2168,56,4,219.93,879.72
6443,2168,4,1,60.22,60.22
6444,2169,7,1,24.6,24.6
6445,2169,34,2,89.7,179.4
6446,2169,49,3,439.42,1318.26
6447,2169,44,1,386.47,386.47
6448,2169,47,5,141.19,705.95
6449,2170,68,2,343.34,686.68
6450,2170,52,4,325.0,1300.0
6451,2170,73,1,232.32,232.32
6452,2171,53,2,139.79,279.58
6453,2171,35,5,112.66,563.3
6454,2172,42,3,347.2,1041.6
6455,2172,7,3,24.6,73.8
6456,2173,22,5,235.12,1175.6
6457,2173,49,1,439.42,439.42
6458,2173,71,1,324.07,324.07
6459,2174,7,4,24.6,98.4
6460,2174,27,2,292.9,585.8
6461,2174,53,5,139.79,698.95
6462,2174,79,5,323.09,1615.45
6463,2175,80,3,107.47,322.41
6464,2175,3,5,119.37,596.85
6465,2175,68,2,343.34,686.68
6466,2175,17,1,479.03,479.03
6467,2176,35,1,112.66,112.66
6468,2177,51,3,203.86,611.58
6469,2178,16,5,146.16,730.8
6470,2178,68,1,343.34,343.34
6471,2178,34,3,89.7,269.1
6472,2178,23,5,486.83,2434.15
6473,2178,61,4,63.73,254.92
6474,2179,67,2,431.78,863.56
6475,2179,49,2,439.42,878.84
6476,2180,9,4,23.0,92.0
6477,2180,35,2,112.66,225.32
6478,2180,20,1,178.54,178.54
6479,2180,19,4,57.39,229.56
6480,2180,80,3,107.47,322.41
6481,2181,67,5,431.78,2158.9
6482,2181,40,4,236.51,946.04
6483,2182,21,1,405.49,405.49
6484,2182,32,4,196.26,785.04
6485,2182,17,3,479.03,1437.09
6486,2183,56,2,219.93,439.86
6487,2183,14,3,381.82,1145.46
6488,2183,33,1,321.49,321.49
6489,2183,60,1,380.33,380.33
6490,2183,50,3,114.19,342.57
6491,2184,21,3,405.49,1216.47
6492,2184,48,3,457.44,1372.32
6493,2184,6,2,299.34,598.68
6494,2184,52,2,325.0,650.0
6495,2185,44,5,386.47,1932.35
6496,2185,24,3,48.61,145.83
6497,2185,25,1,416.41,416.41
6498,2186,61,4,63.73,254.92
6499,2187,53,3,139.79,419.37
6500,2187,38,5,321.14,1605.7
6501,2187,74,5,363.83,1819.15
6502,2188,3,2,119.37,238.74
6503,2188,14,3,381.82,1145.46
6504,2188,31,5,124.07,620.35
6505,2188,65,5,498.1,2490.5
6506,2188,23,3,486.83,1460.49
6507,2189,18,4,60.08,240.32
6508,2189,79,1,323.09,323.09
6509,2189,44,1,386.47,386.47
6510,2190,8,3,124.0,372.0
6511,2190,31,2,124.07,248.14
6512,2190,28,2,44.08,88.16
6513,2191,25,5,416.41,2082.05
6514,2191,33,5,321.49,1607.45
6515,2191,41,1,494.87,494.87
6516,2192,29,2,121.67,243.34
6517,2192,14,1,381.82,381.82
6518,2192,13,5,406.62,2033.1
6519,2192,59,5,259.67,1298.35
6520,2193,16,5,146.16,730.8
6521,2193,7,5,24.6,123.0
6522,2193,26,2,443.87,887.74
6523,2193,76,1,383.36,383.36
6524,2194,64,2,198.54,397.08
6525,2194,18,4,60.08,240.32
6526,2195,29,1,121.67,121.67
6527,2195,53,1,139.79,139.79
6528,2195,10,1,360.85,360.85
6529,2196,65,4,498.1,1992.4
6530,2196,42,4,347.2,1388.8
6531,2196,13,4,406.62,1626.48
6532,2196,65,4,498.1,1992.4
6533,2196,71,5,324.07,1620.35
6534,2197,2,2,373.36,746.72
6535,2198,4,1,60.22,60.22
6536,2198,76,1,383.36,383.36
6537,2199,54,1,375.04,375.04
6538,2199,71,2,324.07,648.14
6539,2199,77,5,457.19,2285.95
6540,2200,32,4,196.26,785.04
6541,2201,61,4,63.73,254.92
6542,2201,34,3,89.7,269.1
6543,2201,77,1,457.19,457.19
6544,2202,1,5,323.32,1616.6
6545,2202,28,4,44.08,176.32
6546,2202,48,5,457.44,2287.2
6547,2202,45,2,122.23,244.46
6548,2203,10,3,360.85,1082.55
6549,2204,10,1,360.85,360.85
6550,2204,68,5,343.34,1716.7
6551,2204,37,1,327.54,327.54
6552,2204,70,3,377.93,1133.79
6553,2204,29,2,121.67,243.34
6554,2205,68,4,343.34,1373.36
6555,2205,44,1,386.47,386.47
6556,2205,76,2,383.36,766.72
6557,2205,53,2,139.79,279.58
6558,2206,21,2,405.49,810.98
6559,2206,78,5,316.4,1582.0
6560,2207,19,1,57.39,57.39
6561,2207,31,4,124.07,496.28
6562,2207,36,3,353.89,1061.67
6563,2207,44,4,386.47,1545.88
6564,2207,10,1,360.85,360.85
6565,2208,5,3,447.17,1341.51
6566,2208,17,5,479.03,2395.15
6567,2208,69,4,344.04,1376.16
6568,2209,47,1,141.19,141.19
6569,2210,31,4,124.07,496.28
6570,2210,51,4,203.86,815.44
6571,2210,56,1,219.93,219.93
6572,2211,13,1,406.62,406.62
6573,2211,17,4,479.03,1916.12
6574,2211,3,1,119.37,119.37
6575,2211,25,1,416.41,416.41
6576,2211,67,2,431.78,863.56
6577,2212,50,4,114.19,456.76
6578,2212,78,1,316.4,316.4
6579,2212,4,4,60.22,240.88
6580,2213,59,1,259.67,259.67
6581,2213,42,2,347.2,694.4
6582,2214,23,2,486.83,973.66
6583,2215,44,3,386.47,1159.41
6584,2215,7,4,24.6,98.4
6585,2215,66,5,133.19,665.95
6586,2216,56,5,219.93,1099.65
6587,2216,14,4,381.82,1527.28
6588,2217,55,5,138.74,693.7
6589,2217,19,5,57.39,286.95
6590,2217,27,5,292.9,1464.5
6591,2217,34,3,89.7,269.1
6592,2218,15,2,352.09,704.18
6593,2219,71,1,324.07,324.07
6594,2219,68,4,343.34,1373.36
6595,2219,25,3,416.41,1249.23
6596,2220,31,4,124.07,496.28
6597,2220,71,5,324.07,1620.35
6598,2220,18,4,60.08,240.32
6599,2221,28,2,44.08,88.16
6600,2222,79,1,323.09,323.09
6601,2222,7,1,24.6,24.6
6602,2222,48,4,457.44,1829.76
6603,2223,78,1,316.4,316.4
6604,2224,48,5,457.44,2287.2
6605,2224,75,1,139.06,139.06
6606,2224,38,3,321.14,963.42
6607,2224,74,2,363.83,727.66
6608,2224,3,4,119.37,477.48
6609,2225,75,2,139.06,278.12
6610,2225,52,5,325.0,1625.0
6611,2225,74,5,363.83,1819.15
6612,2226,80,5,107.47,537.35
6613,2226,49,3,439.42,1318.26
6614,2226,71,5,324.07,1620.35
6615,2226,77,4,457.19,1828.76
6616,2227,67,3,431.78,1295.34
6617,2228,69,3,344.04,1032.12
6618,2228,75,4,139.06,556.24
6619,2229,32,2,196.26,392.52
6620,2229,43,5,345.46,1727.3
6621,2229,14,3,381.82,1145.46
6622,2229,3,5,119.37,596.85
6623,2229,40,5,236.51,1182.55
6624,2230,25,2,416.41,832.82
6625,2230,25,1,416.41,416.41
6626,2230,24,2,48.61,97.22
6627,2230,38,2,321.14,642.28
6628,2230,56,4,219.93,879.72
6629,2231,72,1,153.82,153.82
6630,2231,53,5,139.79,698.95
6631,2231,3,5,119.37,596.85
6632,2231,61,2,63.73,127.46
6633,2231,51,1,203.86,203.86
6634,2232,54,1,375.04,375.04
6635,2232,57,2,205.71,411.42
6636,2232,28,3,44.08,132.24
6637,2232,72,2,153.82,307.64
6638,2233,78,2,316.4,632.8
6639,2233,42,5,347.2,1736.0
6640,2233,47,2,141.19,282.38
6641,2233,67,2,431.78,863.56
6642,2233,72,1,153.82,153.82
6643,2234,1,3,323.32,969.96
6644,2234,53,1,139.79,139.79
6645,2234,19,5,57.39,286.95
6646,2235,56,3,219.93,659.79
6647,2235,4,5,60.22,301.1
6648,2235,19,4,57.39,229.56
6649,2235,76,3,383.36,1150.08
6650,2235,70,2,377.93,755.86
6651,2236,35,1,112.66,112.66
6652,2236,71,4,324.07,1296.28
6653,2236,74,4,363.83,1455.32
6654,2236,45,4,122.23,488.92
6655,2237,28,1,44.08,44.08
6656,2238,62,4,88.39,353.56
6657,2238,13,2,406.62,813.24
6658,2238,25,5,416.41,2082.05
6659,2238,41,5,494.87,2474.35
6660,2238,44,1,386.47,386.47
6661,2239,25,3,416.41,1249.23
6662,2239,52,5,325.0,1625.0
6663,2239,20,2,178.54,357.08
6664,2240,40,5,236.51,1182.55
6665,2240,35,1,112.66,112.66
6666,2240,4,2,60.22,120.44
6667,2240,62,2,88.39,176.78
6668,2240,1,1,323.32,323.32
6669,2241,56,5,219.93,1099.65
6670,2241,51,4,203.86,815.44
6671,2241,9,1,23.0,23.0
6672,2241,15,4,352.09,1408.36
6673,2241,65,2,498.1,996.2
6674,2242,11,2,277.02,554.04
6675,2243,43,1,345.46,345.46
6676,2243,7,1,24.6,24.6
6677,2243,49,5,439.42,2197.1
6678,2243,8,5,124.0,620.0
6679,2243,36,1,353.89,353.89
6680,2244,78,1,316.4,316.4
6681,2244,42,1,347.2,347.2
6682,2244,59,4,259.67,1038.68
6683,2245,67,2,431.78,863.56
6684,2245,75,4,139.06,556.24
6685,2246,19,1,57.39,57.39
6686,2246,48,2,457.44,914.88
6687,2246,36,3,353.89,1061.67
6688,2246,3,4,119.37,477.48
6689,2247,57,5,205.71,1028.55
6690,2247,37,4,327.54,1310.16
6691,2247,21,1,405.49,405.49
6692,2247,58,2,498.69,997.38
6693,2248,53,2,139.79,279.58
6694,2248,77,2,457.19,914.38
6695,2248,45,1,122.23,122.23
6696,2248,72,1,153.82,153.82
6697,2249,61,4,63.73,254.92
6698,2249,7,2,24.6,49.2
6699,2249,73,5,232.32,1161.6
6700,2249,9,3,23.0,69.0
6701,2250,51,5,203.86,1019.3
6702,2251,34,1,89.7,89.7
6703,2251,25,2,416.41,832.82
6704,2251,26,4,443.87,1775.48
6705,2251,30,1,492.76,492.76
6706,2251,17,3,479.03,1437.09
6707,2252,22,2,235.12,470.24
6708,2252,45,4,122.23,488.92
6709,2252,14,4,381.82,1527.28
6710,2253,11,4,277.02,1108.08
6711,2253,2,2,373.36,746.72
6712,2253,22,1,235.12,235.12
6713,2253,11,5,277.02,1385.1
6714,2253,21,1,405.49,405.49
6715,2254,15,2,352.09,704.18
6716,2254,55,2,138.74,277.48
6717,2254,66,3,133.19,399.57
6718,2254,17,4,479.03,1916.12
6719,2255,70,5,377.93,1889.65
6720,2255,45,4,122.23,488.92
6721,2255,16,2,146.16,292.32
6722,2255,28,4,44.08,176.32
6723,2256,70,3,377.93,1133.79
6724,2257,34,5,89.7,448.5
6725,2257,7,2,24.6,49.2
6726,2257,75,3,139.06,417.18
6727,2258,19,4,57.39,229.56
6728,2259,66,1,133.19,133.19
6729,2259,13,4,406.62,1626.48
6730,2259,36,3,353.89,1061.67
6731,2260,31,4,124.07,496.28
6732,2261,33,1,321.49,321.49
6733,2261,51,4,203.86,815.44
6734,2262,14,2,381.82,763.64
6735,2262,60,4,380.33,1521.32
6736,2262,66,2,133.19,266.38
6737,2262,24,1,48.61,48.61
6738,2262,2,2,373.36,746.72
6739,2263,63,5,216.86,1084.3
6740,2264,24,1,48.61,48.61
6741,2264,25,3,416.41,1249.23
6742,2264,67,4,431.78,1727.12
6743,2264,22,5,235.12,1175.6
6744,2264,70,3,377.93,1133.79
6745,2265,78,4,316.4,1265.6
6746,2265,30,4,492.76,1971.04
6747,2265,30,5,492.76,2463.8
6748,2265,32,1,196.26,196.26
6749,2266,23,5,486.83,2434.15
6750,2266,41,4,494.87,1979.48
6751,2266,4,3,60.22,180.66
6752,2266,30,5,492.76,2463.8
6753,2266,58,1,498.69,498.69
6754,2267,76,5,383.36,1916.8
6755,2267,55,4,138.74,554.96
6756,2267,16,4,146.16,584.64
6757,2267,62,1,88.39,88.39
6758,2268,64,2,198.54,397.08
6759,2268,52,5,325.0,1625.0
6760,2268,19,1,57.39,57.39
6761,2268,47,1,141.19,141.19
6762,2269,70,2,377.93,755.86
6763,2269,11,2,277.02,554.04
6764,2269,24,2,48.61,97.22
6765,2269,45,3,122.23,366.69
6766,2270,12,4,230.11,920.44
6767,2270,47,1,141.19,141.19
6768,2271,70,4,377.93,1511.72
6769,2271,14,3,381.82,1145.46
6770,2271,52,5,325.0,1625.0
6771,2272,10,5,360.85,1804.25
6772,2272,23,1,486.83,486.83
6773,2273,18,3,60.08,180.24
6774,2273,73,4,232.32,929.28
6775,2273,59,5,259.67,1298.35
6776,2273,6,5,299.34,1496.7
6777,2273,76,5,383.36,1916.8
6778,2274,31,4,124.07,496.28
6779,2274,80,5,107.47,537.35
6780,2274,70,3,377.93,1133.79
6781,2275,3,2,119.37,238.74
6782,2275,17,1,479.03,479.03
6783,2275,43,1,345.46,345.46
6784,2275,78,2,316.4,632.8
6785,2275,70,4,377.93,1511.72
6786,2276,33,5,321.49,1607.45
6787,2276,38,2,321.14,642.28
6788,2276,39,5,367.27,1836.35
6789,2276,44,5,386.47,1932.35
6790,2276,66,5,133.19,665.95
6791,2277,11,3,277.02,831.06
6792,2278,58,5,498.69,2493.45
6793,2278,65,4,498.1,1992.4
6794,2278,5,4,447.17,1788.68
6795,2279,46,2,404.47,808.94
6796,2280,70,4,377.93,1511.72
6797,2280,58,4,498.69,1994.76
6798,2281,26,5,443.87,2219.35
6799,2281,24,1,48.61,48.61
6800,2281,79,4,323.09,1292.36
6801,2281,36,4,353.89,1415.56
6802,2282,79,1,323.09,323.09
6803,2283,64,5,198.54,992.7
6804,2283,69,4,344.04,1376.16
6805,2283,50,5,114.19,570.95
6806,2283,20,5,178.54,892.7
6807,2284,56,5,219.93,1099.65
6808,2284,64,2,198.54,397.08
6809,2284,17,3,479.03,1437.09
6810,2284,67,5,431.78,2158.9
6811,2284,26,4,443.87,1775.48
6812,2285,69,3,344.04,1032.12
6813,2286,1,4,323.32,1293.28
6814,2286,24,2,48.61,97.22
6815,2286,48,1,457.44,457.44
6816,2286,35,1,112.66,112.66
6817,2286,47,4,141.19,564.76
6818,2287,80,3,107.47,322.41
6819,2287,59,5,259.67,1298.35
6820,2287,5,1,447.17,447.17
6821,2287,16,2,146.16,292.32
6822,2288,70,2,377.93,755.86
6823,2288,44,3,386.47,1159.41
6824,2288,35,3,112.66,337.98
6825,2289,68,4,343.34,1373.36
6826,2289,59,5,259.67,1298.35
6827,2290,26,2,443.87,887.74
6828,2290,46,5,404.47,2022.35
6829,2290,38,2,321.14,642.28
6830,2290,32,2,196.26,392.52
6831,2291,74,3,363.83,1091.49
6832,2291,51,2,203.86,407.72
6833,2291,25,5,416.41,2082.05
6834,2291,74,1,363.83,363.83
6835,2291,44,4,386.47,1545.88
6836,2292,34,1,89.7,89.7
6837,2292,42,2,347.2,694.4
6838,2293,44,4,386.47,1545.88
6839,2293,23,3,486.83,1460.49
6840,2293,50,2,114.19,228.38
6841,2293,74,2,363.83,727.66
6842,2293,52,5,325.0,1625.0
6843,2294,29,3,121.67,365.01
6844,2294,68,5,343.34,1716.7
6845,2295,14,2,381.82,763.64
6846,2295,65,1,498.1,498.1
6847,2295,72,4,153.82,615.28
6848,2296,47,1,141.19,141.19
6849,2296,63,5,216.86,1084.3
6850,2296,34,4,89.7,358.8
6851,2297,42,1,347.2,347.2
6852,2297,79,3,323.09,969.27
6853,2297,63,3,216.86,650.58
6854,2297,34,2,89.7,179.4
6855,2297,1,2,323.32,646.64
6856,2298,80,1,107.47,107.47
6857,2298,66,5,133.19,665.95
6858,2298,10,1,360.85,360.85
6859,2299,77,4,457.19,1828.76
6860,2299,22,1,235.12,235.12
6861,2299,26,5,443.87,2219.35
6862,2299,43,5,345.46,1727.3
6863,2300,35,1,112.66,112.66
6864,2300,12,3,230.11,690.33
6865,2301,51,3,203.86,611.58
6866,2301,12,3,230.11,690.33
6867,2302,59,1,259.67,259.67
6868,2302,42,3,347.2,1041.6
6869,2302,26,1,443.87,443.87
6870,2303,23,3,486.83,1460.49
6871,2303,80,2,107.47,214.94
6872,2304,61,5,63.73,318.65
6873,2304,13,2,406.62,813.24
6874,2304,55,4,138.74,554.96
6875,2304,41,1,494.87,494.87
6876,2305,80,3,107.47,322.41
6877,2306,14,3,381.82,1145.46
6878,2306,12,1,230.11,230.11
6879,2307,23,4,486.83,1947.32
6880,2307,50,5,114.19,570.95
6881,2307,68,1,343.34,343.34
6882,2308,68,4,343.34,1373.36
6883,2308,72,1,153.82,153.82
6884,2308,78,2,316.4,632.8
6885,2308,62,1,88.39,88.39
6886,2308,35,3,112.66,337.98
6887,2309,31,5,124.07,620.35
6888,2309,68,5,343.34,1716.7
6889,2310,52,2,325.0,650.0
6890,2310,18,3,60.08,180.24
6891,2310,72,4,153.82,615.28
6892,2311,8,3,124.0,372.0
6893,2311,75,5,139.06,695.3
6894,2311,54,4,375.04,1500.16
6895,2311,69,4,344.04,1376.16
6896,2312,39,2,367.27,734.54
6897,2312,18,4,60.08,240.32
6898,2312,44,5,386.47,1932.35
6899,2313,36,5,353.89,1769.45
6900,2313,44,5,386.47,1932.35
6901,2313,55,3,138.74,416.22
6902,2314,79,3,323.09,969.27
6903,2314,23,5,486.83,2434.15
6904,2314,17,3,479.03,1437.09
6905,2315,16,1,146.16,146.16
6906,2315,55,3,138.74,416.22
6907,2315,4,2,60.22,120.44
6908,2315,1,1,323.32,323.32
6909,2315,6,2,299.34,598.68
6910,2316,48,2,457.44,914.88
6911,2316,76,2,383.36,766.72
6912,2316,10,2,360.85,721.7
6913,2317,15,3,352.09,1056.27
6914,2317,41,1,494.87,494.87
6915,2318,1,3,323.32,969.96
6916,2318,44,4,386.47,1545.88
6917,2319,67,2,431.78,863.56
6918,2320,72,2,153.82,307.64
6919,2320,13,3,406.62,1219.86
6920,2320,39,3,367.27,1101.81
6921,2320,67,5,431.78,2158.9
6922,2321,50,4,114.19,456.76
6923,2321,76,5,383.36,1916.8
6924,2321,63,2,216.86,433.72
6925,2321,64,2,198.54,397.08
6926,2321,55,4,138.74,554.96
6927,2322,38,4,321.14,1284.56
6928,2322,20,1,178.54,178.54
6929,2322,17,3,479.03,1437.09
6930,2322,66,2,133.19,266.38
6931,2323,37,2,327.54,655.08
6932,2323,9,5,23.0,115.0
6933,2323,28,2,44.08,88.16
6934,2324,14,2,381.82,763.64
6935,2324,25,1,416.41,416.41
6936,2324,17,2,479.03,958.06
6937,2324,78,2,316.4,632.8
6938,2324,1,3,323.32,969.96
6939,2325,12,1,230.11,230.11
6940,2325,49,1,439.42,439.42
6941,2325,12,5,230.11,1150.55
6942,2325,32,4,196.26,785.04
6943,2325,34,4,89.7,358.8
6944,2326,27,5,292.9,1464.5
6945,2326,60,3,380.33,1140.99
6946,2327,69,2,344.04,688.08
6947,2328,52,5,325.0,1625.0
6948,2328,12,4,230.11,920.44
6949,2328,23,2,486.83,973.66
6950,2328,45,4,122.23,488.92
6951,2329,42,3,347.2,1041.6
6952,2329,47,5,141.19,705.95
6953,2329,35,4,112.66,450.64
6954,2329,18,4,60.08,240.32
6955,2330,74,1,363.83,363.83
6956,2330,42,2,347.2,694.4
6957,2331,12,5,230.11,1150.55
6958,2331,59,4,259.67,1038.68
6959,2331,71,2,324.07,648.14
6960,2331,14,4,381.82,1527.28
6961,2331,7,5,24.6,123.0
6962,2332,57,1,205.71,205.71
6963,2332,61,2,63.73,127.46
6964,2333,59,2,259.67,519.34
6965,2334,57,2,205.71,411.42
6966,2334,73,5,232.32,1161.6
6967,2335,4,3,60.22,180.66
6968,2335,24,2,48.61,97.22
6969,2336,74,5,363.83,1819.15
6970,2336,79,2,323.09,646.18
6971,2337,22,1,235.12,235.12
6972,2337,55,3,138.74,416.22
6973,2337,75,1,139.06,139.06
6974,2337,39,2,367.27,734.54
6975,2338,71,2,324.07,648.14
6976,2338,31,2,124.07,248.14
6977,2338,42,3,347.2,1041.6
6978,2338,32,5,196.26,981.3
6979,2338,70,2,377.93,755.86
6980,2339,72,3,153.82,461.46
6981,2339,35,4,112.66,450.64
6982,2339,16,4,146.16,584.64
6983,2340,64,2,198.54,397.08
6984,2340,21,4,405.49,1621.96
6985,2340,38,2,321.14,642.28
6986,2340,3,5,119.37,596.85
6987,2341,34,3,89.7,269.1
6988,2341,74,4,363.83,1455.32
6989,2341,79,1,323.09,323.09
6990,2342,58,5,498.69,2493.45
6991,2342,75,4,139.06,556.24
6992,2343,24,5,48.61,243.05
6993,2344,57,1,205.71,205.71
6994,2344,21,1,405.49,405.49
6995,2345,32,5,196.26,981.3
6996,2345,60,5,380.33,1901.65
6997,2345,64,1,198.54,198.54
6998,2346,63,3,216.86,650.58
6999,2346,18,5,60.08,300.4
7000,2347,67,2,431.78,863.56
7001,2347,17,2,479.03,958.06
7002,2347,4,1,60.22,60.22
7003,2347,18,3,60.08,180.24
7004,2347,51,1,203.86,203.86
7005,2348,25,2,416.41,832.82
7006,2348,5,1,447.17,447.17
7007,2348,34,5,89.7,448.5
7008,2348,63,5,216.86,1084.3
7009,2348,60,5,380.33,1901.65
7010,2349,65,5,498.1,2490.5
7011,2349,57,3,205.71,617.13
7012,2349,27,3,292.9,878.7
7013,2349,66,3,133.19,399.57
7014,2349,24,2,48.61,97.22
7015,2350,51,1,203.86,203.86
7016,2350,6,2,299.34,598.68
7017,2350,3,3,119.37,358.11
7018,2350,39,2,367.27,734.54
7019,2350,50,1,114.19,114.19
7020,2351,74,3,363.83,1091.49
7021,2351,15,4,352.09,1408.36
7022,2351,9,3,23.0,69.0
7023,2351,21,2,405.49,810.98
7024,2351,74,1,363.83,363.83
7025,2352,20,5,178.54,892.7
7026,2353,76,3,383.36,1150.08
7027,2353,4,1,60.22,60.22
7028,2354,26,4,443.87,1775.48
7029,2354,36,5,353.89,1769.45
7030,2354,25,1,416.41,416.41
7031,2355,26,1,443.87,443.87
7032,2355,74,4,363.83,1455.32
7033,2355,61,1,63.73,63.73
7034,2355,27,5,292.9,1464.5
7035,2355,64,1,198.54,198.54
7036,2356,15,2,352.09,704.18
7037,2356,51,1,203.86,203.86
7038,2356,20,2,178.54,357.08
7039,2356,15,2,352.09,704.18
7040,2356,21,1,405.49,405.49
7041,2357,53,4,139.79,559.16
7042,2357,18,1,60.08,60.08
7043,2357,15,5,352.09,1760.45
7044,2357,12,1,230.11,230.11
7045,2358,49,4,439.42,1757.68
7046,2359,17,2,479.03,958.06
7047,2360,16,5,146.16,730.8
7048,2361,58,2,498.69,997.38
7049,2362,68,4,343.34,1373.36
7050,2362,32,2,196.26,392.52
7051,2362,80,2,107.47,214.94
7052,2363,38,5,321.14,1605.7
7053,2364,56,4,219.93,879.72
7054,2364,44,2,386.47,772.94
7055,2365,2,2,373.36,746.72
7056,2365,59,3,259.67,779.01
7057,2365,67,1,431.78,431.78
7058,2365,20,3,178.54,535.62
7059,2365,23,1,486.83,486.83
7060,2366,37,1,327.54,327.54
7061,2367,51,5,203.86,1019.3
7062,2367,18,3,60.08,180.24
7063,2367,2,5,373.36,1866.8
7064,2367,42,2,347.2,694.4
7065,2367,20,5,178.54,892.7
7066,2368,49,2,439.42,878.84
7067,2368,3,5,119.37,596.85
7068,2368,25,3,416.41,1249.23
7069,2369,49,1,439.42,439.42
7070,2369,1,2,323.32,646.64
7071,2369,73,5,232.32,1161.6
7072,2370,17,5,479.03,2395.15
7073,2370,64,1,198.54,198.54
7074,2370,13,2,406.62,813.24
7075,2371,16,2,146.16,292.32
7076,2371,36,2,353.89,707.78
7077,2371,55,3,138.74,416.22
7078,2371,71,3,324.07,972.21
7079,2372,47,4,141.19,564.76
7080,2372,40,2,236.51,473.02
7081,2372,28,1,44.08,44.08
7082,2372,34,1,89.7,89.7
7083,2372,20,1,178.54,178.54
7084,2373,62,1,88.39,88.39
7085,2373,55,1,138.74,138.74
7086,2374,79,2,323.09,646.18
7087,2374,62,2,88.39,176.78
7088,2374,72,4,153.82,615.28
7089,2375,8,2,124.0,248.0
7090,2375,77,5,457.19,2285.95
7091,2375,8,4,124.0,496.0
7092,2376,56,4,219.93,879.72
7093,2377,3,4,119.37,477.48
7094,2377,30,2,492.76,985.52
7095,2377,17,3,479.03,1437.09
7096,2377,68,1,343.34,343.34
7097,2377,44,3,386.47,1159.41
7098,2378,21,1,405.49,405.49
7099,2378,29,3,121.67,365.01
7100,2378,5,2,447.17,894.34
7101,2379,16,1,146.16,146.16
7102,2380,47,4,141.19,564.76
7103,2380,64,5,198.54,992.7
7104,2380,58,3,498.69,1496.07
7105,2380,55,3,138.74,416.22
7106,2380,80,1,107.47,107.47
7107,2381,57,5,205.71,1028.55
7108,2381,45,3,122.23,366.69
7109,2381,37,4,327.54,1310.16
7110,2382,32,3,196.26,588.78
7111,2382,62,1,88.39,88.39
7112,2383,33,4,321.49,1285.96
7113,2383,56,1,219.93,219.93
7114,2384,6,5,299.34,1496.7
7115,2385,16,5,146.16,730.8
7116,2386,5,2,447.17,894.34
7117,2387,53,5,139.79,698.95
7118,2388,13,4,406.62,1626.48
7119,2388,52,3,325.0,975.0
7120,2389,63,2,216.86,433.72
7121,2390,67,1,431.78,431.78
7122,2390,70,1,377.93,377.93
7123,2390,67,1,431.78,431.78
7124,2390,47,4,141.19,564.76
7125,2391,19,5,57.39,286.95
7126,2392,14,3,381.82,1145.46
7127,2393,60,1,380.33,380.33
7128,2394,66,1,133.19,133.19
7129,2394,53,4,139.79,559.16
7130,2395,32,1,196.26,196.26
7131,2396,30,3,492.76,1478.28
7132,2396,11,1,277.02,277.02
7133,2396,37,3,327.54,982.62
7134,2396,68,3,343.34,1030.02
7135,2397,39,2,367.27,734.54
7136,2397,52,2,325.0,650.0
7137,2397,15,2,352.09,704.18
7138,2397,4,1,60.22,60.22
7139,2398,56,2,219.93,439.86
7140,2398,45,5,122.23,611.15
7141,2398,68,3,343.34,1030.02
7142,2398,58,4,498.69,1994.76
7143,2398,55,5,138.74,693.7
7144,2399,64,1,198.54,198.54
7145,2399,27,1,292.9,292.9
7146,2399,72,1,153.82,153.82
7147,2400,26,2,443.87,887.74
7148,2400,78,4,316.4,1265.6
7149,2400,21,4,405.49,1621.96
7150,2401,56,4,219.93,879.72
7151,2401,56,2,219.93,439.86
7152,2401,11,3,277.02,831.06
7153,2402,9,5,23.0,115.0
7154,2402,31,2,124.07,248.14
7155,2402,61,1,63.73,63.73
7156,2402,5,1,447.17,447.17
7157,2402,35,4,112.66,450.64
7158,2403,55,1,138.74,138.74
7159,2403,40,3,236.51,709.53
7160,2403,76,1,383.36,383.36
7161,2403,9,1,23.0,23.0
7162,2404,58,5,498.69,2493.45
7163,2405,60,1,380.33,380.33
7164,2405,33,1,321.49,321.49
7165,2405,3,3,119.37,358.11
7166,2405,75,2,139.06,278.12
7167,2406,71,1,324.07,324.07
7168,2406,73,3,232.32,696.96
7169,2406,74,1,363.83,363.83
7170,2406,41,2,494.87,989.74
7171,2406,9,3,23.0,69.0
7172,2407,6,3,299.34,898.02
7173,2407,79,5,323.09,1615.45
7174,2408,5,5,447.17,2235.85
7175,2408,39,5,367.27,1836.35
7176,2408,64,4,198.54,794.16
7177,2408,78,5,316.4,1582.0
7178,2408,64,2,198.54,397.08
7179,2409,26,4,443.87,1775.48
7180,2410,57,1,205.71,205.71
7181,2410,54,4,375.04,1500.16
7182,2410,78,5,316.4,1582.0
7183,2410,38,1,321.14,321.14
7184,2410,53,4,139.79,559.16
7185,2411,20,2,178.54,357.08
7186,2412,37,1,327.54,327.54
7187,2412,63,4,216.86,867.44
7188,2412,74,3,363.83,1091.49
7189,2412,32,2,196.26,392.52
7190,2413,42,4,347.2,1388.8
7191,2413,24,2,48.61,97.22
7192,2414,76,5,383.36,1916.8
7193,2414,38,5,321.14,1605.7
7194,2414,73,1,232.32,232.32
7195,2414,79,4,323.09,1292.36
7196,2414,2,1,373.36,373.36
7197,2415,22,4,235.12,940.48
7198,2415,18,1,60.08,60.08
7199,2415,28,4,44.08,176.32
7200,2416,66,4,133.19,532.76
7201,2417,22,1,235.12,235.12
7202,2417,12,4,230.11,920.44
7203,2417,8,2,124.0,248.0
7204,2417,4,3,60.22,180.66
7205,2417,13,5,406.62,2033.1
7206,2418,31,3,124.07,372.21
7207,2419,74,5,363.83,1819.15
7208,2419,77,5,457.19,2285.95
7209,2419,75,4,139.06,556.24
7210,2419,19,1,57.39,57.39
7211,2419,11,4,277.02,1108.08
7212,2420,69,5,344.04,1720.2
7213,2421,38,5,321.14,1605.7
7214,2421,4,1,60.22,60.22
7215,2421,70,4,377.93,1511.72
7216,2421,34,3,89.7,269.1
7217,2421,69,2,344.04,688.08
7218,2422,16,4,146.16,584.64
7219,2422,46,5,404.47,2022.35
7220,2423,30,5,492.76,2463.8
7221,2423,57,5,205.71,1028.55
7222,2423,48,4,457.44,1829.76
7223,2423,2,5,373.36,1866.8
7224,2423,23,1,486.83,486.83
7225,2424,34,5,89.7,448.5
7226,2425,54,4,375.04,1500.16
7227,2426,61,1,63.73,63.73
7228,2426,24,2,48.61,97.22
7229,2426,49,5,439.42,2197.1
7230,2427,39,5,367.27,1836.35
7231,2428,12,1,230.11,230.11
7232,2428,21,5,405.49,2027.45
7233,2428,64,5,198.54,992.7
7234,2428,35,2,112.66,225.32
7235,2429,55,5,138.74,693.7
7236,2429,65,2,498.1,996.2
7237,2429,60,4,380.33,1521.32
7238,2429,75,4,139.06,556.24
7239,2429,7,3,24.6,73.8
7240,2430,76,3,383.36,1150.08
7241,2431,16,3,146.16,438.48
7242,2431,12,5,230.11,1150.55
7243,2432,15,3,352.09,1056.27
7244,2432,55,1,138.74,138.74
7245,2432,64,5,198.54,992.7
7246,2432,32,2,196.26,392.52
7247,2433,37,5,327.54,1637.7
7248,2433,72,2,153.82,307.64
7249,2433,43,4,345.46,1381.84
7250,2433,46,1,404.47,404.47
7251,2434,75,4,139.06,556.24
7252,2434,24,3,48.61,145.83
7253,2434,6,5,299.34,1496.7
7254,2434,54,3,375.04,1125.12
7255,2435,49,4,439.42,1757.68
7256,2435,70,2,377.93,755.86
7257,2435,34,5,89.7,448.5
7258,2435,55,1,138.74,138.74
7259,2435,35,4,112.66,450.64
7260,2436,40,2,236.51,473.02
7261,2436,9,4,23.0,92.0
7262,2436,2,2,373.36,746.72
7263,2436,72,3,153.82,461.46
7264,2436,14,4,381.82,1527.28
7265,2437,21,3,405.49,1216.47
7266,2437,75,2,139.06,278.12
7267,2438,36,5,353.89,1769.45
7268,2438,70,2,377.93,755.86
7269,2438,1,5,323.32,1616.6
7270,2438,74,2,363.83,727.66
7271,2439,69,4,344.04,1376.16
7272,2439,69,5,344.04,1720.2
7273,2439,30,5,492.76,2463.8
7274,2440,56,2,219.93,439.86
7275,2441,51,4,203.86,815.44
7276,2441,20,5,178.54,892.7
7277,2441,57,5,205.71,1028.55
7278,2442,9,4,23.0,92.0
7279,2442,3,5,119.37,596.85
7280,2442,9,1,23.0,23.0
7281,2442,39,1,367.27,367.27
7282,2442,28,1,44.08,44.08
7283,2443,32,3,196.26,588.78
7284,2443,77,2,457.19,914.38
7285,2443,27,4,292.9,1171.6
7286,2443,14,2,381.82,763.64
7287,2443,28,4,44.08,176.32
7288,2444,1,3,323.32,969.96
7289,2444,24,2,48.61,97.22
7290,2444,6,3,299.34,898.02
7291,2444,42,5,347.2,1736.0
7292,2445,13,4,406.62,1626.48
7293,2445,43,1,345.46,345.46
7294,2445,22,3,235.12,705.36
7295,2445,36,3,353.89,1061.67
7296,2445,64,2,198.54,397.08
7297,2446,16,5,146.16,730.8
7298,2446,13,4,406.62,1626.48
7299,2446,41,1,494.87,494.87
7300,2447,38,3,321.14,963.42
7301,2447,4,5,60.22,301.1
7302,2448,52,1,325.0,325.0
7303,2448,61,4,63.73,254.92
7304,2448,9,5,23.0,115.0
7305,2448,17,3,479.03,1437.09
7306,2449,69,5,344.04,1720.2
7307,2449,70,1,377.93,377.93
7308,2449,70,5,377.93,1889.65
7309,2449,1,4,323.32,1293.28
7310,2449,60,5,380.33,1901.65
7311,2450,13,3,406.62,1219.86
7312,2450,11,4,277.02,1108.08
7313,2451,53,5,139.79,698.95
7314,2451,14,2,381.82,763.64
7315,2451,42,5,347.2,1736.0
7316,2452,51,4,203.86,815.44
7317,2452,34,5,89.7,448.5
7318,2453,79,5,323.09,1615.45
7319,2453,80,2,107.47,214.94
7320,2453,75,4,139.06,556.24
7321,2453,80,5,107.47,537.35
7322,2454,40,5,236.51,1182.55
7323,2454,49,5,439.42,2197.1
7324,2454,40,1,236.51,236.51
7325,2454,42,3,347.2,1041.6
7326,2455,34,3,89.7,269.1
7327,2455,7,1,24.6,24.6
7328,2455,16,5,146.16,730.8
7329,2455,18,5,60.08,300.4
7330,2455,24,1,48.61,48.61
7331,2456,47,2,141.19,282.38
7332,2456,49,1,439.42,439.42
7333,2456,45,1,122.23,122.23
7334,2456,10,4,360.85,1443.4
7335,2457,55,1,138.74,138.74
7336,2458,77,5,457.19,2285.95
7337,2458,72,4,153.82,615.28
7338,2459,54,3,375.04,1125.12
7339,2459,32,4,196.26,785.04
7340,2460,13,5,406.62,2033.1
7341,2460,75,3,139.06,417.18
7342,2461,48,5,457.44,2287.2
7343,2461,8,4,124.0,496.0
7344,2461,63,1,216.86,216.86
7345,2462,4,5,60.22,301.1
7346,2463,39,2,367.27,734.54
7347,2463,39,5,367.27,1836.35
7348,2463,75,3,139.06,417.18
7349,2463,23,1,486.83,486.83
7350,2463,38,4,321.14,1284.56
7351,2464,36,5,353.89,1769.45
7352,2464,79,4,323.09,1292.36
7353,2464,56,4,219.93,879.72
7354,2464,53,1,139.79,139.79
7355,2465,56,3,219.93,659.79
7356,2465,21,1,405.49,405.49
7357,2465,40,3,236.51,709.53
7358,2466,47,4,141.19,564.76
7359,2466,57,3,205.71,617.13
7360,2466,69,1,344.04,344.04
7361,2466,74,4,363.83,1455.32
7362,2467,41,2,494.87,989.74
7363,2467,25,5,416.41,2082.05
7364,2467,78,1,316.4,316.4
7365,2468,17,2,479.03,958.06
7366,2468,48,3,457.44,1372.32
7367,2468,52,4,325.0,1300.0
7368,2468,17,2,479.03,958.06
7369,2469,44,3,386.47,1159.41
7370,2469,7,1,24.6,24.6
7371,2469,51,3,203.86,611.58
7372,2469,78,5,316.4,1582.0
7373,2470,30,1,492.76,492.76
7374,2470,2,4,373.36,1493.44
7375,2470,21,2,405.49,810.98
7376,2471,23,2,486.83,973.66
7377,2472,24,4,48.61,194.44
7378,2472,55,4,138.74,554.96
7379,2472,61,3,63.73,191.19
7380,2473,18,3,60.08,180.24
7381,2473,79,1,323.09,323.09
7382,2473,50,1,114.19,114.19
7383,2473,14,1,381.82,381.82
7384,2474,36,1,353.89,353.89
7385,2474,12,3,230.11,690.33
7386,2475,33,5,321.49,1607.45
7387,2475,67,4,431.78,1727.12
7388,2475,8,1,124.0,124.0
7389,2475,69,1,344.04,344.04
7390,2475,14,4,381.82,1527.28
7391,2476,67,4,431.78,1727.12
7392,2476,62,4,88.39,353.56
7393,2476,72,2,153.82,307.64
7394,2476,26,1,443.87,443.87
7395,2476,23,5,486.83,2434.15
7396,2477,46,4,404.47,1617.88
7397,2477,2,3,373.36,1120.08
7398,2477,58,2,498.69,997.38
7399,2477,53,3,139.79,419.37
7400,2477,22,4,235.12,940.48
7401,2478,19,1,57.39,57.39
7402,2479,7,2,24.6,49.2
7403,2479,68,3,343.34,1030.02
7404,2480,62,3,88.39,265.17
7405,2480,30,4,492.76,1971.04
7406,2481,76,4,383.36,1533.44
7407,2481,69,1,344.04,344.04
7408,2481,60,5,380.33,1901.65
7409,2482,22,3,235.12,705.36
7410,2482,34,5,89.7,448.5
7411,2482,23,3,486.83,1460.49
7412,2483,16,5,146.16,730.8
7413,2483,30,5,492.76,2463.8
7414,2484,33,3,321.49,964.47
7415,2484,35,1,112.66,112.66
7416,2484,5,4,447.17,1788.68
7417,2485,40,3,236.51,709.53
7418,2485,37,4,327.54,1310.16
7419,2485,44,2,386.47,772.94
7420,2486,10,1,360.85,360.85
7421,2486,18,2,60.08,120.16
7422,2487,58,3,498.69,1496.07
7423,2487,69,5,344.04,1720.2
7424,2488,80,1,107.47,107.47
7425,2488,58,4,498.69,1994.76
7426,2488,51,2,203.86,407.72
7427,2488,32,3,196.26,588.78
7428,2489,63,2,216.86,433.72
7429,2489,4,2,60.22,120.44
7430,2490,69,4,344.04,1376.16
7431,2490,22,1,235.12,235.12
7432,2490,61,3,63.73,191.19
7433,2490,2,5,373.36,1866.8
7434,2490,8,1,124.0,124.0
7435,2491,50,2,114.19,228.38
7436,2491,6,3,299.34,898.02
7437,2491,43,2,345.46,690.92
7438,2491,5,4,447.17,1788.68
7439,2491,78,2,316.4,632.8
7440,2492,70,5,377.93,1889.65
7441,2492,19,3,57.39,172.17
7442,2492,80,2,107.47,214.94
7443,2493,30,3,492.76,1478.28
7444,2493,2,1,373.36,373.36
7445,2493,14,5,381.82,1909.1
7446,2494,51,4,203.86,815.44
7447,2495,65,3,498.1,1494.3
7448,2495,66,1,133.19,133.19
7449,2495,55,3,138.74,416.22
7450,2495,23,3,486.83,1460.49
7451,2496,33,3,321.49,964.47
7452,2496,34,3,89.7,269.1
7453,2496,55,1,138.74,138.74
7454,2497,27,5,292.9,1464.5
7455,2497,47,1,141.19,141.19
7456,2497,61,5,63.73,318.65
7457,2497,80,2,107.47,214.94
7458,2497,58,5,498.69,2493.45
7459,2498,2,3,373.36,1120.08
7460,2499,77,1,457.19,457.19
7461,2499,19,5,57.39,286.95
7462,2500,65,5,498.1,2490.5
7463,2500,33,5,321.49,1607.45
7464,2500,50,5,114.19,570.95
7465,2500,73,5,232.32,1161.6
7466,2501,76,5,383.36,1916.8
7467,2501,66,2,133.19,266.38
7468,2501,77,1,457.19,457.19
7469,2501,40,3,236.51,709.53
7470,2502,75,2,139.06,278.12
7471,2502,62,1,88.39,88.39
7472,2502,36,4,353.89,1415.56
7473,2502,18,3,60.08,180.24
7474,2503,30,1,492.76,492.76
7475,2503,12,5,230.11,1150.55
7476,2503,70,4,377.93,1511.72
7477,2503,33,2,321.49,642.98
7478,2504,17,2,479.03,958.06
7479,2504,72,2,153.82,307.64
7480,2504,76,4,383.36,1533.44
7481,2505,67,2,431.78,863.56
7482,2505,31,5,124.07,620.35
7483,2506,20,1,178.54,178.54
7484,2507,64,1,198.54,198.54
7485,2507,51,2,203.86,407.72
7486,2507,73,2,232.32,464.64
7487,2507,23,5,486.83,2434.15
7488,2507,66,1,133.19,133.19
7489,2508,72,2,153.82,307.64
7490,2508,22,2,235.12,470.24
7491,2508,16,1,146.16,146.16
7492,2508,15,1,352.09,352.09
7493,2508,24,2,48.61,97.22
7494,2509,1,1,323.32,323.32
7495,2509,9,5,23.0,115.0
7496,2510,60,4,380.33,1521.32
7497,2510,49,1,439.42,439.42
7498,2510,6,1,299.34,299.34
7499,2510,66,5,133.19,665.95
7500,2511,62,4,88.39,353.56
7501,2511,16,1,146.16,146.16
7502,2511,71,1,324.07,324.07
7503,2511,38,2,321.14,642.28
7504,2511,48,4,457.44,1829.76
7505,2512,37,1,327.54,327.54
7506,2513,71,3,324.07,972.21
7507,2513,41,2,494.87,989.74
7508,2514,76,5,383.36,1916.8
7509,2515,62,3,88.39,265.17
7510,2516,71,2,324.07,648.14
7511,2516,25,3,416.41,1249.23
7512,2516,40,4,236.51,946.04
7513,2516,76,3,383.36,1150.08
7514,2517,5,1,447.17,447.17
7515,2518,3,4,119.37,477.48
7516,2518,52,2,325.0,650.0
7517,2519,48,3,457.44,1372.32
7518,2520,76,4,383.36,1533.44
7519,2520,57,1,205.71,205.71
7520,2520,43,1,345.46,345.46
7521,2521,56,4,219.93,879.72
7522,2522,55,3,138.74,416.22
7523,2522,12,1,230.11,230.11
7524,2522,2,4,373.36,1493.44
7525,2522,48,3,457.44,1372.32
7526,2523,12,2,230.11,460.22
7527,2524,1,4,323.32,1293.28
7528,2524,70,3,377.93,1133.79
7529,2524,13,4,406.62,1626.48
7530,2525,76,3,383.36,1150.08
7531,2525,80,4,107.47,429.88
7532,2525,6,5,299.34,1496.7
7533,2525,79,1,323.09,323.09
7534,2525,48,5,457.44,2287.2
7535,2526,56,4,219.93,879.72
7536,2526,71,2,324.07,648.14
7537,2527,71,2,324.07,648.14
7538,2527,49,5,439.42,2197.1
7539,2527,73,5,232.32,1161.6
7540,2528,52,2,325.0,650.0
7541,2528,50,5,114.19,570.95
7542,2528,59,1,259.67,259.67
7543,2528,68,2,343.34,686.68
7544,2528,70,4,377.93,1511.72
7545,2529,72,5,153.82,769.1
7546,2529,73,1,232.32,232.32
7547,2529,61,5,63.73,318.65
7548,2529,63,5,216.86,1084.3
7549,2529,10,3,360.85,1082.55
7550,2530,48,5,457.44,2287.2
7551,2531,24,3,48.61,145.83
7552,2531,59,1,259.67,259.67
7553,2531,73,4,232.32,929.28
7554,2531,49,1,439.42,439.42
7555,2532,31,2,124.07,248.14
7556,2532,3,1,119.37,119.37
7557,2532,17,4,479.03,1916.12
7558,2532,46,4,404.47,1617.88
7559,2532,67,5,431.78,2158.9
7560,2533,24,4,48.61,194.44
7561,2533,2,3,373.36,1120.08
7562,2533,11,5,277.02,1385.1
7563,2533,1,5,323.32,1616.6
7564,2533,48,2,457.44,914.88
7565,2534,60,3,380.33,1140.99
7566,2535,66,3,133.19,399.57
7567,2535,16,4,146.16,584.64
7568,2535,63,4,216.86,867.44
7569,2536,12,2,230.11,460.22
7570,2536,63,3,216.86,650.58
7571,2536,50,5,114.19,570.95
7572,2537,10,1,360.85,360.85
7573,2537,70,5,377.93,1889.65
7574,2538,36,1,353.89,353.89
7575,2538,78,5,316.4,1582.0
7576,2539,18,4,60.08,240.32
7577,2539,35,2,112.66,225.32
7578,2539,21,2,405.49,810.98
7579,2539,78,4,316.4,1265.6
7580,2540,66,5,133.19,665.95
7581,2540,10,4,360.85,1443.4
7582,2540,7,3,24.6,73.8
7583,2541,35,2,112.66,225.32
7584,2541,14,5,381.82,1909.1
7585,2541,45,3,122.23,366.69
7586,2542,63,1,216.86,216.86
7587,2542,41,4,494.87,1979.48
7588,2542,65,2,498.1,996.2
7589,2543,74,2,363.83,727.66
7590,2544,47,4,141.19,564.76
7591,2544,1,5,323.32,1616.6
7592,2545,7,1,24.6,24.6
7593,2546,29,3,121.67,365.01
7594,2546,53,3,139.79,419.37
7595,2546,7,4,24.6,98.4
7596,2546,22,2,235.12,470.24
7597,2547,36,4,353.89,1415.56
7598,2547,23,5,486.83,2434.15
7599,2548,72,5,153.82,769.1
7600,2548,42,3,347.2,1041.6
7601,2549,8,1,124.0,124.0
7602,2550,67,5,431.78,2158.9
7603,2550,24,2,48.61,97.22
7604,2550,34,4,89.7,358.8
7605,2550,31,1,124.07,124.07
7606,2551,54,1,375.04,375.04
7607,2551,50,5,114.19,570.95
7608,2552,1,4,323.32,1293.28
7609,2552,9,1,23.0,23.0
7610,2552,45,5,122.23,611.15
7611,2553,12,1,230.11,230.11
7612,2554,48,1,457.44,457.44
7613,2554,79,2,323.09,646.18
7614,2554,60,1,380.33,380.33
7615,2554,12,3,230.11,690.33
7616,2554,24,4,48.61,194.44
7617,2555,6,3,299.34,898.02
7618,2556,57,1,205.71,205.71
7619,2556,73,2,232.32,464.64
7620,2557,6,1,299.34,299.34
7621,2557,60,1,380.33,380.33
7622,2558,76,3,383.36,1150.08
7623,2558,2,1,373.36,373.36
7624,2558,62,3,88.39,265.17
7625,2558,12,5,230.11,1150.55
7626,2559,40,5,236.51,1182.55
7627,2559,42,3,347.2,1041.6
7628,2559,30,2,492.76,985.52
7629,2559,73,5,232.32,1161.6
7630,2559,60,4,380.33,1521.32
7631,2560,72,5,153.82,769.1
7632,2560,28,4,44.08,176.32
7633,2560,45,2,122.23,244.46
7634,2560,77,3,457.19,1371.57
7635,2560,36,4,353.89,1415.56
7636,2561,53,1,139.79,139.79
7637,2562,66,2,133.19,266.38
7638,2562,61,2,63.73,127.46
7639,2562,40,5,236.51,1182.55
7640,2562,11,2,277.02,554.04
7641,2562,10,1,360.85,360.85
7642,2563,43,1,345.46,345.46
7643,2563,20,3,178.54,535.62
7644,2563,72,5,153.82,769.1
7645,2564,29,2,121.67,243.34
7646,2564,9,4,23.0,92.0
7647,2564,38,2,321.14,642.28
7648,2564,47,4,141.19,564.76
7649,2565,68,2,343.34,686.68
7650,2565,44,2,386.47,772.94
7651,2565,54,5,375.04,1875.2
7652,2566,52,3,325.0,975.0
7653,2567,56,1,219.93,219.93
7654,2567,55,4,138.74,554.96
7655,2567,25,5,416.41,2082.05
7656,2567,71,2,324.07,648.14
7657,2567,33,3,321.49,964.47
7658,2568,65,2,498.1,996.2
7659,2568,71,3,324.07,972.21
7660,2568,23,3,486.83,1460.49
7661,2568,30,4,492.76,1971.04
7662,2568,39,4,367.27,1469.08
7663,2569,70,1,377.93,377.93
7664,2569,43,3,345.46,1036.38
7665,2570,58,4,498.69,1994.76
7666,2571,7,4,24.6,98.4
7667,2571,47,4,141.19,564.76
7668,2571,80,3,107.47,322.41
7669,2572,11,3,277.02,831.06
7670,2572,51,2,203.86,407.72
7671,2572,27,5,292.9,1464.5
7672,2573,2,5,373.36,1866.8
7673,2573,5,5,447.17,2235.85
7674,2574,42,1,347.2,347.2
7675,2574,6,4,299.34,1197.36
7676,2574,40,1,236.51,236.51
7677,2575,14,2,381.82,763.64
7678,2575,13,1,406.62,406.62
7679,2575,13,4,406.62,1626.48
7680,2575,65,4,498.1,1992.4
7681,2575,13,5,406.62,2033.1
7682,2576,19,3,57.39,172.17
7683,2577,57,4,205.71,822.84
7684,2577,7,2,24.6,49.2
7685,2577,22,1,235.12,235.12
7686,2578,80,3,107.47,322.41
7687,2578,30,3,492.76,1478.28
7688,2578,35,1,112.66,112.66
7689,2578,23,1,486.83,486.83
7690,2579,18,2,60.08,120.16
7691,2580,41,5,494.87,2474.35
7692,2580,46,1,404.47,404.47
7693,2580,2,2,373.36,746.72
7694,2580,54,1,375.04,375.04
7695,2581,41,1,494.87,494.87
7696,2582,28,2,44.08,88.16
7697,2582,45,5,122.23,611.15
7698,2582,34,4,89.7,358.8
7699,2583,44,1,386.47,386.47
7700,2583,57,3,205.71,617.13
7701,2583,6,4,299.34,1197.36
7702,2583,13,4,406.62,1626.48
7703,2583,25,2,416.41,832.82
7704,2584,77,5,457.19,2285.95
7705,2584,7,3,24.6,73.8
7706,2584,76,3,383.36,1150.08
7707,2584,4,2,60.22,120.44
7708,2585,7,1,24.6,24.6
7709,2586,37,5,327.54,1637.7
7710,2586,28,3,44.08,132.24
7711,2586,2,2,373.36,746.72
7712,2586,75,1,139.06,139.06
7713,2587,36,3,353.89,1061.67
7714,2588,5,2,447.17,894.34
7715,2588,55,1,138.74,138.74
7716,2589,79,3,323.09,969.27
7717,2589,9,1,23.0,23.0
7718,2589,70,3,377.93,1133.79
7719,2589,79,1,323.09,323.09
7720,2589,29,3,121.67,365.01
7721,2590,79,2,323.09,646.18
7722,2590,70,3,377.93,1133.79
7723,2590,45,2,122.23,244.46
7724,2590,48,5,457.44,2287.2
7725,2590,44,2,386.47,772.94
7726,2591,47,4,141.19,564.76
7727,2592,5,1,447.17,447.17
7728,2593,63,5,216.86,1084.3
7729,2593,74,1,363.83,363.83
7730,2593,3,4,119.37,477.48
7731,2593,74,4,363.83,1455.32
7732,2594,8,1,124.0,124.0
7733,2594,70,4,377.93,1511.72
7734,2594,57,4,205.71,822.84
7735,2594,34,1,89.7,89.7
7736,2594,31,4,124.07,496.28
7737,2595,35,2,112.66,225.32
7738,2595,28,2,44.08,88.16
7739,2595,73,3,232.32,696.96
7740,2595,40,5,236.51,1182.55
7741,2595,48,2,457.44,914.88
7742,2596,1,4,323.32,1293.28
7743,2597,59,4,259.67,1038.68
7744,2597,21,3,405.49,1216.47
7745,2597,42,1,347.2,347.2
7746,2597,28,2,44.08,88.16
7747,2598,2,1,373.36,373.36
7748,2598,64,2,198.54,397.08
7749,2598,49,3,439.42,1318.26
7750,2599,17,4,479.03,1916.12
7751,2599,24,3,48.61,145.83
7752,2599,14,4,381.82,1527.28
7753,2600,33,2,321.49,642.98
7754,2600,75,1,139.06,139.06
7755,2600,24,5,48.61,243.05
7756,2600,20,2,178.54,357.08
7757,2600,29,3,121.67,365.01
7758,2601,13,1,406.62,406.62
7759,2601,2,1,373.36,373.36
7760,2601,74,1,363.83,363.83
7761,2602,6,3,299.34,898.02
7762,2602,32,1,196.26,196.26
7763,2602,70,5,377.93,1889.65
7764,2602,53,5,139.79,698.95
7765,2603,32,1,196.26,196.26
7766,2603,20,1,178.54,178.54
7767,2603,12,4,230.11,920.44
7768,2604,57,2,205.71,411.42
7769,2604,18,5,60.08,300.4
7770,2604,1,3,323.32,969.96
7771,2604,43,4,345.46,1381.84
7772,2605,73,5,232.32,1161.6
7773,2605,70,4,377.93,1511.72
7774,2605,42,5,347.2,1736.0
7775,2606,12,2,230.11,460.22
7776,2606,76,5,383.36,1916.8
7777,2607,40,2,236.51,473.02
7778,2607,51,1,203.86,203.86
7779,2607,30,2,492.76,985.52
7780,2607,54,2,375.04,750.08
7781,2608,19,4,57.39,229.56
7782,2609,46,5,404.47,2022.35
7783,2609,24,1,48.61,48.61
7784,2609,33,4,321.49,1285.96
7785,2610,4,5,60.22,301.1
7786,2610,17,1,479.03,479.03
7787,2610,57,1,205.71,205.71
7788,2610,12,3,230.11,690.33
7789,2611,29,5,121.67,608.35
7790,2611,1,2,323.32,646.64
7791,2612,56,2,219.93,439.86
7792,2612,13,5,406.62,2033.1
7793,2613,9,3,23.0,69.0
7794,2613,68,1,343.34,343.34
7795,2614,74,4,363.83,1455.32
7796,2614,1,3,323.32,969.96
7797,2614,73,1,232.32,232.32
7798,2614,56,1,219.93,219.93
7799,2614,15,5,352.09,1760.45
7800,2615,28,5,44.08,220.4
7801,2615,48,3,457.44,1372.32
7802,2615,71,5,324.07,1620.35
7803,2615,11,5,277.02,1385.1
7804,2616,73,4,232.32,929.28
7805,2616,61,2,63.73,127.46
7806,2616,13,4,406.62,1626.48
7807,2617,67,1,431.78,431.78
7808,2617,7,3,24.6,73.8
7809,2617,31,4,124.07,496.28
7810,2617,69,5,344.04,1720.2
7811,2617,28,1,44.08,44.08
7812,2618,49,5,439.42,2197.1
7813,2618,20,5,178.54,892.7
7814,2618,75,4,139.06,556.24
7815,2618,23,5,486.83,2434.15
7816,2618,36,3,353.89,1061.67
7817,2619,7,1,24.6,24.6
7818,2619,66,2,133.19,266.38
7819,2619,22,4,235.12,940.48
7820,2620,1,1,323.32,323.32
7821,2620,23,5,486.83,2434.15
7822,2621,79,3,323.09,969.27
7823,2621,69,2,344.04,688.08
